date,prev_close,sig,entry,exit,r1,sym,absr,dir,side,px_in,px_out,qty,gross,costs,net,raw_bps
2021-09-24,1328.3,1368.9,1366.95,1357.1,0.030565384325830003,HCLTECH,0.030565384325830003,1,L,1367.6334749999999,1356.42145,2,-22.424049999999625,2.8862628478261,-25.310312847825724,-72.05823182998783
2021-09-24,337.15,346.7,341.1,338.35,0.028325671066290914,WIPRO,0.028325671066290914,1,L,341.27055,338.180825,9,-27.807524999999885,3.2393062350967505,-31.046831235096636,-80.62151861624179
2021-09-27,410.45,425.4,418.3,420.9,0.036423437690339844,DLF,0.036423437690339844,1,L,418.50915,420.68955,7,15.26280000000014,3.1164336973433997,12.146366302656741,62.15634711929097
2021-09-28,167.05,173.15,175.2,174.5,0.03651601316970954,COALINDIA,0.03651601316970954,1,L,175.28759999999997,174.41275000000002,19,-16.622149999999095,3.5211557013028996,-20.143305701301994,-39.954337899542615
2021-09-28,132.0,136.425,138.03750000000002,137.925,0.033522727272727426,POWERGRID,0.033522727272727426,1,L,138.10651875000002,137.8560375,24,-6.01155000000017,3.5110792659051,-9.52262926590527,-8.149959250204342
2021-09-28,1038.7,1093.0,1050.0,1055.4,0.05227688456724744,GODREJCP,0.05227688456724744,1,L,1050.5249999999999,1054.8723000000002,3,13.041900000001078,3.3504437753694,9.691456224631679,51.42857142857338
2021-09-29,1537.15,1454.4,1457.7,1453.25,-0.05383339296750478,HDFCAMC,0.05383339296750478,-1,S,1456.97115,1453.976625,2,5.989050000000134,3.0875791853942998,2.901470814605834,30.52754339027297
2021-09-29,369.7,349.6,355.4,355.0,-0.05436840681633748,MAXHEALTH,0.05436840681633748,-1,S,355.2223,355.17749999999995,9,0.4032000000005951,3.3900963511931996,-2.9868963511926045,11.254924029262536
2021-09-29,174.55,178.75,187.1,185.75,0.024061873388713684,COALINDIA,0.024061873388713684,1,L,187.19355,185.657125,17,-26.11922499999966,3.3579439592933498,-29.47716895929301,-72.15392838054501
2021-09-30,669.6,685.5,673.05,676.6,0.023745519713261665,HAL,0.023745519713261665,1,L,673.3865249999999,676.2617,4,11.500700000000506,2.8637393959954,8.636960604005107,52.74496694153585
2021-09-30,827.15,855.25,853.6,852.7,0.033972072780027895,UNITDSPR,0.033972072780027895,1,L,854.0268,852.2736500000001,3,-5.259449999999674,2.7135960477051,-7.973046047704774,-10.543580131209263
2021-09-30,2024.0,2133.0,2161.5,2117.0,0.05385375494071143,SOLARINDS,0.05385375494071143,1,L,2162.58075,2115.9415,1,-46.639250000000175,2.2634534210284993,-48.902703421028676,-205.87554938700015
2021-10-01,105.95,108.8,109.65,108.75,0.026899480887210947,GAIL,0.026899480887210947,1,L,109.704825,108.695625,30,-30.275999999999783,3.470717550051,-33.74671755005078,-82.07934336525335
2021-10-01,683.9,716.55,700.95,696.7,0.0477408977920748,TRENT,0.0477408977920748,1,L,701.300475,696.3516500000001,4,-19.79529999999977,2.962108499521,-22.75740849952077,-60.631999429345825
2021-10-01,136.6,139.95,137.9,138.0,0.02452415812591502,ETERNAL,0.02452415812591502,1,L,137.96895,137.931,24,-0.910799999999881,3.5108436573287998,-4.421643657328681,7.2516316171133965
2021-10-04,2166.9,2296.6,2410.3,2419.3,0.059855092528496856,SOLARINDS,0.059855092528496856,1,L,2411.50515,2418.0903500000004,1,6.585200000000441,2.561501475583,4.023698524417441,37.33975023855862
2021-10-05,147.6,155.4,161.65,163.95,0.052845528455284674,ONGC,0.052845528455284674,1,L,161.730825,163.868025,20,42.74399999999957,3.457521356802,39.286478643197576,142.2827095576862
2021-10-05,168.6,174.7,179.6,179.4,0.036180308422301355,TATAPOWER,0.036180308422301355,1,L,179.6898,179.3103,18,-6.830999999999619,3.4255699564068003,-10.25656995640642,-11.135857461024301
2021-10-05,1176.1,1218.0,1210.95,1224.0,0.035626222260011886,ADANIGREEN,0.035626222260011886,1,L,1211.555475,1223.3880000000001,2,23.66505000000052,2.5847438334507,21.080306166549818,107.76662950575889
2021-10-06,558.75,571.0,560.35,560.2,0.021923937360178947,CHOLAFIN,0.021923937360178947,1,L,560.630175,559.9199000000001,5,-3.5513749999995525,2.97033326908475,-6.521708269084303,-2.676898367091063
2021-10-06,163.65,169.75,168.55,168.1,0.03727467155514819,ONGC,0.03727467155514819,1,L,168.634275,168.01595,19,-11.748174999999975,3.39022104256615,-15.138396042566125,-26.69830910709048
2021-10-07,2147.65,2305.0,2368.05,2380.0,0.07326612809349742,TITAN,0.07326612809349742,1,L,2369.234025,2378.81,1,9.575974999999744,2.5185897484496493,7.0573852515500946,50.46346149785607
2021-10-07,336.05,363.95,373.5,377.0,0.08302335961910412,TMPV,0.08302335961910412,1,L,373.68674999999996,376.8115,8,24.998000000000502,3.186219260836,21.8117807391645,93.70816599732157
2021-10-07,149.15,157.3,157.55,157.35,0.05464297686892383,MOTHERSON,0.05464297686892383,1,L,157.628775,157.271325,21,-7.506450000000001,3.5055069193745996,-11.011956919374601,-12.694382735640719
2021-10-08,561.525,587.95,581.0,584.35,0.04705934731312067,LODHA,0.04705934731312067,1,L,581.2905,584.0578250000001,5,13.836625000000708,3.09101193360725,10.745613066393458,57.659208261617856
2021-10-08,157.35,162.85,158.6,158.05,0.03495392437241818,MOTHERSON,0.03495392437241818,1,L,158.67929999999998,157.970975,21,-14.874824999999447,3.5241841522051494,-18.399009152204595,-34.67843631777989
2021-10-08,196.15,208.6,204.2,203.3,0.06347183278103485,INDHOTEL,0.06347183278103485,1,L,204.30209999999997,203.19835000000003,16,-17.659999999998945,3.4551347376271995,-21.115134737626143,-44.07443682663992
2021-10-11,382.95,409.85,414.9,415.55,0.07024415720067911,TMPV,0.07024415720067911,1,L,415.10745,415.34222500000004,8,1.878200000000561,3.5228146770124,-1.6446146770118388,15.66642564473364
2021-10-11,2413.45,2614.75,2503.3,2499.0,0.08340757007603239,SOLARINDS,0.08340757007603239,1,L,2504.55165,2497.7505,1,-6.8011499999997795,2.6516025332858995,-9.452752533285679,-17.177325929773613
2021-10-12,1302.9,1269.25,1243.15,1250.95,-0.02582700130478166,HCLTECH,0.02582700130478166,-1,S,1242.5284250000002,1251.5754749999999,2,-18.094099999999344,2.6428871179628,-20.736987117962144,-62.74383622249857
2021-10-12,206.8,215.2,214.35,213.8,0.04061895551257244,INDHOTEL,0.04061895551257244,1,L,214.45717499999998,213.69310000000002,15,-11.461124999999441,3.40398539193225,-14.86511039193169,-25.658968975973416
2021-10-13,420.85,483.95,508.6,509.6,0.14993465605322553,TMPV,0.14993465605322553,1,L,508.85429999999997,509.34520000000003,6,2.9454000000004044,3.239579082522,-0.2941790825215955,19.661816751868066
2021-10-13,163.45,169.45,168.85,169.5,0.03670847353930862,MOTHERSON,0.03670847353930862,1,L,168.93442499999998,169.41525000000001,19,9.135675000000731,3.4096390250044495,5.7260359749962815,38.49570624814946
2021-10-13,195.8,215.35,224.0,224.4,0.09984678243105205,TATAPOWER,0.09984678243105205,1,L,224.112,224.2878,14,2.461200000000133,3.3288159849672003,-0.8676159849670673,17.857142857142794
2021-10-14,21.35,22.25,22.4,22.4,0.042154566744730504,ADANIPOWER,0.042154566744730504,1,L,22.411199999999997,22.3888,148,-3.315199999999635,3.5152457983999996,-6.8304457983996345,0.0
2021-10-14,336.3,351.9,356.25,353.0,0.04638715432649421,WIPRO,0.04638715432649421,1,L,356.42812499999997,352.8235,9,-32.441624999999476,3.3810042903052495,-35.822629290304725,-91.22807017543866
2021-10-14,332.85,348.0,349.95,346.45,0.045515998197386054,HINDZINC,0.045515998197386054,1,L,350.12497499999995,346.276775,9,-34.63379999999967,3.3194431106595,-37.953243110659166,-100.01428775539334
2021-10-18,222.6,244.85,254.35,256.3,0.09995507637017065,TATAPOWER,0.09995507637017065,1,L,254.477175,256.17185,13,22.030775000000233,3.52229545433545,18.508479545664784,76.66601140161156
2021-10-18,22.4,24.65,24.65,24.65,0.1004464285714286,ADANIPOWER,0.1004464285714286,1,L,24.662324999999996,24.637675,135,-3.327749999999199,3.528553090499999,-6.856303090499198,0.0
2021-10-18,346.7,388.0,388.05,387.0,0.11912316123449673,HINDZINC,0.11912316123449673,1,L,388.24402499999997,386.8065,8,-11.500199999999495,3.2863504953492,-14.786550495348695,-27.058368766911258
2021-10-19,2697.35,2792.25,2725.0,2719.85,0.03518267929634655,SOLARINDS,0.03518267929634655,1,L,2726.3624999999997,2718.490075,1,-7.872424999999566,2.88613643468195,-10.758561434681516,-18.899082568807344
2021-10-19,24.65,27.1,26.15,25.05,0.09939148073022319,ADANIPOWER,0.09939148073022319,1,L,26.163074999999996,25.037475,127,-142.95119999999937,3.432053946686099,-146.38325394668547,-420.6500956022941
2021-10-20,533.75,518.1,513.9,512.5,-0.02932084309133487,HINDALCO,0.02932084309133487,-1,S,513.64305,512.75625,6,5.320799999999963,3.2659268594507997,2.054873140549163,27.24265421288119
2021-10-20,138.86,134.14,133.21,132.91,-0.03399107014258984,VEDL,0.03399107014258984,-1,S,133.14339500000003,132.976455,25,4.173500000000985,3.5280506746525004,0.6454493253484843,22.520831769387016
2021-10-20,214.85,222.5,217.95,218.2,0.035606236909471844,INDHOTEL,0.035606236909471844,1,L,218.05897499999998,218.0909,15,0.4788750000004427,3.46892273057625,-2.990047730575807,11.470520761642788
2021-10-21,47.7,49.45,50.65,50.5,0.0366876310272537,UNIONBANK,0.0366876310272537,1,L,50.675324999999994,50.47475,65,-13.037374999999578,3.4846718671017496,-16.522046867101327,-29.61500493583347
2021-10-21,130.55,134.9,131.1,131.6,0.03332056683263107,IOC,0.03332056683263107,1,L,131.16555,131.5342,25,9.21625000000006,3.4832697285875,5.7329802714125595,38.138825324181
2021-10-21,24.2,24.8,24.5,24.55,0.024793388429752206,ADANIPOWER,0.024793388429752206,1,L,24.512249999999998,24.537725000000002,135,3.439125000000498,3.51140052973725,-0.07227552973675211,20.408163265306367
2021-10-22,577.05,608.4,618.6,620.5,0.054328047829477644,TVSMOTOR,0.054328047829477644,1,L,618.9093,620.18975,5,6.402249999999867,3.2857169119265004,3.116533088073367,30.714516650500734
2021-10-22,513.575,533.1,529.325,528.65,0.03801781628778644,LODHA,0.03801781628778644,1,L,529.5896625,528.385675,6,-7.223925000000236,3.36500155605765,-10.588926556057885,-12.752089925850418
2021-10-22,2395.7,2474.2,2417.2,2410.8,0.0327670409483658,TITAN,0.0327670409483658,1,L,2418.4085999999998,2409.5946000000004,1,-8.813999999999396,2.5589632847232,-11.372963284722596,-26.476915439349604
2021-10-25,759.3,823.4,840.9,839.95,0.08441986039773486,ICICIBANK,0.08441986039773486,1,L,841.3204499999999,839.5300250000001,3,-5.3712749999994,2.67310103162205,-8.04437603162145,-11.297419431560707
2021-10-25,222.0,212.4,215.0,214.2,-0.043243243243243246,TATAPOWER,0.043243243243243246,-1,S,214.8925,214.30709999999996,15,8.781000000000745,3.414557716644,5.366442283356745,37.209302325581504
2021-10-25,598.4,573.35,577.95,577.45,-0.04186163101604268,CHOLAFIN,0.04186163101604268,-1,S,577.6610250000001,577.738725,5,-0.38849999999968077,3.0630722042175007,-3.4515722042171815,8.651267410675345
2021-10-26,483.525,522.55,532.6,529.5,0.08070937386898303,LODHA,0.08070937386898303,1,L,532.8663,529.2352500000001,6,-21.786299999999756,3.3765266457018,-25.162826645701557,-58.20503191888871
2021-10-26,213.6,227.05,224.35,224.85,0.06296816479400746,TATAPOWER,0.06296816479400746,1,L,224.46217499999997,224.737575,14,3.8556000000002655,3.3349075290089996,0.5206924709912659,22.28660574994379
2021-10-26,1524.1,1619.05,1573.2,1562.45,0.06229906174135569,TECHM,0.06229906174135569,1,L,1573.9866,1561.668775,2,-24.635649999999714,3.3225020922295,-27.958152092229213,-68.33206203915587
2021-10-27,2969.8,3126.0,3101.9,3096.2,0.052596134419826246,ASIANPAINT,0.052596134419826246,1,L,3103.45095,3094.6519,1,-8.79905000000008,3.2854273862440997,-12.08447738624418,-18.375834166156622
2021-10-27,38.65,40.05,40.25,40.1,0.036222509702457995,CANBK,0.036222509702457995,1,L,40.270125,40.079950000000004,82,-15.594349999999707,3.4917879285898996,-19.086137928589608,-37.26708074534124
2021-10-27,841.9,810.4,791.45,786.4,-0.03741536999643669,AXISBANK,0.03741536999643669,-1,S,791.0542750000001,786.7932,4,17.044300000000476,3.3483378941174,13.695962105883076,63.80693663529002
2021-10-28,1566.55,1486.35,1418.55,1398.95,-0.05119530177779197,ADANIENT,0.05119530177779197,-1,S,1417.840725,1399.649475,2,36.382500000000164,2.9918151925704,33.390684807429764,138.16925734024156
2021-10-28,46.3,42.15,41.65,41.35,-0.08963282937365014,PNB,0.08963282937365014,-1,S,41.629175000000004,41.370675,80,20.680000000000405,3.522969077288,17.157030922712405,72.02881152460927
2021-10-28,745.85,711.05,692.95,688.65,-0.046658175236307664,ADANIPORTS,0.046658175236307664,-1,S,692.6035250000001,688.9943249999999,4,14.436800000000858,2.9318244544564,11.504975545544458,62.05353921639456
2021-10-29,1997.95,1929.95,2181.1,2177.25,-0.03403488575790181,INDIGO,0.03403488575790181,-1,S,2180.00945,2178.338625,1,1.6708250000001499,2.3110932571649494,-0.6402682571647995,17.65164366604011
2021-10-29,135.6,132.05,131.95,131.65,-0.026179941002949736,ETERNAL,0.026179941002949736,-1,S,131.884025,131.715825,25,4.205000000000325,3.4946499016524997,0.7103500983478255,22.735884804848673
2021-10-29,66.05,63.9,69.1,68.05,-0.03255109765329289,BEL,0.03255109765329289,-1,S,69.06545,68.084025,48,47.108400000000074,3.4957523655047993,43.612647634495275,151.95369030390648
2021-11-01,614.75,571.1,593.05,590.0,-0.07100447336315574,CHOLAFIN,0.07100447336315574,-1,S,592.753475,590.295,5,12.292375000000106,3.1377674647767497,9.154607535223356,51.429053199560926
2021-11-01,532.1,559.0,571.95,577.4,0.050554407066340845,LODHA,0.050554407066340845,1,L,572.235975,577.1113,5,24.376624999999876,3.0497504699207494,21.326874530079127,95.28804965468929
2021-11-01,24.65,20.15,20.55,20.6,-0.1825557809330629,ADANIPOWER,0.1825557809330629,-1,S,20.539725,20.6103,162,-11.433149999999685,3.5333900847153,-14.966540084714985,-24.330900243310083
2021-11-02,408.85,422.7,428.35,429.9,0.03387550446373977,DLF,0.03387550446373977,1,L,428.564175,429.68505,7,7.846125000000086,3.1863254487739496,4.659799551226136,36.18536243725767
2021-11-02,222.95,230.75,229.1,229.2,0.03498542274052485,TATAPOWER,0.03498542274052485,1,L,229.21454999999997,229.0854,14,-1.8080999999997402,3.4018367990417993,-5.2099367990415395,4.364906154517012
2021-11-02,134.3,138.65,136.6,136.55,0.03239017125837673,NTPC,0.03239017125837673,1,L,136.6683,136.481725,24,-4.477799999999434,3.4754573257356,-7.953257325735033,-3.660322108344216
2021-11-03,1491.3,1540.5,1504.6,1515.75,0.0329913498290082,MUTHOOTFIN,0.0329913498290082,1,L,1505.3522999999998,1514.992125,2,19.2796500000004,3.2050510476801,16.0745989523203,74.10607470424102
2021-11-03,691.65,743.75,724.95,726.95,0.07532711631605582,TRENT,0.07532711631605582,1,L,725.312475,726.586525,4,5.096200000000408,3.079898978696,2.0163010213044084,27.58810952479429
2021-11-03,138.9,149.6,148.45,147.9,0.07703383729301638,MAZDOCK,0.07703383729301638,1,L,148.52422499999997,147.82605,22,-15.359849999999199,3.4552280765672996,-18.815078076566497,-37.04951162007308
2021-11-08,2515.6,2736.55,2702.3,2713.25,0.08783192876450951,EICHERMOT,0.08783192876450951,1,L,2703.65115,2711.893375,1,8.242224999999962,2.87236915606265,5.369855843937312,40.52103763460657
2021-11-08,48.2,51.7,52.95,53.25,0.07261410788381739,UNIONBANK,0.07261410788381739,1,L,52.976475,53.223375000000004,62,15.307800000000228,3.4928990012982,11.814900998702027,56.657223796032774
2021-11-09,70.1,72.75,72.6,72.9,0.03780313837375182,BEL,0.03780313837375182,1,L,72.63629999999999,72.86355,45,10.226250000000547,3.4727760434744996,6.753473956526047,41.322314049587746
2021-11-09,234.55,244.6,241.75,241.5,0.04284800682157308,TATAPOWER,0.04284800682157308,1,L,241.87087499999998,241.37925,13,-6.391124999999619,3.3303101263672503,-9.721435126366869,-10.341261633919352
2021-11-09,712.25,792.6,728.6,731.3,0.1128115128115128,TVSMOTOR,0.1128115128115128,1,L,728.9643,730.93435,4,7.880200000000059,3.0971717083795998,4.783028291620459,37.05737029920275
2021-11-10,25.85,25.05,24.95,24.8,-0.030947775628626717,IRFC,0.030947775628626717,-1,S,24.937525,24.8124,133,16.64162500000008,3.5101981752456504,13.13142682475443,60.120240480960874
2021-11-10,21.95,22.5,22.05,22.05,0.02505694760820054,ADANIPOWER,0.02505694760820054,1,L,22.061025,22.038975,151,-3.329550000000019,3.530461706099999,-6.860011706100018,0.0
2021-11-11,136.05,140.45,139.8,140.25,0.032341051084159966,ETERNAL,0.032341051084159966,1,L,139.8699,140.179875,23,7.129425000000197,3.41604669273045,3.7133783072697466,32.18884120171683
2021-11-11,139.45,135.0,132.85,133.35,-0.0319110792398708,IOC,0.0319110792398708,-1,S,132.783575,133.416675,25,-15.827499999999617,3.5269163189125,-19.354416318912115,-37.63643206623924
2021-11-12,950.65,927.0,923.0,919.6,-0.024877715247462184,GODREJCP,0.024877715247462184,-1,S,922.5385,920.0598,3,7.43610000000001,2.9317985496473997,4.50430145035261,36.83640303358548
2021-11-12,747.05,728.7,730.05,728.4,-0.024563282243490914,TVSMOTOR,0.024563282243490914,-1,S,729.684975,728.7642,4,3.683100000000195,3.0936358300541995,0.5894641699459955,22.60119169919861
2021-11-12,140.9,145.9,150.9,151.9,0.03548616039744501,ETERNAL,0.03548616039744501,1,L,150.97545,151.82405000000003,22,18.66920000000073,3.5342013011140003,15.134998698886728,66.26905235255221
2021-11-15,154.65,160.95,157.8,157.65,0.040737148399611955,ONGC,0.040737148399611955,1,L,157.87890000000002,157.571175,21,-6.462225000000103,3.51174561605595,-9.973970616056054,-9.50570342205359
2021-11-15,163.75,155.1,157.2,156.75,-0.05282442748091609,MOTHERSON,0.05282442748091609,-1,S,157.1214,156.828375,21,6.153525000000002,3.4964278891321494,2.6570971108678525,28.625954198472357
2021-11-16,642.3,657.6,709.3,710.0,0.023820644558617543,LODHA,0.023820644558617543,1,L,709.65465,709.6450000000001,4,-0.038599999999405554,3.0101940588835996,-3.048794058883005,9.868884816015555
2021-11-16,160.3,164.1,159.2,159.45,0.023705552089831494,ETERNAL,0.023705552089831494,1,L,159.2796,159.370275,20,1.81350000000009,3.379328457435,-1.5658284574349102,15.70351758793942
2021-11-16,156.95,162.45,166.6,166.55,0.03504300732717436,MOTHERSON,0.03504300732717436,1,L,166.68329999999997,166.46672500000003,19,-4.114924999999033,3.3557986562073494,-7.470723656206383,-3.0012004801915904
2021-11-17,519.05,532.1,532.7,530.85,0.025142086504190475,TMPV,0.025142086504190475,1,L,532.96635,530.5845750000001,6,-14.290649999999687,3.3819621450543007,-17.67261214505399,-34.72874037920071
2021-11-17,134.3,137.5,136.45,136.45,0.023827252419955203,NTPC,0.023827252419955203,1,L,136.51822499999997,136.381775,24,-3.2747999999992317,3.4724079815999995,-6.747207981599232,0.0
2021-11-18,2731.6,2822.0,2775.0,2774.85,0.033094157270464164,SOLARINDS,0.033094157270464164,1,L,2776.3875,2773.462575,1,-2.924924999999803,2.94235306411695,-5.8672780641167535,-0.5405405405412012
2021-11-18,126.56,122.58,115.52,115.52,-0.031447534766118834,VEDL,0.031447534766118834,-1,S,115.46224000000001,115.57775999999998,28,-3.2345599999993055,3.42973981952,-6.6642998195193055,-0.0
2021-11-18,714.4,682.625,683.7,690.075,-0.0444778835386338,LODHA,0.0444778835386338,-1,S,683.3581500000001,690.4200375,4,-28.247549999999592,2.9105444224814994,-31.158094422481092,-93.24265028521239
2021-11-22,714.35,753.9,740.3,741.25,0.05536501714845654,BHARTIARTL,0.05536501714845654,1,L,740.6701499999999,740.8793750000001,4,0.8369000000006963,3.1423163727706003,-2.305416372769904,12.832635418074112
2021-11-22,1118.65,1085.5,1067.85,1068.5,-0.029633933759442233,RELIANCE,0.029633933759442233,-1,S,1067.316075,1069.03425,3,-5.154524999999921,3.3976784645203497,-8.552203464520272,-6.086997237439995
2021-11-22,115.84,120.5,121.7,122.67,0.04022790055248615,VEDL,0.04022790055248615,1,L,121.76084999999999,122.608665,27,22.891005000000305,3.50093691298053,19.390068087019774,79.7041906327034
2021-11-23,122.88,131.07,131.28,133.79,0.066650390625,VEDL,0.066650390625,1,L,131.34564,133.723105,25,59.43662500000002,3.5201965384092495,55.91642846159077,191.19439366239942
2021-11-23,681.175,705.25,702.5,703.0,0.03534334055125332,HAL,0.03534334055125332,1,L,702.8512499999999,702.6485,4,-0.8109999999996944,2.980840831774,-3.7918408317736945,7.11743772241924
2021-11-23,43.85,46.1,46.8,46.9,0.05131128848346633,UNIONBANK,0.05131128848346633,1,L,46.82339999999999,46.87655,71,3.7736500000006643,3.5278477293977,0.24580227060296433,21.36752136752129
2021-11-24,236.95,243.8,240.45,238.25,0.028909052542730684,TATAPOWER,0.028909052542730684,1,L,240.57022499999997,238.130875,13,-31.711549999999505,3.2961687323317994,-35.007718732331305,-91.49511332917415
2021-11-24,132.7,128.94,129.56,129.18,-0.028334589299170987,VEDL,0.028334589299170987,-1,S,129.49522000000002,129.24459,25,6.265750000000736,3.4304535949265,2.835296405074236,29.330040135844282
2021-11-24,146.7,152.75,153.85,153.3,0.041240627130197716,ONGC,0.041240627130197716,1,L,153.92692499999998,153.22335,21,-14.775074999999418,3.4184150377051497,-18.193490037704567,-35.749106272342516
2021-11-25,2276.4,2177.2,2146.05,2140.1,-0.043577578632929326,SIEMENS,0.043577578632929326,-1,S,2144.9769750000005,2141.1700499999997,1,3.806925000000774,2.27304535422765,1.533879645773124,27.725355886397686
2021-11-25,695.55,711.025,709.925,705.05,0.022248580260225692,LODHA,0.022248580260225692,1,L,710.2799624999999,704.6974749999999,4,-22.329949999999826,2.9985750126035,-25.328525012603325,-68.66922562242527
2021-11-25,317.4,310.7,314.0,313.85,-0.021109010712035303,SHRIRAMFIN,0.021109010712035303,-1,S,313.843,314.006925,10,-1.639250000000061,3.3288432258305,-4.968093225830561,4.777070063693989
2021-11-26,205.55,194.4,185.55,182.35,-0.054244709316468076,INDHOTEL,0.054244709316468076,-1,S,185.45722500000002,182.441175,17,51.2728500000006,3.3218180631528,47.951031936847805,172.46025330099778
2021-11-26,2071.6,1935.0,1898.75,1893.7,-0.06593937053485222,INDIGO,0.06593937053485222,-1,S,1897.800625,1894.6468499999999,1,3.1537750000002234,2.01120117012935,1.1425738298708734,26.596445029624107
2021-11-26,407.25,391.6,382.35,377.3,-0.03842848373235108,DLF,0.03842848373235108,-1,S,382.15882500000004,377.48865,8,37.36140000000023,3.2263884906348004,34.13501150936543,132.07793906107045
2021-11-29,1372.55,1317.0,1343.45,1357.0,-0.04047211394849004,ADANIGREEN,0.04047211394849004,-1,S,1342.7782750000001,1357.6785,2,-29.800449999999728,2.8604267384622997,-32.66087673846203,-100.85972682273292
2021-11-29,227.35,221.2,218.8,218.4,-0.02705080272707283,TATAPOWER,0.02705080272707283,-1,S,218.69060000000002,218.5092,15,2.721000000000373,3.477519827322,-0.7565198273216267,18.281535648995153
2021-11-29,2729.6,2607.0,2575.0,2586.6,-0.044915005861664636,SOLARINDS,0.044915005861664636,-1,S,2573.7125,2587.8932999999997,1,-14.180799999999635,2.7352577089107997,-16.916057708910436,-45.04854368932109
2021-11-30,172.55,182.4,181.5,180.05,0.057084902926687775,INDHOTEL,0.057084902926687775,1,L,181.59074999999999,179.95997500000001,18,-29.353949999999486,3.4474357703493004,-32.80138577034879,-79.88980716253424
2021-11-30,702.9,746.55,736.4,714.5,0.06209987195902689,LODHA,0.06209987195902689,1,L,736.7682,714.1427500000001,4,-90.50179999999955,3.0672876394988005,-93.56908763949835,-297.3927213470939
2021-11-30,19.7,20.6,20.05,19.8,0.045685279187817285,ADANIPOWER,0.045685279187817285,1,L,20.060025,19.790100000000002,166,-44.807549999999516,3.5025801842895,-48.310130184289015,-124.68827930174564
2021-12-01,2767.45,2706.25,2891.0,2847.0,-0.02211422067246016,SOLARINDS,0.02211422067246016,-1,S,2889.5545,2848.4235,1,41.13100000000031,3.046949533028,38.084050466972315,152.19647180906293
2021-12-01,1426.2,1459.1,1456.65,1463.85,0.023068293366989012,MUTHOOTFIN,0.023068293366989012,1,L,1457.378325,1463.118075,2,11.479500000000371,3.0983089933728,8.38119100662757,49.42848316342064
2021-12-01,2370.45,2457.4,2441.0,2438.0,0.03668079900440846,EICHERMOT,0.03668079900440846,1,L,2442.2205,2436.781,1,-5.439499999999953,2.5863751043389995,-8.025875104338953,-12.290045063498845
2021-12-02,184.4,189.55,188.7,189.45,0.027928416485900165,BPCL,0.027928416485900165,1,L,188.79434999999998,189.355275,17,9.53572500000044,3.4096299018592493,6.126095098141191,39.745627980922734
2021-12-02,155.39999999999998,160.46249999999998,160.5,160.35000000000002,0.03257722007722008,POWERGRID,0.03257722007722008,1,L,160.58024999999998,160.26982500000003,20,-6.208499999999049,3.4017781023389997,-9.610278102338048,-9.345794392522366
2021-12-03,1341.6,1386.65,1373.8,1389.55,0.033579308288610665,ADANIGREEN,0.033579308288610665,1,L,1374.4868999999999,1388.855225,2,28.73665000000028,2.9335527146405003,25.803097285359783,114.64550880768698
2021-12-03,1789.2,1839.85,1807.95,1799.65,0.028308741336910304,LT,0.028308741336910304,1,L,1808.853975,1798.7501750000001,1,-10.103799999999865,1.9117341000379,-12.015534100037765,-45.908349235321836
2021-12-03,184.2,190.85,192.6,192.2,0.03610206297502727,INDHOTEL,0.03610206297502727,1,L,192.69629999999998,192.1039,17,-10.07079999999948,3.4674204163684004,-13.53822041636788,-20.768431983385625
2021-12-06,159.75,150.45,148.95,148.6,-0.05821596244131466,COALINDIA,0.05821596244131466,-1,S,148.875525,148.6743,22,4.426950000000488,3.4713973417299,0.9555526582705882,23.497818059751154
2021-12-06,88.2,86.05,86.1,85.7,-0.0243764172335601,GAIL,0.0243764172335601,-1,S,86.05695,85.74285,38,11.935799999999858,3.4628363266823996,8.472963673317459,46.4576074332157
2021-12-07,421.35,434.8,443.6,441.7,0.03192120564851075,HINDALCO,0.03192120564851075,1,L,443.8218,441.47915,7,-16.398549999999943,3.2840632301029,-19.682613230102845,-42.83137962128092
2021-12-07,187.0,192.9,193.85,194.85,0.03155080213903738,INDHOTEL,0.03155080213903738,1,L,193.946925,194.752575,17,13.696050000000241,3.505182443979,10.190867556021242,51.586278050039795
2021-12-07,642.85,662.5,660.45,660.9,0.030567006300070032,JSWSTEEL,0.030567006300070032,1,L,660.780225,660.56955,5,-1.053374999999619,3.50295415774575,-4.556329157745369,6.813536225300787
2021-12-08,316.2,325.45,320.9,320.7,0.029253636938646466,WIPRO,0.029253636938646466,1,L,321.06044999999995,320.53965,10,-5.207999999999515,3.4013576662259997,-8.609357666225515,-6.232471174820731
2021-12-08,20.05,20.7,20.8,20.8,0.032418952618453734,ADANIPOWER,0.032418952618453734,1,L,20.8104,20.7896,160,-3.328000000000202,3.5288181759999997,-6.856818176000202,0.0
2021-12-08,146.05,150.25,149.75,149.75,0.028757274905854002,MOTHERSON,0.028757274905854002,1,L,149.824875,149.675125,22,-3.29449999999963,3.493296718999999,-6.787796718999629,0.0
2021-12-09,195.55,200.55,196.5,196.9,0.02556890820761959,BPCL,0.02556890820761959,1,L,196.59824999999998,196.80155000000002,16,3.2528000000006614,3.3378106456767997,-0.08501064567613836,20.356234096692294
2021-12-09,902.75,927.45,928.25,927.8,0.027360841872057673,GODREJCP,0.027360841872057673,1,L,928.714125,927.3361,3,-4.134074999999939,2.95192351155255,-7.085998511552489,-4.847831941826586
2021-12-09,2092.75,2144.9,2250.75,2287.0,0.024919364472584027,ABB,0.024919364472584027,1,L,2251.875375,2285.8565000000003,1,33.98112500000025,2.40976134490375,31.571363655096498,161.05742530267753
2021-12-10,2271.6,2343.5,2446.4,2449.7,0.031651699242824405,SIEMENS,0.031651699242824405,1,L,2447.6232,2448.4751499999998,1,0.8519499999997606,2.5961323582271,-1.7441823582273392,13.489208633092886
2021-12-10,1131.4,1161.6,1164.95,1164.65,0.02669259324730411,PIDILITIND,0.02669259324730411,1,L,1165.532475,1164.0676750000002,2,-2.929599999999482,2.4701068822678,-5.399706882267282,-2.5752178205074028
2021-12-10,3178.7,3274.0,3280.45,3287.3,0.029980809764998284,ASIANPAINT,0.029980809764998284,1,L,3282.0902249999995,3285.65635,1,3.5661250000007385,3.48278226922595,0.08334273077478871,20.881281531497375
2021-12-13,1388.9,1437.6,1389.05,1389.15,0.035063719490243894,ADANIGREEN,0.035063719490243894,1,L,1389.7445249999998,1388.455425,2,-2.5781999999994696,2.9458640913774,-5.52406409137687,0.7199164896887211
2021-12-13,151.9875,156.75,153.9375,153.4875,0.031334813718233434,POWERGRID,0.031334813718233434,1,L,154.01446875,153.41075625000002,21,-12.67796249999941,3.42170721849285,-16.099669718492258,-29.23264311814777
2021-12-13,2445.35,2517.0,2511.75,2509.1,0.029300509129572383,SIEMENS,0.029300509129572383,1,L,2513.005875,2507.8454500000003,1,-5.160424999999577,2.6616182678994496,-7.822043267899026,-10.550413058625363
2021-12-14,367.95,346.3,343.5,339.95,-0.05883951623861927,HINDZINC,0.05883951623861927,-1,S,343.32825,340.11997499999995,9,28.874475000000643,3.26461435918965,25.609860640810993,103.34788937409023
2021-12-14,153.3,157.53750000000002,158.7375,159.075,0.027641878669276032,POWERGRID,0.027641878669276032,1,L,158.81686875,158.9954625,20,3.571875000000091,3.37064012923725,0.20123487076284086,21.26151665485354
2021-12-14,295.15,284.4,276.6,276.6,-0.03642215822463157,SHRIRAMFIN,0.03642215822463157,-1,S,276.46170000000006,276.7383,12,-3.3191999999990003,3.5194871664,-6.838687166399,-0.0
2021-12-15,686.95,719.75,692.6,692.05,0.04774728874008294,TRENT,0.04774728874008294,1,L,692.9463,691.703975,4,-4.969299999999748,2.9361636838485996,-7.905463683848348,-7.941091539128697
2021-12-15,660.15,677.5,683.15,670.85,0.026281905627508984,TVSMOTOR,0.026281905627508984,1,L,683.4915749999999,670.514575,4,-51.90799999999945,2.8660071795595994,-54.77400717955905,-180.0483056429769
2021-12-15,652.975,634.1,643.975,641.675,-0.028906160266472636,LODHA,0.028906160266472636,-1,S,643.6530125,641.9958374999999,5,8.285875000000829,3.4093336819504994,4.876541318050329,35.715672192244696
2021-12-16,639.075,659.5,636.875,631.55,0.031960255056135756,LODHA,0.031960255056135756,1,L,637.1934375,631.234225,5,-29.796062499999607,3.359489062008625,-33.155551562008235,-83.61138370951981
2021-12-16,673.8,651.35,638.3,637.3,-0.03331849213416438,TVSMOTOR,0.03331849213416438,-1,S,637.98085,637.6186499999999,5,1.8110000000007176,3.381979312435,-1.5709793124342823,15.666614444618254
2021-12-16,386.0,396.1,391.7,392.75,0.02616580310880834,MAXHEALTH,0.02616580310880834,1,L,391.89584999999994,392.553625,8,5.2622000000005755,3.3280629006507993,1.9341370993497762,26.806229257085867
2021-12-17,149.3,143.45,141.55,141.4,-0.03918285331547233,MOTHERSON,0.03918285331547233,-1,S,141.479225,141.4707,23,0.1960750000004623,3.45065192771015,-3.254576927709688,10.596962204169058
2021-12-17,133.79,128.08,125.22,124.62,-0.042678825024291656,VEDL,0.042678825024291656,-1,S,125.15739,124.68231,26,12.352080000000143,3.4456178528772003,8.906462147122943,47.915668423573756
2021-12-17,491.95,474.05,471.9,470.9,-0.03638581156621601,TMPV,0.03638581156621601,-1,S,471.66405000000003,471.13544999999993,7,3.7002000000006774,3.4996846758089997,0.20051532419167772,21.190930281839158
2021-12-20,592.075,558.425,540.45,534.0,-0.05683401596081594,LODHA,0.05683401596081594,-1,S,540.1797750000001,534.2669999999999,6,35.476650000000745,3.4221001258269,32.054549874173844,119.34499028587342
2021-12-20,386.05,368.05,364.05,364.2,-0.04662608470405383,JINDALSTEL,0.04662608470405383,-1,S,363.86797500000006,364.3821,9,-4.627124999999296,3.4747251346525503,-8.101850134651846,-4.120313143798349
2021-12-20,141.6,135.25,133.85,134.5,-0.04484463276836159,MOTHERSON,0.04484463276836159,-1,S,133.783075,134.56725,24,-18.820200000000114,3.4128014441627994,-22.233001444162912,-48.56182293612399
2021-12-21,126.55,131.45,131.45,131.4,0.03871987356775963,ETERNAL,0.03871987356775963,1,L,131.51572499999997,131.3343,25,-4.535624999999044,3.4837490151412505,-8.019374015140293,-3.8037276530988873
2021-12-21,387.75,401.9,398.05,398.4,0.036492585428755664,MAXHEALTH,0.036492585428755664,1,L,398.249025,398.2008,8,-0.38580000000001746,3.3783448012836,-3.7641448012836176,8.792865217936985
2021-12-21,537.5,568.25,564.775,568.0,0.0572093023255813,LODHA,0.0572093023255813,1,L,565.0573874999999,567.716,5,13.293062500000588,3.0045917476778747,10.288470752322713,57.10238590589167
2021-12-22,154.95,149.175,151.16250000000002,151.125,-0.03727008712487889,POWERGRID,0.03727008712487889,-1,S,151.08691875000002,151.2005625,22,-2.5001624999992487,3.525899986856775,-6.0260624868560235,2.480774001489827
2021-12-22,38.45,40.35,39.4,39.5,0.04941482444733425,CANBK,0.04941482444733425,1,L,39.4197,39.480250000000005,84,5.086200000000531,3.5146830926507993,1.5715169073497317,25.38071065989911
2021-12-22,2323.35,2460.0,2436.2,2446.3,0.058815933888566096,SOLARINDS,0.058815933888566096,1,L,2437.4181,2445.0768500000004,1,7.658750000000509,2.5896682298587,5.069081770141809,41.45800837369818
2021-12-23,722.85,743.75,730.65,730.6,0.02891332918309475,ADANIPORTS,0.02891332918309475,1,L,731.015325,730.2347000000001,4,-3.1224999999994907,3.0988275480226,-6.22132754802209,-0.6843221788810361
2021-12-23,606.175,623.375,637.5,637.45,0.028374644285891204,LODHA,0.028374644285891204,1,L,637.8187499999999,637.1312750000001,5,-3.4373749999991787,3.37968014852825,-6.817055148527428,-0.7843137254892607
2021-12-23,377.25,387.8,383.4,383.45,0.02796554009277674,DLF,0.02796554009277674,1,L,383.59169999999995,383.258275,8,-2.667399999999361,3.2525369447548,-5.919936944754161,1.3041210224318256
2021-12-24,1227.45,1253.9,1265.3,1265.25,0.021548739256181504,HCLTECH,0.021548739256181504,1,L,1265.93265,1264.617375,2,-2.6305499999998574,2.6832374746112992,-5.313787474611157,-0.3951632024024043
2021-12-24,2416.45,2357.7,2357.75,2365.0,-0.024312524571168503,SOLARINDS,0.024312524571168503,-1,S,2356.571125,2366.1825,1,-9.611374999999953,2.5030695123192497,-12.114444512319203,-30.749655391792974
2021-12-24,180.25,175.7,177.3,176.6,-0.025242718446601975,INDHOTEL,0.025242718446601975,-1,S,177.21135,176.6883,18,9.414900000000216,3.3786779637762003,6.036222036224016,39.48110547095429
2021-12-27,129.41,126.69,127.57,127.4,-0.021018468433660398,VEDL,0.021018468433660398,-1,S,127.506215,127.4637,26,1.1053899999998578,3.51510522482054,-2.4097152248206823,13.326017088656217
2021-12-27,413.8,423.5,425.0,425.0,0.02344127597873369,MAXHEALTH,0.02344127597873369,1,L,425.2125,424.7875,7,-2.9749999999996817,3.1545174499999997,-6.129517449999682,0.0
2021-12-27,623.1,597.925,615.25,614.525,-0.040402824586743824,LODHA,0.040402824586743824,-1,S,614.9423750000001,614.8322625,5,0.5505625000006376,3.2603529965903753,-2.7097904965897377,11.783827712312789
2021-12-28,178.2,182.15,181.2,183.05,0.02216610549943887,INDHOTEL,0.02216610549943887,1,L,181.29059999999998,182.95847500000002,18,30.02175000000068,3.4797203332370996,26.54202966676358,102.09713024282641
2021-12-28,2002.75,2053.55,1997.45,2002.15,0.025365122955935737,INDIGO,0.025365122955935737,1,L,1998.448725,2001.1489250000002,1,2.7002000000002226,2.1209876855689,0.5792123144313228,23.53000075095757
2021-12-28,2353.05,2438.0,2395.8,2413.15,0.03610208027878703,SIEMENS,0.03610208027878703,1,L,2396.9979,2411.9434250000004,1,14.945525000000544,2.55146973073945,12.394055269261093,72.41839886467983
2021-12-29,68.3,69.95,69.15,69.15,0.024158125915080708,BEL,0.024158125915080708,1,L,69.184575,69.11542500000002,48,-3.3191999999990003,3.5194871664,-6.838687166399,0.0
2021-12-29,948.75,961.8,969.25,967.0,0.013754940711462327,DRREDDY,0.013754940711462327,1,L,969.7346249999999,966.5165000000001,3,-9.654374999999618,3.0788900857627497,-12.733265085762367,-23.213825122517797
2021-12-29,134.15,136.8,136.8,136.5,0.019754006708907923,MAZDOCK,0.019754006708907923,1,L,136.8684,136.43175,24,-10.479600000000346,3.4767075320136,-13.956307532013946,-21.929824561404132
2021-12-30,137.1,134.7,134.35,134.0,-0.01750547045951867,ETERNAL,0.01750547045951867,-1,S,134.282825,134.06699999999998,24,5.179800000000569,3.4154350814507994,1.7643649185497692,26.05135839225836
2021-12-30,242.35,237.85,239.55,239.3,-0.01856818650711778,SHRIRAMFIN,0.01856818650711778,-1,S,239.43022500000004,239.41965,13,0.13747500000059176,3.30069762193275,-3.1632226219321584,10.436234606553407
2021-12-30,88.2,85.5,85.25,85.1,-0.030612244897959218,GAIL,0.030612244897959218,-1,S,85.207375,85.14254999999999,39,2.528175000000516,3.52291251323895,-0.9947375132384337,17.595307917889215
2021-12-31,379.2,388.5,389.8,390.05,0.024525316455696222,DLF,0.024525316455696222,1,L,389.9949,389.854975,8,-1.1193999999995867,3.3078503045739995,-4.427250304573587,6.413545407901733
2021-12-31,449.65,466.0,473.8,476.2,0.03636161458912501,HINDALCO,0.03636161458912501,1,L,474.0369,475.9619,7,13.47500000000008,3.527480696101599,9.947519303898481,50.6542845082314
2021-12-31,2437.3,2498.5,2527.3,2521.6,0.025109752595084744,TITAN,0.025109752595084744,1,L,2528.56365,2520.3392,1,-8.22445000000016,2.6761548730441,-10.90060487304426,-22.553713449136037
2022-01-03,2017.55,1942.0,2000.0,2022.95,-0.037446407771802415,INDIGO,0.037446407771802415,-1,S,1999.0,2023.9614749999998,1,-24.961474999999837,2.13033300879335,-27.091808008793187,-114.75000000000124
2022-01-03,146.05,150.45,153.55,155.6,0.030126668948989854,COALINDIA,0.030126668948989854,1,L,153.626775,155.5222,21,39.803924999999765,3.44667374453535,36.35725125546441,133.50700097688016
2022-01-03,616.775,645.675,621.95,622.5,0.04685663329415091,LODHA,0.04685663329415091,1,L,622.260975,622.18875,5,-0.36112500000001546,3.29915827568925,-3.6602832756892654,8.843154594420088
2022-01-04,132.4,127.78,125.61,125.42,-0.03489425981873118,VEDL,0.03489425981873118,-1,S,125.547195,125.48271,26,1.6766100000001245,3.46085156972178,-1.7842415697216554,15.126184221001537
2022-01-04,319.6,329.2,330.6,331.2,0.030037546933666892,HINDZINC,0.030037546933666892,1,L,330.7653,331.0344,10,2.6909999999998035,3.5093300873220006,-0.818330087322197,18.14882032667775
2022-01-04,126.0,129.75,132.1,133.0,0.029761904761904656,NTPC,0.029761904761904656,1,L,132.16604999999998,132.9335,25,19.186250000000626,3.5161773374574996,15.670072662543127,68.1302043906129
2022-01-05,1789.8,1749.8,1736.35,1737.8,-0.0223488657950609,TECHM,0.0223488657950609,-1,S,1735.481825,1738.6689,1,-3.1870749999998225,1.8417344640638498,-5.028809464063672,-8.350850922913544
2022-01-05,114.05,116.75,117.1,117.25,0.023673827268741787,IOC,0.023673827268741787,1,L,117.15854999999999,117.19137500000001,28,0.9191000000004692,3.4793369543253996,-2.5602369543249304,12.80956447480941
2022-01-05,734.3,751.45,765.6,766.55,0.023355576739752193,BAJFINANCE,0.023355576739752193,1,L,765.9828,766.166725,4,0.735700000000179,3.2496229831706,-2.513922983170421,12.408568443049717
2022-01-06,754.9,739.15,739.15,740.15,-0.02086369055504045,ADANIPORTS,0.02086369055504045,-1,S,738.780425,740.5200749999999,4,-6.958599999999478,3.1366889016519997,-10.095288901651479,-13.529053642697964
2022-01-06,2226.2,2276.2,2220.0,2224.95,0.022459796963435474,ABB,0.022459796963435474,1,L,2221.1099999999997,2223.837525,1,2.7275250000002416,2.35712677414065,0.3703982258595917,22.29729729729568
2022-01-06,145.6,140.9,139.8,139.55,-0.032280219780219666,MAZDOCK,0.032280219780219666,-1,S,139.73010000000002,139.619775,23,2.5374750000003985,3.4070061591502503,-0.8695311591498518,17.882689556509845
2022-01-07,1960.15,2000.35,1996.1,2015.0,0.020508634543274562,INDIGO,0.020508634543274562,1,L,1997.0980499999998,2013.9925,1,16.894450000000234,2.1286428874642995,14.765807112535935,94.68463503832459
2022-01-07,150.8,155.15,156.8,157.2,0.028846153846153744,ONGC,0.028846153846153744,1,L,156.8784,157.1214,21,5.102999999999895,3.4968693470508,1.606130652949095,25.510204081631294
2022-01-07,2595.9,2661.45,2570.95,2573.0,0.02525135791055111,TITAN,0.02525135791055111,1,L,2572.2354749999995,2571.7135000000003,1,-0.5219749999992018,2.72739807196835,-3.2493730719675518,7.973706217547782
2022-01-10,400.6,410.9,408.25,407.25,0.025711432850723748,DLF,0.025711432850723748,1,L,408.454125,407.046375,8,-11.261999999999716,3.4579577249039994,-14.719957724903715,-24.494794856093627
2022-01-10,218.4,223.85,222.6,223.3,0.024954212454212366,ITC,0.024954212454212366,1,L,222.7113,223.18835,14,6.678700000000276,3.3107208864926005,3.3679791135076758,31.446540880504248
2022-01-11,672.1,654.75,649.25,644.15,-0.025814610920993908,JSWSTEEL,0.025814610920993908,-1,S,648.925375,644.4720749999999,5,22.266500000000633,3.4314140966184996,18.835085903382133,78.5521755872165
2022-01-11,116.9,113.8,113.2,112.95,-0.02651839178785298,TATASTEEL,0.02651839178785298,-1,S,113.14340000000001,113.006475,29,3.970825000000559,3.4778425557807497,0.4929824442198094,22.084805653710404
2022-01-11,196.15,191.7,192.45,192.3,-0.022686719347438267,CGPOWER,0.022686719347438267,-1,S,192.353775,192.39615,17,-0.7203749999998763,3.46799579221185,-4.188370792211726,7.794232268120149
2022-01-12,116.0,120.5,121.4,121.2,0.0387931034482758,VBL,0.0387931034482758,1,L,121.4607,121.13940000000001,27,-8.67509999999983,3.4721335158102002,-12.14723351581003,-16.47446457990087
2022-01-12,408.85,424.9,417.35,417.25,0.039256451021156824,DLF,0.039256451021156824,1,L,417.558675,417.041375,7,-3.621099999999842,3.0972882017790995,-6.718388201778941,-2.396070444471432
2022-01-12,21.7,22.8,23.9,23.9,0.05069124423963145,ADANIPOWER,0.05069124423963145,1,L,23.911949999999997,23.88805,139,-3.322099999999665,3.5225621581999995,-6.8446621581996645,0.0
2022-01-13,390.4,405.45,413.45,413.55,0.03855020491803285,JINDALSTEL,0.03855020491803285,1,L,413.65672499999994,413.343225,8,-2.507999999999356,3.5076991239096,-6.015699123908956,2.4186721489916074
2022-01-13,345.7,327.35,325.55,324.7,-0.0530807058142897,WIPRO,0.0530807058142897,-1,S,325.38722500000006,324.86235,10,5.248750000000655,3.4483696740395002,1.8003803259611546,26.109660574413773
2022-01-13,114.7,119.4,121.3,122.0,0.04097646033129898,TATASTEEL,0.04097646033129898,1,L,121.36064999999999,121.93900000000001,27,15.615450000000394,3.4848203054643,12.130629694536093,57.7081615828523
2022-01-14,730.2,746.35,761.75,761.5,0.022117228156669277,TATACONSUM,0.022117228156669277,1,L,762.130875,761.1192500000001,4,-4.046499999999469,3.2302221681129994,-7.276722168112468,-3.281916639317206
2022-01-14,975.45,1013.65,991.5,986.95,0.039161412681326446,CUMMINSIND,0.039161412681326446,1,L,991.9957499999999,986.456525,3,-16.617674999999622,3.1452525636424493,-19.762927563642073,-45.89006555723585
2022-01-14,740.7,722.9,720.9,722.2,-0.024031321722694843,AXISBANK,0.024031321722694843,-1,S,720.53955,722.5611,4,-8.08620000000019,3.059788458987599,-11.14598845898779,-18.033014287697213
2022-01-17,125.81,121.55,122.88,121.9,-0.03386058341944209,VEDL,0.03386058341944209,-1,S,122.81856,121.96095,27,23.15547000000022,3.50683553437002,19.648634465630202,79.7526041666663
2022-01-17,1337.2,1261.5,1257.4,1259.75,-0.05661082859706856,HCLTECH,0.05661082859706856,-1,S,1256.7713,1260.3798749999999,2,-7.217149999999492,2.6685241113310996,-9.88567411133059,-18.689358994750105
2022-01-18,2844.3,2756.3,2747.8,2735.85,-0.03093907112470551,EICHERMOT,0.03093907112470551,-1,S,2746.4261,2737.217925,1,9.20817500000021,2.90858353604965,6.29959146395056,43.48933692408519
2022-01-19,987.85,958.0,964.65,965.75,-0.03021713822948835,CUMMINSIND,0.03021713822948835,-1,S,964.167675,966.2328749999999,3,-6.195599999999672,3.0699641700729003,-9.265564170072572,-11.403099569793351
2022-01-19,392.3,378.35,386.0,385.2,-0.035559520774917086,MAXHEALTH,0.035559520774917086,-1,S,385.807,385.39259999999996,8,3.315200000000459,3.2716453048767997,0.04355469512365939,20.725388601036123
2022-01-20,717.65,740.1,724.1,723.6,0.03128265867762847,TATACONSUM,0.03128265867762847,1,L,724.46205,723.2382,4,-4.895399999999881,3.069894757026,-7.965294757025881,-6.905123601712582
2022-01-20,612.1,628.4,648.0,649.0,0.026629635680444297,CHOLAFIN,0.026629635680444297,1,L,648.324,648.6755,5,1.7575000000005048,3.4387076094349998,-1.681207609434495,15.432098765431057
2022-01-20,153.4875,157.46249999999998,158.96249999999998,160.91250000000002,0.025897874419740896,POWERGRID,0.025897874419740896,1,L,159.04198124999996,160.83204375000003,20,35.80125000000123,3.396048633093,32.40520136690823,122.67044114178117
2022-01-21,1725.85,1672.95,1633.6,1631.9,-0.030651562997942916,BAJAJFINSV,0.030651562997942916,-1,S,1632.7832,1632.71595,2,0.13450000000011642,3.4629198996158004,-3.328419899615684,10.406464250733993
2022-01-21,125.2,120.65,113.5,113.75,-0.0363418530351437,ETERNAL,0.0363418530351437,-1,S,113.44325,113.80687499999999,29,-10.545124999999558,3.49316385481925,-14.03828885481881,-22.026431718060735
2022-01-21,1666.9,1617.35,1593.5,1593.5,-0.029725838382626546,TECHM,0.029725838382626546,-1,S,1592.70325,1594.29675,2,-3.186999999999898,3.379309954,-6.566309953999898,-0.0
2022-01-24,176.85,170.1,169.1,173.0,-0.03816793893129766,CGPOWER,0.03816793893129766,-1,S,169.01545000000002,173.0865,19,-77.34994999999972,3.4379271277732997,-80.78787712777302,-230.632761679479
2022-01-24,113.65,102.9,92.45,91.2,-0.09458864936207656,ETERNAL,0.09458864936207656,-1,S,92.40377500000001,91.2456,36,41.69430000000051,3.510110619315,38.18418938068551,135.20822065981596
2022-01-25,20.55,21.25,21.65,21.5,0.03406326034063256,ADANIPOWER,0.03406326034063256,1,L,21.660825,21.489250000000002,153,-26.250974999999563,3.49764401779335,-29.74861901779291,-69.28406466512604
2022-01-25,704.6,733.8,753.45,754.25,0.04144195288106722,AXISBANK,0.04144195288106722,1,L,753.826725,753.872875,4,0.18460000000004584,3.1977064184383996,-3.013106418438354,10.617824673169185
2022-01-25,172.9,179.4,181.5,181.5,0.03759398496240607,CGPOWER,0.03759398496240607,1,L,181.59074999999999,181.40925000000001,18,-3.2669999999994843,3.464137314,-6.731137313999485,0.0
2022-01-27,1966.7,1861.0,1859.2,1863.45,-0.05374485178217325,INDIGO,0.05374485178217325,-1,S,1858.2704,1864.381725,1,-6.111324999999852,1.97317469988025,-8.084499699880102,-22.85929432013667
2022-01-27,100.45,93.9,90.45,90.55,-0.06520657043305123,ETERNAL,0.06520657043305123,-1,S,90.404775,90.59527499999999,36,-6.8579999999994925,3.4541991904067997,-10.312199190406293,-11.055831951354289
2022-01-27,1580.5,1376.75,1339.35,1340.0,-0.12891490034799113,TORNTPHARM,0.12891490034799113,-1,S,1338.680325,1340.6699999999998,2,-3.979349999999613,2.8408846823469,-6.820234682346513,-4.853100384516473
2022-01-28,858.05,894.0,872.7,869.7,0.04189732533069179,M&M,0.04189732533069179,1,L,873.13635,869.2651500000001,3,-11.613599999999792,2.770322237217,-14.383922237216792,-34.37607425232025
2022-01-28,629.85,589.35,605.9,600.5,-0.06430102405334603,TVSMOTOR,0.06430102405334603,-1,S,605.59705,600.80025,5,23.98399999999981,3.200954313949,20.78304568605081,89.12361775870514
2022-01-28,165.7,173.05,170.5,169.0,0.044357272178636276,ONGC,0.044357272178636276,1,L,170.58525,168.9155,19,-31.725249999999875,3.4167405912205,-35.14199059122038,-87.97653958944274
2022-01-31,1410.65,1463.5,1482.85,1477.1,0.037464998404990624,TECHM,0.037464998404990624,1,L,1483.5914249999998,1476.3614499999999,2,-14.459949999999935,3.1372973516994995,-17.597247351699433,-38.776680041811005
2022-01-31,207.3,215.75,215.8,215.2,0.040762180414857685,INDHOTEL,0.040762180414857685,1,L,215.9079,215.0924,15,-12.232500000000215,3.4265679010169996,-15.659067901017215,-27.80352177942591
2022-01-31,47.8,49.4,50.45,50.7,0.03347280334728042,CANBK,0.03347280334728042,1,L,50.475225,50.67465000000001,66,13.162050000000335,3.5411792045355,9.620870795464835,49.554013875123815
2022-02-01,1877.85,1931.75,1919.0,1905.05,0.028703038048832452,ADANIGREEN,0.028703038048832452,1,L,1919.9595,1904.097475,1,-15.862024999999903,2.02586961087635,-17.887894610876252,-72.69411151641481
2022-02-01,90.4,95.35,94.75,94.4,0.05475663716814139,ETERNAL,0.05475663716814139,1,L,94.79737499999999,94.35280000000002,35,-15.560124999999019,3.50852031038425,-19.068645310383268,-36.93931398416783
2022-02-02,2622.2,2713.7,2663.9,2671.0,0.03489436351155528,EICHERMOT,0.03489436351155528,1,L,2665.23195,2669.6645000000003,1,4.432550000000447,2.8291883855977003,1.6033616144027465,26.652652126581966
2022-02-02,173.95,180.05,176.0,175.9,0.0350675481460192,CGPOWER,0.0350675481460192,1,L,176.088,175.81205000000003,18,-4.967099999999391,3.3580116254033996,-8.32511162540279,-5.681818181817455
2022-02-02,94.55,98.5,98.85,98.85,0.04177683765203599,ETERNAL,0.04177683765203599,1,L,98.899425,98.800575,33,-3.2620499999999595,3.4588886211000003,-6.720938621099959,0.0
2022-02-03,141.15,137.65,137.15,136.8,-0.024796315975912142,NTPC,0.024796315975912142,-1,S,137.08142500000002,136.8684,24,5.112600000000384,3.486690063850801,1.6259099361495832,25.519504192489386
2022-02-03,399.55,408.5,401.65,400.5,0.022400200225253464,DLF,0.022400200225253464,1,L,401.85082499999993,400.29975,8,-12.408599999999296,3.4012037802395994,-15.809803780238896,-28.631893439561296
2022-02-03,1469.9,1430.65,1427.35,1424.3,-0.026702496768487682,MUTHOOTFIN,0.026702496768487682,-1,S,1426.636325,1425.0121499999998,2,3.2483500000003005,3.0243936471107,0.22395635288960047,21.36826987073959
2022-02-04,21.5,22.15,21.75,21.75,0.03023255813953485,ADANIPOWER,0.03023255813953485,1,L,21.760875,21.739125,153,-3.3277499999995825,3.528553090499999,-6.856303090499582,0.0
2022-02-04,129.22,133.04,133.32,133.35,0.029561987308466042,VEDL,0.029561987308466042,1,L,133.38665999999998,133.283325,24,-2.48003999999969,3.3932158227986395,-5.873255822798329,2.2502250225020504
2022-02-04,167.5,171.6,169.85,169.65,0.024477611940298516,ONGC,0.024477611940298516,1,L,169.934925,169.565175,19,-7.025249999999659,3.419451042929399,-10.444701042929058,-11.775095672651448
2022-02-07,26.05,22.1,22.2,22.4,-0.15163147792706333,ADANIPOWER,0.15163147792706333,-1,S,22.1889,22.411199999999997,150,-33.34499999999956,3.54355194339,-36.88855194338956,-90.09009009008918
2022-02-07,269.0,232.8,229.5,230.15,-0.13457249070631971,ITC,0.13457249070631971,-1,S,229.38525,230.265075,14,-12.317549999999756,3.4107048146282994,-15.728254814628055,-28.32244008714513
2022-02-07,1755.35,2029.75,2008.8,2028.0,0.1563221010054976,ADANIGREEN,0.1563221010054976,1,L,2009.8043999999998,2026.986,1,17.181600000000344,2.1423012026304,15.039298797369945,95.57945041815952
2022-02-08,349.5,360.65,357.65,359.7,0.031902718168812516,MAXHEALTH,0.031902718168812516,1,L,357.82882499999994,359.52015,9,15.221925000000567,3.42488811031515,11.797036889685417,57.31860757724139
2022-02-08,2339.7,2404.1,2345.25,2347.05,0.027524896354233386,SOLARINDS,0.027524896354233386,1,L,2346.4226249999997,2345.8764750000005,1,-0.5461499999992157,2.4879189060965996,-3.0340689060958153,7.675087943717074
2022-02-08,251.8,242.15,236.55,234.95,-0.03832406671961874,TATAPOWER,0.03832406671961874,-1,S,236.43172500000003,235.06747499999997,14,19.099500000000774,3.5021168324688,15.597383167531973,67.63897696047461
2022-02-09,126.15,123.1,123.2,123.4,-0.024177566389219307,VBL,0.024177566389219307,-1,S,123.1384,123.4617,27,-8.729099999999704,3.5293919838102,-12.258491983809904,-16.233766233766378
2022-02-09,422.3,403.75,412.8,416.6,-0.04392611887283926,JINDALSTEL,0.04392611887283926,-1,S,412.59360000000004,416.8083,8,-33.71759999999949,3.5144546786352002,-37.2320546786347,-92.05426356589274
2022-02-10,416.5,436.4,438.85,440.35,0.04777911164465776,JINDALSTEL,0.04777911164465776,1,L,439.069425,440.12982500000004,7,7.422800000000109,3.2640366187135,4.158763381286609,34.18024381907303
2022-02-10,123.7,119.4,118.85,118.85,-0.03476151980598219,VBL,0.03476151980598219,-1,S,118.790575,118.90942499999998,28,-3.3277999999994563,3.528606107600001,-6.856406107599457,-0.0
2022-02-10,157.0125,161.4375,158.8125,158.925,0.028182469548602818,POWERGRID,0.028182469548602818,1,L,158.89190625,158.8455375,20,-0.9273749999999836,3.36935106574575,-4.296726065745734,7.083825265643551
2022-02-11,94.45,89.25,88.45,88.8,-0.055055584965590265,ETERNAL,0.055055584965590265,-1,S,88.405775,88.8444,37,-16.22912499999954,3.47557289396335,-19.70469789396289,-39.57037874505298
2022-02-11,24.55,25.95,25.3,25.1,0.05702647657841142,ADANIPOWER,0.05702647657841142,1,L,25.312649999999998,25.087450000000004,131,-29.501199999999194,3.4975259563606,-32.99872595635979,-79.05138339920903
2022-02-14,671.4,635.0,629.05,626.25,-0.05421507298182893,JSWSTEEL,0.05421507298182893,-1,S,628.735475,626.563125,5,10.861749999999688,3.329154569918,7.532595430081688,44.511565058420466
2022-02-14,247.1,235.85,233.5,232.2,-0.04552812626467018,SHRIRAMFIN,0.04552812626467018,-1,S,233.38325,232.31609999999998,14,14.94010000000037,3.4586060607433997,11.481493939256971,55.67451820128522
2022-02-14,113.55,108.2,107.1,106.05,-0.047115808014090654,BANKBARODA,0.047115808014090654,-1,S,107.04645000000001,106.10302499999999,31,29.24617500000059,3.5067562787218494,25.739418721278742,98.03921568627416
2022-02-15,133.75,126.85,129.2,129.45,-0.051588785046729035,RECLTD,0.051588785046729035,-1,S,129.1354,129.51472499999997,25,-9.483124999999148,3.4275323857062503,-12.910657385705399,-19.349845201237503
2022-02-15,1915.25,1836.8,1909.75,1928.55,-0.04096071009006663,ADANIENSOL,0.04096071009006663,-1,S,1908.795125,1929.5142749999998,1,-20.719149999999672,2.0328923334244,-22.752042333424072,-98.442204477025
2022-02-15,954.9,922.7,925.65,921.95,-0.033720808461618956,CIPLA,0.033720808461618956,-1,S,925.187175,922.410975,3,8.328600000000051,2.9398498760457006,5.388750123954351,39.971911629664845
2022-02-16,1354.0,1397.35,1357.15,1355.35,0.03201624815361881,MUTHOOTFIN,0.03201624815361881,1,L,1357.828575,1354.672325,2,-6.3125,2.8757826294067996,-9.1882826294068,-13.263088089011665
2022-02-16,82.7,85.5,84.9,84.95,0.033857315598548876,ETERNAL,0.033857315598548876,1,L,84.94245000000001,84.907525,39,-1.362075000000047,3.51214621267965,-4.874221212679696,5.889281507656108
2022-02-16,241.6,253.35,244.4,244.05,0.04863410596026485,SHRIRAMFIN,0.04863410596026485,1,L,244.5222,243.92797500000003,13,-7.724924999999558,3.36600703061415,-11.090932030613708,-14.32078559738148
2022-02-17,1932.55,1984.0,2000.0,2023.3,0.026622855812268753,ADANIENSOL,0.026622855812268753,1,L,2001.0,2022.28835,1,21.288350000000037,2.1355938071671,19.152756192832936,116.49999999999937
2022-02-17,25.35,26.35,25.95,26.2,0.03944773175542404,ADANIPOWER,0.03944773175542404,1,L,25.962974999999997,26.1869,128,28.662400000000616,3.542508975584,25.119891024416617,96.33911368015502
2022-02-17,1911.0,1987.2,2016.15,2030.9,0.03987441130298275,ADANIGREEN,0.03987441130298275,1,L,2017.158075,2029.8845500000002,1,12.726475000000164,2.1472471351332505,10.579227864866914,73.15923914391398
2022-02-18,359.8,345.6,339.45,338.3,-0.03946637020566979,AMBUJACEM,0.03946637020566979,-1,S,339.280275,338.46915,9,7.300125000000037,3.23504631333045,4.065078686669587,33.87833259684725
2022-02-18,111.05,107.55,105.95,105.55,-0.031517334533993746,MOTHERSON,0.031517334533993746,-1,S,105.89702500000001,105.602775,31,9.121750000000603,3.4774268740988,5.644323125901803,37.75365738555969
2022-02-18,89.15,87.25,86.35,86.05,-0.021312394840157123,ETERNAL,0.021312394840157123,-1,S,86.306825,86.093025,38,8.124400000000236,3.474507232911799,4.649892767088437,34.7423277359582
2022-02-21,167.3,161.1,161.15,161.25,-0.037059175134489086,COALINDIA,0.037059175134489086,-1,S,161.06942500000002,161.330625,20,-5.223999999999478,3.418323138226,-8.642323138225478,-6.20539869686576
2022-02-21,177.15,170.5,168.65,168.3,-0.03753880891899519,CGPOWER,0.03753880891899519,-1,S,168.56567500000003,168.38415,19,3.4489750000004165,3.3949109875485495,0.05406401245186698,20.753038837829642
2022-02-21,85.9,83.1,81.85,81.45,-0.03259604190919685,ETERNAL,0.03259604190919685,-1,S,81.80907499999999,81.490725,40,12.73399999999981,3.4648327301919997,9.26916726980781,48.86988393402514
2022-02-22,809.0,773.0,779.9,784.05,-0.04449938195302838,GODREJCP,0.04449938195302838,-1,S,779.51005,784.442025,4,-19.727899999999863,3.3148221426757996,-23.042722142675665,-53.21195025003167
2022-02-22,42.75,40.0,41.05,41.05,-0.06432748538011701,UNIONBANK,0.06432748538011701,-1,S,41.029475,41.070524999999996,81,-3.3250499999998766,3.5256901671,-6.850740167099877,-0.0
2022-02-22,170.3,162.25,170.85,169.35,-0.047269524368761084,CGPOWER,0.047269524368761084,-1,S,170.764575,169.434675,19,25.268100000000175,3.4300467540794997,21.838053245920676,87.79631255487308
2022-02-23,89.7,92.7,92.0,92.25,0.03344481605351168,GAIL,0.03344481605351168,1,L,92.04599999999999,92.20387500000001,36,5.683500000000663,3.517611856983,2.165888143017663,27.173913043478937
2022-02-23,1966.0,2055.85,1999.9,2064.15,0.04570193285859614,ADANIENSOL,0.04570193285859614,1,L,2000.89995,2063.117925,1,62.217975000000024,2.16169191903975,60.05628308096028,321.26606330316497
2022-02-23,24.1,25.05,25.15,25.0,0.03941908713692932,ADANIPOWER,0.03941908713692932,1,L,25.162574999999997,24.9875,132,-23.109899999999485,3.5074532350373997,-26.617353235036884,-59.64214711729588
2022-02-24,104.0,98.05,97.3,96.8,-0.05721153846153848,MOTHERSON,0.05721153846153848,-1,S,97.25135,96.8484,34,13.70030000000014,3.500675990479,10.199624009521141,51.387461459403426
2022-02-24,25.1,23.25,22.65,22.3,-0.07370517928286857,ADANIPOWER,0.07370517928286857,-1,S,22.638675,22.311149999999998,147,48.146175000000206,3.50883026808615,44.637344731914055,154.52538631346437
2022-02-24,42.55,39.8,39.2,38.9,-0.06462984723854293,UNIONBANK,0.06462984723854293,-1,S,39.180400000000006,38.91945,85,22.1807500000007,3.5223384231184998,18.6584115768822,76.53061224489943
2022-02-25,427.95,458.75,459.5,460.2,0.07197102465241279,TMPV,0.07197102465241279,1,L,459.72974999999997,459.9699,7,1.681050000000198,3.4137255818463004,-1.7326755818461024,15.23394994559224
2022-02-25,213.7,229.2,224.6,225.0,0.072531586335985,SHRIRAMFIN,0.072531586335985,1,L,224.71229999999997,224.88750000000002,14,2.45280000000065,3.3377228577672,-0.8849228577665498,17.809439002671734
2022-02-25,32.0,35.2,34.75,34.85,0.10000000000000009,PNB,0.10000000000000009,1,L,34.767375,34.832575000000006,95,6.194000000000415,3.5065331334265006,2.687466866573914,28.776978417266452
2022-02-28,778.35,752.95,766.25,765.9,-0.03263313419412861,GODREJCP,0.03263313419412861,-1,S,765.866875,766.2829499999999,4,-1.6642999999994572,3.2493596194418,-4.913659619441257,4.567699836868222
2022-02-28,225.5,218.9,223.95,225.0,-0.029268292682926855,SHRIRAMFIN,0.029268292682926855,-1,S,223.838025,225.11249999999998,14,-17.842649999999935,3.3306706834611,-21.173320683461036,-46.88546550569272
2022-02-28,1055.6,1024.7,1061.25,1062.2,-0.029272451686244705,SBILIFE,0.029272451686244705,-1,S,1060.7193750000001,1062.7311,3,-6.035174999999526,3.3770620854220503,-9.412237085421577,-8.951707891637906
2022-03-02,424.85,450.05,443.25,444.05,0.0593150523714252,JINDALSTEL,0.0593150523714252,1,L,443.47162499999996,443.82797500000004,7,2.4944500000005405,3.2935596134672003,-0.7991096134666598,18.04850535815028
2022-03-02,169.55,179.1,184.05,185.3,0.056325567679150534,COALINDIA,0.056325567679150534,1,L,184.142025,185.20735000000002,18,19.175850000000537,3.5272048942575003,15.648645105743036,67.91632708503137
2022-03-02,2134.4,2241.1,2241.1,2241.1,0.04999062968515733,ADANIENSOL,0.04999062968515733,1,L,2242.22055,2239.97945,1,-2.2411000000001877,2.3763324561999997,-4.617432456200188,0.0
2022-03-04,2908.25,2739.95,2767.0,2733.0,-0.057869853004384186,ASIANPAINT,0.057869853004384186,-1,S,2765.6165,2734.3664999999996,1,31.250000000000455,2.9196714861579998,28.330328513842456,122.87676183592389
2022-03-04,708.95,670.3,668.15,671.0,-0.05451724381127032,TATACONSUM,0.05451724381127032,-1,S,667.815925,671.3354999999999,4,-14.078299999999672,2.8386630008881992,-16.916963000887872,-42.655092419368046
2022-03-04,604.9,568.65,560.35,553.95,-0.059927260704248586,TVSMOTOR,0.059927260704248586,-1,S,560.069825,554.226975,5,29.214249999999993,2.957359242884,26.256890757115993,114.21433032925754
2022-03-07,1724.2,1612.15,1613.35,1624.55,-0.06498666048022272,INDIGO,0.06498666048022272,-1,S,1612.543325,1625.362275,2,-25.637899999999718,3.4308233003312,-29.068723300330916,-69.42077044658657
2022-03-07,722.05,670.8,664.6,663.25,-0.0709784640952843,GODREJCP,0.0709784640952843,-1,S,664.2677000000001,663.5816249999999,5,3.430375000000936,3.52067852223725,-0.09030352223631422,20.312970207644334
2022-03-08,216.2,224.55,226.5,227.0,0.038621646623496764,TATAPOWER,0.038621646623496764,1,L,226.61325,226.8865,14,3.825500000000261,3.3668238232089998,0.45867617679126127,22.075055187638082
2022-03-08,159.60000000000002,166.16250000000002,158.96249999999998,159.41250000000002,0.04111842105263164,POWERGRID,0.04111842105263164,1,L,159.04198124999996,159.33279375000004,20,5.816250000001446,3.376851456483,2.439398543518446,28.30856334041343
2022-03-08,319.45,331.55,321.0,323.0,0.03787760212865865,HINDZINC,0.03787760212865865,1,L,321.16049999999996,322.8385,10,16.78000000000054,3.4164959377399997,13.363504062260542,62.30529595015577
2022-03-09,1598.8,1699.85,1737.25,1710.9,0.06320365273955475,INDIGO,0.06320365273955475,1,L,1738.1186249999998,1710.04455,1,-28.074074999999766,1.82521761937755,-29.899292619377317,-151.6765002158582
2022-03-09,344.5,359.1,358.55,358.95,0.042380261248185835,ZYDUSLIFE,0.042380261248185835,1,L,358.729275,358.770525,9,0.37125000000042974,3.4239742780932003,-3.0527242780927706,11.156045181981433
2022-03-09,194.05,204.15,206.85,207.35,0.05204844112342166,INDHOTEL,0.05204844112342166,1,L,206.95342499999998,207.246325,16,4.6864000000005035,3.514427130296,1.1719728697045033,24.17210539037873
2022-03-10,674.2,707.0,690.65,696.25,0.04865025215069707,AXISBANK,0.04865025215069707,1,L,690.995325,695.901875,4,19.626200000000154,2.9436347010687993,16.682565298931355,81.08303771809267
2022-03-10,85.35,90.05,88.55,88.55,0.05506736965436443,MOTHERSON,0.05506736965436443,1,L,88.594275,88.505725,37,-3.2763499999999226,3.474051511699999,-6.750401511699922,0.0
2022-03-10,405.9,430.25,419.95,419.95,0.059990145355999,TMPV,0.059990145355999,1,L,420.159975,419.740025,7,-2.9396499999998014,3.1170343602999995,-6.056684360299801,0.0
2022-03-11,2272.75,2229.85,2274.7,2314.7,-0.01887581124188764,ADANIENSOL,0.01887581124188764,-1,S,2273.56265,2315.8573499999998,1,-42.29469999999992,2.4287773919199993,-44.72347739191992,-175.84736448762462
2022-03-11,650.75,668.95,671.5,669.8,0.02796772954283533,JSWSTEEL,0.02796772954283533,1,L,671.83575,669.4651,4,-9.48259999999982,2.8437272519684,-12.32632725196822,-25.316455696202667
2022-03-11,467.8,478.2,480.45,479.85,0.022231722958529154,JINDALSTEL,0.022231722958529154,1,L,480.69022499999994,479.61007500000005,6,-6.4808999999993375,3.0543442222068,-9.535244222206138,-12.488292226037201
2022-03-14,1822.0,1867.0,1882.4,1889.2,0.024698133918770626,INFY,0.024698133918770626,1,L,1883.3412,1888.2554000000002,1,4.914200000000164,2.0003391408315996,2.913860859168565,36.12409689757623
2022-03-14,548.4,526.1,527.525,529.675,-0.04066374908825665,LODHA,0.04066374908825665,-1,S,527.2612375,529.9398375,6,-16.071599999999762,3.3615651071576993,-19.43316510715746,-40.75636225771228
2022-03-14,418.15,405.6,412.9,411.85,-0.030013153174697993,TMPV,0.030013153174697993,-1,S,412.69355,412.055925,8,5.101000000000113,3.4989900310507998,1.602009968949313,25.429886170984517
2022-03-15,85.45,88.05,89.3,89.05,0.030427150380339274,MOTHERSON,0.030427150380339274,1,L,89.34464999999999,89.005475,37,-12.549474999999376,3.4975568727452493,-16.047031872744626,-27.995520716684872
2022-03-15,590.8,571.9,558.45,560.0,-0.03199052132701419,HINDALCO,0.03199052132701419,-1,S,558.170775,560.28,5,-10.54612499999962,2.96399832937575,-13.51012332937537,-27.75539439519914
2022-03-15,171.8,165.35,163.1,164.55,-0.037543655413271315,ONGC,0.037543655413271315,-1,S,163.01845,164.632275,20,-32.27649999999983,3.471028251277,-35.747528251276826,-88.90251379521929
2022-03-16,698.15,721.5,722.3,723.9,0.0334455346272291,AXISBANK,0.0334455346272291,1,L,722.6611499999999,723.53805,4,3.507600000000366,3.0676355040767995,0.43996449592356646,22.151460611934404
2022-03-16,1832.55,1914.0,1898.2,1899.6,0.044446263403454145,INDIGO,0.044446263403454145,1,L,1899.1490999999999,1898.6502,1,-0.4988999999998214,2.0136370526418,-2.5125370526416213,7.375408281529161
2022-03-16,685.8,711.7,698.4,697.0,0.03776611256926232,CHOLAFIN,0.03776611256926232,1,L,698.7492,696.6515,4,-8.390799999999672,2.9585879382327995,-11.349387938232471,-20.04581901489111
2022-03-17,780.85,835.0,838.2,840.0,0.06934750592303263,TRENT,0.06934750592303263,1,L,838.6191,839.58,3,2.8827000000001135,2.6697914849898003,0.21290851501031316,21.474588403722628
2022-03-17,75.95,78.6,78.6,81.5,0.03489137590520075,ETERNAL,0.03489137590520075,1,L,78.63929999999999,81.45925000000001,42,118.43790000000084,3.5783415474366005,114.85955845256424,368.9567430025442
2022-03-17,1425.0,1477.45,1443.75,1431.75,0.03680701754385973,TORNTPHARM,0.03680701754385973,1,L,1444.471875,1431.0341250000001,2,-26.875499999999647,3.046379783712,-29.921879783711645,-83.1168831168827
2022-03-21,100.9,97.35,96.6,96.25,-0.035183349851338086,GAIL,0.035183349851338086,-1,S,96.5517,96.298125,34,8.621549999999928,3.4775840750553,5.143965924944628,36.23188405797006
2022-03-21,168.1,173.85,171.5,171.6,0.03420582986317666,CGPOWER,0.03420582986317666,1,L,171.58575,171.51420000000002,19,-1.359449999999498,3.4563402281853,-4.815790228184798,5.830903790087216
2022-03-21,2389.8,2308.45,2296.05,2297.5,-0.0340405054816304,ADANIENSOL,0.0340405054816304,-1,S,2294.901975,2298.64875,1,-3.746774999999616,2.43520788146385,-6.181982881463465,-6.315193484460746
2022-03-22,554.175,538.475,535.5,533.25,-0.028330401046600673,LODHA,0.028330401046600673,-1,S,535.23225,533.516625,6,10.293750000000273,3.4012029584745003,6.892547041525773,42.016806722688926
2022-03-22,149.71,154.63,151.15,151.02,0.03286353616992854,VEDL,0.03286353616992854,1,L,151.225575,150.94449000000003,22,-6.18386999999916,3.5241251217631806,-9.707995121762341,-8.600727753886872
2022-03-22,172.55,179.4,175.0,175.65,0.03969863807591989,ONGC,0.03969863807591989,1,L,175.08749999999998,175.56217500000002,19,9.018825000000902,3.533539987704449,5.485285012296453,37.14285714285781
2022-03-23,1080.15,1106.3,1105.3,1111.3,0.02420960051844645,HDFCAMC,0.02420960051844645,1,L,1105.8526499999998,1110.74435,3,14.675100000000384,3.527506343765999,11.147593656234385,54.283904822221004
2022-03-23,1376.0,1424.5,1417.5,1414.85,0.03524709302325579,TORNTPHARM,0.03524709302325579,1,L,1418.20875,1414.142575,2,-8.13234999999986,3.0026780687989,-11.13502806879876,-18.69488536155317
2022-03-23,806.05,824.75,827.6,826.6,0.02319955337758217,DRREDDY,0.02319955337758217,1,L,828.0138,826.1867000000001,4,-7.308399999999438,3.5075965332520003,-10.815996533251438,-12.083131947800974
2022-03-24,353.95,341.35,343.65,342.55,-0.0355982483401609,KOTAKBANK,0.0355982483401609,-1,S,343.478175,342.721275,9,6.812100000000271,3.2753164371812997,3.536783562818971,32.00931179979549
2022-03-24,825.45,844.0,865.45,865.75,0.022472590708098483,DRREDDY,0.022472590708098483,1,L,865.882725,865.317125,3,-1.696800000000053,2.7535948669983004,-4.450394866998353,3.4664047605281745
2022-03-24,2050.8,1993.0,2025.4,2031.4,-0.028184123268968242,ABB,0.028184123268968242,-1,S,2024.3873,2032.4157,1,-8.02839999999992,2.150139303478,-10.178539303477919,-29.62377801915661
2022-03-25,88.2,90.75,90.25,90.45,0.028911564625850206,MOTHERSON,0.028911564625850206,1,L,90.295125,90.404775,36,3.947400000000073,3.4496584803864,0.49774151961367297,22.16066481994572
2022-03-25,1863.1,1922.4,1945.45,1940.1,0.03182867264237044,INDIGO,0.03182867264237044,1,L,1946.422725,1939.12995,1,-7.292774999999892,2.05941884740455,-9.352193847404443,-27.500064252486965
2022-03-25,2618.5,2552.35,2521.75,2523.95,-0.02526255489784235,TITAN,0.02526255489784235,-1,S,2520.489125,2525.2119749999997,1,-4.722849999999653,2.6748423979485993,-7.397692397948252,-8.724100327153206
2022-03-28,98.45,101.2,101.75,101.35,0.027932960893854775,GAIL,0.027932960893854775,1,L,101.80087499999999,101.299325,32,-16.049599999999828,3.444282756646399,-19.493882756646226,-39.31203931203942
2022-03-28,28.65,29.75,29.75,30.55,0.03839441535776622,ADANIPOWER,0.03839441535776622,1,L,29.764875,30.534725,111,85.45335000000019,3.5583380122655996,81.89501198773459,268.90756302521135
2022-03-29,291.8,301.05,302.25,302.1,0.031699794379712154,AMBUJACEM,0.031699794379712154,1,L,302.401125,301.94895,11,-4.973924999999497,3.5243162197864497,-8.498241219785946,-4.962779156326702
2022-03-29,2731.1,2795.55,2774.75,2766.45,0.023598550034784616,SOLARINDS,0.023598550034784616,1,L,2776.137375,2765.066775,1,-11.070600000000013,2.9368727456378996,-14.007472745637912,-29.912604739166238
2022-03-29,30.45,31.6,35.1,34.65,0.03776683087027921,ADANIPOWER,0.03776683087027921,1,L,35.11755,34.632675,94,-45.578250000000224,3.4714243757798995,-49.04967437578012,-128.20512820512886
2022-03-30,743.2,780.0,764.4,764.75,0.04951560818083944,TATACONSUM,0.04951560818083944,1,L,764.7822,764.3676250000001,4,-1.658299999999599,3.2429975674417997,-4.901297567441398,4.5787545787545625
2022-03-30,34.7,33.4,35.45,33.85,-0.03746397694524506,ADANIPOWER,0.03746397694524506,-1,S,35.432275000000004,33.866925,94,147.14290000000022,3.4701440552047997,143.67275594479543,451.3399153737663
2022-03-30,171.0,163.7,162.75,161.85,-0.04269005847953222,ONGC,0.04269005847953222,-1,S,162.66862500000002,161.93092499999997,20,14.754000000000929,3.4438453599659997,11.310154640034929,55.2995391705069
2022-03-31,361.0,349.0,349.5,348.2,-0.03324099722991691,MAXHEALTH,0.03324099722991691,-1,S,349.32525000000004,348.37409999999994,9,8.56035000000088,3.3303866584779005,5.22996334152298,37.195994277540166
2022-03-31,599.8,581.0,570.2,569.75,-0.031343781260420034,HINDALCO,0.031343781260420034,-1,S,569.9149000000001,570.0348749999999,5,-0.5998749999992015,3.02208906074575,-3.6219640607449515,7.891967730622174
2022-03-31,91.85,95.25,93.3,92.75,0.03701687534022868,MOTHERSON,0.03701687534022868,1,L,93.34665,92.703625,35,-22.505874999999804,3.4502286126752493,-25.956103612675054,-58.94962486602373
2022-04-01,135.0,139.7,142.3,142.85,0.03481481481481463,NTPC,0.03481481481481463,1,L,142.37115,142.778575,23,9.370774999999753,3.4784881412705504,5.892286858729203,38.65073787772122
2022-04-01,563.1,588.55,592.25,588.675,0.04519623512697546,LODHA,0.04519623512697546,1,L,592.546125,588.3806625,5,-20.827312499999948,3.128499429769874,-23.955811929769823,-60.3630223723095
2022-04-01,37.0,38.3,40.25,40.7,0.035135135135135,ADANIPOWER,0.035135135135135,1,L,40.270125,40.67965,82,33.581050000000175,3.5232712982303003,30.057778701769877,111.80124223602483
2022-04-04,40.7,43.3,43.05,42.2,0.06388206388206363,ADANIPOWER,0.06388206388206363,1,L,43.071524999999994,42.178900000000006,77,-68.73212499999909,3.4729928383958497,-72.20511783839494,-197.44483159117144
2022-04-04,753.0,825.65,825.0,829.1,0.09648074369189907,HDFCBANK,0.09648074369189907,1,L,825.4124999999999,828.6854500000001,4,13.091800000000603,3.5096230565467996,9.582176943453803,49.69696969697068
2022-04-04,1138.25,1205.6,1176.6,1177.1,0.05916977816824054,HDFCAMC,0.05916977816824054,1,L,1177.1882999999998,1176.51145,2,-1.3536999999996624,2.4958367002869997,-3.849536700286662,4.249532551419133
2022-04-05,446.75,456.95,459.8,457.6,0.022831561275881374,TMPV,0.022831561275881374,1,L,460.0299,457.37120000000004,7,-18.610899999999674,3.4029622105401995,-22.013862210539873,-47.84688995215336
2022-04-05,86.25,83.8,83.75,83.9,-0.028405797101449304,ETERNAL,0.028405797101449304,-1,S,83.70812500000001,83.94195,39,-9.119174999999842,3.4658016087610495,-12.584976608760892,-17.91044776119577
2022-04-06,46.6,48.95,48.95,48.95,0.0504291845493563,ADANIPOWER,0.0504291845493563,1,L,48.974475,48.92552500000001,68,-3.328599999999369,3.5294543811999994,-6.858054381199368,0.0
2022-04-06,2960.65,3135.2,3002.0,2981.15,0.05895664803337097,SOLARINDS,0.05895664803337097,1,L,3003.5009999999997,2979.6594250000003,1,-23.841574999999466,3.16980464625605,-27.011379646255516,-69.45369753497688
2022-04-06,235.6,252.75,251.05,251.45,0.0727928692699491,INDHOTEL,0.0727928692699491,1,L,251.175525,251.324275,13,1.9337500000000887,3.4639126789123997,-1.530162678912311,15.93308105954927
2022-04-07,2484.05,2643.0,2455.0,2439.5,0.06398824500311973,ADANIENSOL,0.06398824500311973,1,L,2456.2275,2438.2802500000003,1,-17.947249999999713,2.5932210687515,-20.540471068751213,-63.136456211813076
2022-04-07,48.95,51.4,46.5,46.5,0.050051072522982576,ADANIPOWER,0.050051072522982576,1,L,46.52325,46.47675,71,-3.3014999999996206,3.5007191129999997,-6.80221911299962,0.0
2022-04-07,72.6,76.0,77.95,77.25,0.046831955922865154,BEL,0.046831955922865154,1,L,77.988975,77.211375,42,-32.659199999999686,3.4526404407221993,-36.111840440721885,-89.80115458627313
2022-04-08,2166.0,2252.0,2308.0,2311.15,0.03970452446906747,ADANIGREEN,0.03970452446906747,1,L,2309.154,2309.9944250000003,1,0.840425000000323,2.44928503954405,-1.608860039543727,13.64818024263581
2022-04-08,46.5,44.2,44.2,44.2,-0.04946236559139783,ADANIPOWER,0.04946236559139783,-1,S,44.17790000000001,44.2221,75,-3.314999999999202,3.51503373,-6.830033729999202,-0.0
2022-04-08,686.75,731.45,742.65,741.0,0.06508918820531506,CHOLAFIN,0.06508918820531506,1,L,743.0213249999999,740.6295,4,-9.567299999999705,3.1456285663458003,-12.712928566345505,-22.21773379115333
2022-04-11,1857.5,2478.75,2518.0,2669.95,0.3344549125168237,ADANIGREEN,0.3344549125168237,1,L,2519.259,2668.615025,1,149.35602500000005,2.76717485552965,146.5888501444704,603.455123113581
2022-04-11,406.5,338.9,348.65,348.5,-0.16629766297662985,HINDZINC,0.16629766297662985,-1,S,348.475675,348.67425,9,-1.7871749999995359,3.32662655594745,-5.113801555946986,4.302308905779206
2022-04-12,2665.15,2855.0,2790.0,2795.45,0.07123426448792758,ADANIGREEN,0.07123426448792758,1,L,2791.395,2794.052275,1,2.657275000000027,2.96184166708415,-0.30456666708412294,19.534050179210727
2022-04-12,2756.5,2873.8,2732.4,2703.05,0.04255396335933259,ADANIENSOL,0.04255396335933259,1,L,2733.7662,2701.698475,1,-32.06772499999988,2.8784972430165503,-34.946222243016436,-107.41472697994413
2022-04-13,340.35,353.75,352.35,352.35,0.03937123549287502,HINDZINC,0.03937123549287502,1,L,352.526175,352.173825,9,-3.1711500000000115,3.3625035333000004,-6.533653533300011,0.0
2022-04-13,81.5,84.1,83.9,84.1,0.031901840490797584,ETERNAL,0.031901840490797584,1,L,83.94195,84.05795,39,4.523999999999987,3.4745363241185996,1.0494636758813871,23.837902264598476
2022-04-13,131.25,136.35,135.0,134.75,0.03885714285714292,VBL,0.03885714285714292,1,L,135.0675,134.682625,24,-9.236999999999853,3.4316686446779996,-12.668668644677853,-18.518518518518825
2022-04-18,1748.55,1631.6,1627.2,1622.45,-0.06688398959137576,INFY,0.06688398959137576,-1,S,1626.3864,1623.261225,2,6.250350000000253,3.4467828617264997,2.8035671382737535,29.191248770894518
2022-04-18,236.8,227.85,234.0,232.7,-0.037795608108108225,SHRIRAMFIN,0.037795608108108225,-1,S,233.883,232.81634999999997,14,14.933100000000536,3.4660284547433995,11.467071545257136,55.55555555555647
2022-04-18,1410.45,1347.2,1339.85,1343.55,-0.0448438441632103,TECHM,0.0448438441632103,-1,S,1339.180075,1344.221775,2,-10.083399999999983,2.8445096846361997,-12.927909684636184,-27.615031533381185
2022-04-19,141.25,145.4,140.85,141.25,0.02938053097345139,VBL,0.02938053097345139,1,L,140.920425,141.17937500000002,23,5.955850000000623,3.4409180602604,2.514931939740223,28.399006034789398
2022-04-19,112.0,115.35,114.95,113.3,0.029910714285714235,GAIL,0.029910714285714235,1,L,115.007475,113.24335,28,-49.3954999999998,3.3832531092206,-52.778753109220396,-143.54066985646008
2022-04-19,815.65,841.9,842.85,834.4,0.032182921596273006,TRENT,0.032182921596273006,1,L,843.271425,833.9828,3,-27.865875000000074,2.66490614986455,-30.530781149864623,-100.25508690751694
2022-04-20,2454.85,2556.4,2526.85,2538.5,0.04136708963887825,EICHERMOT,0.04136708963887825,1,L,2528.1134249999996,2537.23075,1,9.11732500000062,2.68678008628355,6.430544913717069,46.1048340819592
2022-04-20,2598.05,2717.0,2695.3,2668.05,0.045784338253690215,ADANIENSOL,0.045784338253690215,1,L,2696.64765,2666.7159750000005,1,-29.93167499999936,2.8405023571792505,-32.772177357178606,-101.10191815382308
2022-04-20,46.5,48.3,47.15,47.2,0.038709677419354716,ADANIPOWER,0.038709677419354716,1,L,47.17357499999999,47.17640000000001,70,0.19775000000109344,3.5018984416045,-3.3041484416034064,10.604453870626251
2022-04-21,199.1,206.25,205.95,206.95,0.035911602209944826,COALINDIA,0.035911602209944826,1,L,206.05297499999998,206.846525,16,12.696800000000621,3.5042774525920004,9.192522547408622,48.55547462976561
2022-04-21,47.0,48.3,49.35,49.35,0.02765957446808498,ADANIPOWER,0.02765957446808498,1,L,49.374674999999996,49.32532500000001,67,-3.306449999999316,3.5059678058999997,-6.812417805899315,0.0
2022-04-21,556.95,542.6,540.85,540.75,-0.025765329024149408,JINDALSTEL,0.025765329024149408,-1,S,540.5795750000001,541.020375,6,-2.6447999999991225,3.4406635625322,-6.085463562531323,1.848941481003008
2022-04-22,540.25,521.65,514.7,513.85,-0.03442850532161046,HINDALCO,0.03442850532161046,-1,S,514.4426500000001,514.106925,6,2.0143500000001495,3.2724039402237004,-1.2580539402235509,16.514474451136962
2022-04-22,850.5,875.35,879.9,870.15,0.029218106995884785,ADANIPORTS,0.029218106995884785,1,L,880.3399499999999,869.714925,3,-31.87507499999981,2.7802675302052493,-34.65534253020506,-110.8080463689054
2022-04-22,49.35,51.55,51.8,51.8,0.04457953394123604,ADANIPOWER,0.04457953394123604,1,L,51.8259,51.7741,64,-3.3152000000000044,3.5152457983999996,-6.830445798400004,0.0
2022-04-25,797.05,753.0,759.75,760.95,-0.055266294460824206,GODREJCP,0.055266294460824206,-1,S,759.370125,761.330475,4,-7.841399999999794,3.2243974313423998,-11.065797431342194,-15.794669299111774
2022-04-25,1060.7,1010.45,999.2,999.0,-0.047374375412463476,CUMMINSIND,0.047374375412463476,-1,S,998.7004000000001,999.4994999999999,3,-2.397299999999518,3.1782289175322003,-5.575528917531718,2.0016012810253336
2022-04-25,51.8,54.4,54.4,54.4,0.050193050193050315,ADANIPOWER,0.050193050193050315,1,L,54.42719999999999,54.372800000000005,61,-3.318399999999201,3.5186388928000003,-6.837038892799201,0.0
2022-04-26,715.2,740.0,760.8,763.15,0.03467561521252782,CHOLAFIN,0.03467561521252782,1,L,761.1804,762.768425,4,6.352100000000064,3.2328478897377995,3.1192521102622646,30.888538380651198
2022-04-26,54.4,57.15,57.15,57.15,0.05055147058823528,ADANIPOWER,0.05055147058823528,1,L,57.178574999999995,57.121425,58,-3.31469999999959,3.5147156273999998,-6.829415627399589,0.0
2022-04-26,761.15,788.85,792.3,796.3,0.036392301123300275,GODREJCP,0.036392301123300275,1,L,792.6961499999999,795.90185,4,12.82280000000037,3.3706743605919995,9.45212563940837,50.485927047836384
2022-04-27,142.85,138.6,138.95,138.25,-0.029751487574378732,VBL,0.029751487574378732,-1,S,138.880525,138.31912499999999,24,13.473600000000488,3.5289651749015993,9.944634825098888,50.37783375314797
2022-04-27,724.05,691.0,677.0,670.65,-0.04564601892134512,BAJFINANCE,0.04564601892134512,-1,S,676.6615,670.985325,4,22.70470000000023,2.8607270587298,19.84397294127043,93.79615952732622
2022-04-27,2952.45,2854.45,2893.3,2839.6,-0.033192772104523316,ADANIGREEN,0.033192772104523316,-1,S,2891.8533500000003,2841.0197999999996,1,50.83355000000074,3.0453100893318994,47.78823991066884,185.60121660387895
2022-04-28,138.25,142.05,142.05,140.85,0.027486437613019943,VBL,0.027486437613019943,1,L,142.121025,140.779575,23,-30.853350000000205,3.4466349628187993,-34.299984962819,-84.47729672650617
2022-04-28,59.85,62.15,56.85,56.85,0.03842940685045937,ADANIPOWER,0.03842940685045937,1,L,56.878425,56.821575,58,-3.2972999999998365,3.4962656765999998,-6.793565676599837,0.0
2022-04-28,235.75,247.6,247.8,246.35,0.05026511134676559,INDHOTEL,0.05026511134676559,1,L,247.9239,246.22682500000002,13,-22.06197499999979,3.4037234928300504,-25.46569849282984,-58.514931396288496
2022-04-29,228.35,241.85,243.2,239.95,0.05911977227939569,SHRIRAMFIN,0.05911977227939569,1,L,243.32159999999996,239.830025,13,-45.39047499999941,3.325341243474249,-48.71581624347366,-133.6348684210531
2022-04-29,56.85,54.0,56.7,56.2,-0.05013192612137207,ADANIPOWER,0.05013192612137207,-1,S,56.67165000000001,56.2281,58,25.72590000000052,3.4748480539229996,22.25105194607752,88.1834215167554
2022-04-29,141.35,148.2,146.15,144.65,0.048461266360098953,VBL,0.048461266360098953,1,L,146.223075,144.57767500000003,22,-36.19879999999927,3.388200738329,-39.587000738328264,-102.6342798494695
2022-05-02,175.0,147.3,147.75,146.9,-0.15828571428571425,MAZDOCK,0.15828571428571425,-1,S,147.676125,146.97344999999999,22,15.45885000000061,3.4387795156869005,12.02007048431371,57.52961082910235
2022-05-04,192.6,181.7,183.0,182.6,-0.056593977154724806,CGPOWER,0.056593977154724806,-1,S,182.9085,182.69129999999998,18,3.909600000000353,3.4897394079864004,0.4198605920139524,21.857923497268228
2022-05-04,2918.95,3045.75,2966.0,2991.2,0.04344027818222318,SOLARINDS,0.04344027818222318,1,L,2967.4829999999997,2989.7044,1,22.221400000000358,3.1611000003523997,19.06029999964796,84.96291301415937
2022-05-05,2671.35,2761.35,2797.0,2820.0,0.03369083047897137,ADANIGREEN,0.03369083047897137,1,L,2798.3985,2818.59,1,20.19150000000036,2.980494409401,17.21100559059936,82.230961744727
2022-05-05,162.25,167.25,164.35,165.1,0.03081664098613257,ONGC,0.03081664098613257,1,L,164.43217499999997,165.01745,20,11.705500000000484,3.4949427423049997,8.210557257695484,45.63431700638887
2022-05-05,2014.45,2178.05,2202.7,2220.95,0.081213234381593,ABB,0.081213234381593,1,L,2203.8013499999997,2219.839525,1,16.038175000000138,2.3472936058377494,13.690881394162389,82.85286239614997
2022-05-06,715.3,672.35,636.25,634.85,-0.060044736474206495,CHOLAFIN,0.060044736474206495,-1,S,635.931875,635.167425,5,3.8222500000000537,3.370269934709,0.4519800652910537,22.003929273084477
2022-05-06,86.6,82.75,82.4,82.35,-0.04445727482678974,MOTHERSON,0.04445727482678974,-1,S,82.35880000000002,82.39117499999999,40,-1.294999999998936,3.494046359774,-4.789046359772936,6.067961165049374
2022-05-06,151.64,137.12,135.21,134.76,-0.09575309944605637,VEDL,0.09575309944605637,-1,S,135.14239500000002,134.82737999999998,24,7.560360000001083,3.4363114936596,4.124048506341483,33.28156201464538
2022-05-09,43.85,41.75,40.75,40.4,-0.04789053591790193,CANBK,0.04789053591790193,-1,S,40.729625000000006,40.420199999999994,81,25.06342500000094,3.48800449269645,21.57542050730449,85.88957055214786
2022-05-09,1290.75,1242.95,1265.25,1260.0,-0.03703273290722442,TECHM,0.03703273290722442,-1,S,1264.617375,1260.6299999999999,2,7.974750000000313,2.6787808518134995,5.295969148186813,41.49377593360981
2022-05-09,245.2,226.9,231.4,229.95,-0.07463295269168024,TATAPOWER,0.07463295269168024,-1,S,231.28430000000003,230.06497499999998,14,17.070550000000765,3.4265490901061004,13.644000909894665,62.66205704408057
2022-05-10,2305.7,2239.65,2254.8,2233.45,-0.028646398056989097,ABB,0.028646398056989097,-1,S,2253.6726000000003,2234.5667249999997,1,19.10587500000065,2.38188283058745,16.7239921694132,94.68689018981902
2022-05-10,164.75,158.45,156.65,154.65,-0.038239757207890857,ONGC,0.038239757207890857,-1,S,156.57167500000003,154.727325,21,38.73135000000042,3.4704957435540003,35.26085425644642,127.67315671879942
2022-05-10,56.3,54.35,53.5,53.5,-0.03463587921847244,ADANIPOWER,0.03463587921847244,-1,S,53.47325,53.52675,62,-3.316999999999979,3.517154414,-6.834154413999979,-0.0
2022-05-11,2486.7,2608.0,2603.0,2641.0,0.048779506977118414,ADANIGREEN,0.048779506977118414,1,L,2604.3015,2639.6795,1,35.378000000000156,2.7843866497059997,32.593613350294156,145.98540145985385
2022-05-11,232.05,223.4,224.35,223.7,-0.0372764490411549,SHRIRAMFIN,0.0372764490411549,-1,S,224.23782500000002,223.81184999999996,14,5.963650000000712,3.3266022191716993,2.6370477808290125,28.972587474928034
2022-05-11,52.45,54.45,54.15,53.8,0.03813155386081979,ETERNAL,0.03813155386081979,1,L,54.177074999999995,53.7731,61,-24.642474999999727,3.4888066866125502,-28.131281686612276,-64.63527239150557
2022-05-12,33.1,29.9,28.7,28.55,-0.09667673716012093,PNB,0.09667673716012093,-1,S,28.685650000000003,28.564275,116,14.079500000000465,3.5227749980337997,10.556725001966665,52.26480836236891
2022-05-12,2296.0,2189.0,2212.95,2201.9,-0.04660278745644597,ADANIENSOL,0.04660278745644597,-1,S,2211.8435249999998,2203.00095,1,8.84257499999967,2.3418380098513496,6.5007369901483205,49.93334688989659
2022-05-12,51.05,48.9,48.5,48.5,-0.04211557296767876,ADANIPOWER,0.04211557296767876,-1,S,48.475750000000005,48.524249999999995,68,-3.2979999999993197,3.4970079159999994,-6.795007915999319,-0.0
2022-05-13,372.3,400.15,405.9,402.5,0.07480526457158199,TMPV,0.07480526457158199,1,L,406.10294999999996,402.29875000000004,8,-30.433599999999387,3.4257371022735996,-33.85933710227299,-83.76447400837539
2022-05-13,791.7,830.75,829.9,820.15,0.049324238979411295,UNITDSPR,0.049324238979411295,1,L,830.31495,819.739925,4,-42.30009999999993,3.4949549736070002,-45.79505497360693,-117.48403422099041
2022-05-13,48.5,50.95,50.95,50.95,0.050515463917525816,ADANIPOWER,0.050515463917525816,1,L,50.975475,50.924525,65,-3.3117500000000177,3.5115876184999997,-6.823337618500018,0.0
2022-05-16,50.95,53.45,53.45,53.45,0.04906771344455341,ADANIPOWER,0.04906771344455341,1,L,53.476725,53.423275000000004,62,-3.313899999999876,3.5138673538,-6.827767353799876,0.0
2022-05-16,2171.55,2314.4,2300.0,2277.6,0.06578250558356924,ADANIGREEN,0.06578250558356924,1,L,2301.15,2276.4612,1,-24.6887999999999,2.4244527081312,-27.1132527081311,-97.39130434782695
2022-05-17,390.95,415.05,425.0,428.8,0.061644711599949,HINDALCO,0.061644711599949,1,L,425.2125,428.58560000000006,7,23.611700000000553,3.1715389465942003,20.440161053406353,89.4117647058823
2022-05-17,107.46,114.92,118.91,120.31,0.06942117997394393,VEDL,0.06942117997394393,1,L,118.969455,120.24984500000001,28,35.850920000000315,3.5554717929304003,32.29544820706992,117.73610293499326
2022-05-17,53.45,56.15,56.15,56.15,0.05051449953227305,ADANIPOWER,0.05051449953227305,1,L,56.17807499999999,56.121925000000005,59,-3.312849999999301,3.5127539946999997,-6.825603994699301,0.0
2022-05-18,168.3,175.25,176.4,177.35,0.04129530600118825,CGPOWER,0.04129530600118825,1,L,176.4882,177.261325,18,13.916249999999877,3.3777403090676996,10.538509690932177,53.854875283445566
2022-05-18,2285.8,2399.65,2410.85,2397.8,0.04980750721847915,ADANIGREEN,0.04980750721847915,1,L,2412.0554249999996,2396.6011000000003,1,-15.454324999999244,2.5479747388746494,-18.002299738873894,-54.1302859987125
2022-05-18,56.15,58.95,58.95,58.95,0.04986642920747997,ADANIPOWER,0.04986642920747997,1,L,58.979475,58.920525000000005,56,-3.301199999999767,3.5004010103999996,-6.801601010399766,0.0
2022-05-19,58.75,56.3,55.0,55.45,-0.041702127659574484,ETERNAL,0.041702127659574484,-1,S,54.972500000000004,55.477725,60,-30.31349999999975,3.5104803750510007,-33.82398037505075,-81.8181818181829
2022-05-19,1172.05,1115.5,1101.2,1104.6,-0.048248794846636245,TECHM,0.048248794846636245,-1,S,1100.6494,1105.1522999999997,3,-13.50869999999918,3.5072342795525993,-17.01593427955178,-30.8754086451124
2022-05-19,1509.2,1443.95,1419.6,1424.75,-0.04323482639809173,INFY,0.04323482639809173,-1,S,1418.8902,1425.4623749999998,2,-13.144349999999577,3.0148534983638995,-16.159203498363475,-36.27782473936358
2022-05-20,842.875,888.6,874.4,879.5,0.05424885065994367,HAL,0.05424885065994367,1,L,874.8371999999999,879.06025,3,12.669150000000172,2.7912796944710996,9.877870305529072,58.325709057640566
2022-05-20,398.65,419.2,418.25,417.75,0.05154897780007528,TMPV,0.05154897780007528,1,L,418.459125,417.541125,7,-6.425999999999647,3.1021766198954994,-9.528176619895145,-11.95457262402888
2022-05-20,450.8,476.725,485.125,494.025,0.05750887311446329,LODHA,0.05750887311446329,1,L,485.36756249999996,493.7779875,6,50.46255000000019,3.1205614508657993,47.34198854913439,183.45787168255524
2022-05-23,631.1,562.55,544.7,547.45,-0.10861987006813512,JSWSTEEL,0.10861987006813512,-1,S,544.4276500000001,547.7237250000001,6,-19.77644999999984,3.4723469202645005,-23.24879692026434,-50.48650633376228
2022-05-23,117.05,102.55,102.65,102.35,-0.12387868432293891,TATASTEEL,0.12387868432293891,-1,S,102.59867500000001,102.401175,32,6.3200000000006185,3.4789752149152,2.8410247850854184,29.2255236239658
2022-05-23,478.8,416.0,395.1,393.5,-0.13116123642439437,JINDALSTEL,0.13116123642439437,-1,S,394.90245000000004,393.69674999999995,8,9.64560000000074,3.3461474113536,6.29945258864714,40.496076942546644
2022-05-24,1457.4,1393.7,1401.7,1401.85,-0.043707973102785846,GRASIM,0.043707973102785846,-1,S,1400.99915,1402.5509249999998,2,-3.103549999999359,2.9726888936338995,-6.076238893633258,-1.0701291289150205
2022-05-24,57.05,66.15,64.75,64.55,0.15950920245398792,ETERNAL,0.15950920245398792,1,L,64.782375,64.517725,51,-13.497150000000161,3.4949873294526,-16.99213732945276,-30.888030888031047
2022-05-25,64.95,61.75,61.95,62.2,-0.049268668206312594,ETERNAL,0.049268668206312594,-1,S,61.919025000000005,62.2311,53,-16.53997499999963,3.4870446841972504,-20.02701968419688,-40.35512510088823
2022-05-25,2136.3,2213.0,2155.65,2187.85,0.0359031971165098,ADANIGREEN,0.0359031971165098,1,L,2156.727825,2186.7560750000002,1,30.0282500000003,2.3063312018614,27.721918798138898,149.37489852248743
2022-05-25,62.3,59.7,59.5,59.5,-0.04173354735152479,ADANIPOWER,0.04173354735152479,-1,S,59.47025,59.52975,56,-3.3319999999999936,3.5330595439999986,-6.865059543999992,-0.0
2022-05-26,2087.95,1996.1,2058.0,2158.8,-0.04399051701429624,ADANIENSOL,0.04399051701429624,-1,S,2056.971,2159.8794000000003,1,-102.90840000000026,2.2245637961903997,-105.13296379619065,-489.79591836734835
2022-05-26,1317.4,1414.8,1446.2,1448.7,0.07393350538940324,TORNTPHARM,0.07393350538940324,1,L,1446.9231,1447.97565,2,2.1051000000002205,3.0701327302349997,-0.9650327302347792,17.286682339925363
2022-05-26,1645.65,1742.75,1801.35,1821.65,0.059004040956460946,INDIGO,0.059004040956460946,1,L,1802.2506749999998,1820.7391750000002,1,18.488500000000386,1.9230371512061,16.565462848794287,112.69325783440198
2022-05-27,151.9,146.95,144.0,143.9,-0.03258722843976314,ONGC,0.03258722843976314,-1,S,143.928,143.97195,23,-1.0108499999998912,3.5108857009401,-4.521735700939992,6.94444444444442
2022-05-27,1137.25,1074.6,1090.5,1094.0,-0.05508903055616632,MUTHOOTFIN,0.05508903055616632,-1,S,1089.95475,1094.547,3,-13.776749999999765,3.4733234321864996,-17.250073432186266,-32.09536909674515
2022-05-27,1028.25,995.15,1012.0,1014.1,-0.03219061512278143,CUMMINSIND,0.03219061512278143,-1,S,1011.494,1014.60705,3,-9.33914999999979,3.2218470595118993,-12.56099705951169,-20.750988142292925
2022-05-30,2149.2,2231.0,2250.1,2259.0,0.03806067373906585,TITAN,0.03806067373906585,1,L,2251.22505,2257.8705,1,6.6454499999999825,2.3915706965942998,4.253879303405682,39.55379760899547
2022-05-30,62.05,65.3,69.1,70.2,0.05237711522965349,ETERNAL,0.05237711522965349,1,L,69.13454999999999,70.1649,48,49.45680000000061,3.5507293764336,45.90607062356701,159.1895803183796
2022-05-30,65.6,68.2,66.45,67.8,0.03963414634146356,ADANIPOWER,0.03963414634146356,1,L,66.483225,67.7661,50,64.1437499999995,3.5661799423725,60.577570057627,203.16027088036037
2022-05-31,468.625,484.975,486.25,480.275,0.034889303814350514,LODHA,0.034889303814350514,1,L,486.49312499999996,480.03486250000003,6,-38.749574999999595,3.0706071589510495,-41.820182158950644,-122.87917737789256
2022-05-31,2143.5,2067.05,2052.65,1848.0,-0.035665966876603616,ADANIGREEN,0.035665966876603616,-1,S,2051.6236750000003,1848.924,1,202.6996750000003,2.09046875577455,200.60920624422576,997.0038730421649
2022-05-31,68.8,64.65,64.65,64.65,-0.060319767441860295,ADANIPOWER,0.060319767441860295,-1,S,64.617675,64.682325,51,-3.2971500000000162,3.4961066253000004,-6.793256625300017,-0.0
2022-06-01,64.65,61.4,61.4,61.4,-0.05027068832173254,ADANIPOWER,0.05027068832173254,-1,S,61.3693,61.430699999999995,54,-3.315599999999563,3.5156699352,-6.831269935199563,-0.0
2022-06-01,480.0,503.6,499.175,499.45,0.0491666666666668,LODHA,0.0491666666666668,1,L,499.4245875,499.20027500000003,6,-1.3458749999996371,3.17683315181355,-4.5227081518131875,5.509089998496641
2022-06-01,2053.9,1979.85,1960.1,1960.0,-0.036053361896879244,ADANIENSOL,0.036053361896879244,-1,S,1959.11995,1960.9799999999998,1,-1.8600499999997737,2.0783343105886996,-3.9383843105884733,0.5101780521399313
2022-06-02,1846.0,1903.55,1913.0,1921.05,0.031175514626218925,ADANIGREEN,0.031175514626218925,1,L,1913.9565,1920.089475,1,6.132974999999988,2.0335854883903495,4.099389511609639,42.080501829586666
2022-06-02,102.1,104.9,103.55,103.6,0.027424094025465307,BANKBARODA,0.027424094025465307,1,L,103.60177499999999,103.5482,32,-1.7143999999998414,3.5145731006191996,-5.228973100619041,4.828585224530002
2022-06-03,1234.0,1268.7,1262.95,1256.3,0.02811993517017841,RELIANCE,0.02811993517017841,1,L,1263.581475,1255.67185,2,-15.819250000000011,2.6698071095029,-18.489057109502912,-52.65449938635758
2022-06-03,1435.0,1397.45,1337.7,1341.4,-0.026167247386759573,GRASIM,0.026167247386759573,-1,S,1337.03115,1342.0707,2,-10.079099999999926,2.8399502140362003,-12.919050214036126,-27.659415414518218
2022-06-06,85.15,82.5,83.0,83.2,-0.031121550205519766,MOTHERSON,0.031121550205519766,-1,S,82.9585,83.2416,40,-11.324000000000183,3.5236989289040004,-14.847698928904183,-24.09638554216942
2022-06-06,71.75,69.75,70.15,70.05,-0.027874564459930307,ETERNAL,0.027874564459930307,-1,S,70.11492500000001,70.08502499999999,47,1.4053000000012332,3.4940245413689,-2.0887245413676667,14.255167498219423
2022-06-06,119.3,115.25,115.5,115.45,-0.03394803017602677,RECLTD,0.03394803017602677,-1,S,115.44225,115.507725,28,-1.833299999999781,3.4285574174418,-5.261857417441581,4.3290043290045155
2022-06-07,2198.0,2111.35,2095.0,2102.95,-0.039422202001819895,TITAN,0.039422202001819895,-1,S,2093.9525000000003,2104.0014749999996,1,-10.048974999999245,2.22475895709835,-12.273733957097596,-37.947494033412354
2022-06-07,237.5,232.1,233.6,235.8,-0.022736842105263166,SHRIRAMFIN,0.022736842105263166,-1,S,233.4832,235.9179,14,-34.08579999999989,3.4806919090803996,-37.56649190908029,-94.17808219178258
2022-06-07,153.9,158.0,162.2,161.5,0.026640675763482724,ONGC,0.026640675763482724,1,L,162.28109999999998,161.41925,20,-17.23699999999951,3.430790765582,-20.66779076558151,-43.15659679408057
2022-06-08,520.25,536.425,544.525,548.75,0.031090821720326733,LODHA,0.031090821720326733,1,L,544.7972625,548.475625,6,22.07017500000029,3.48051797953545,18.58965702046484,77.59056058032287
2022-06-08,161.25,165.95,162.75,163.75,0.02914728682170531,ONGC,0.02914728682170531,1,L,162.83137499999998,163.668125,20,16.73500000000047,3.4642113277399997,13.270788672260469,61.443932411673345
2022-06-08,100.85,102.95,100.95,101.6,0.020823004462072525,GAIL,0.020823004462072525,1,L,101.000475,101.5492,33,18.10792500000015,3.5460963029761494,14.561828697024001,64.38831104507159
2022-06-09,949.1,927.45,937.8,940.65,-0.022811084185017316,HDFCAMC,0.022811084185017316,-1,S,937.3311,941.120325,3,-11.367674999999963,2.9867609115661495,-14.354435911566112,-30.39027511196446
2022-06-09,163.55,166.9,165.4,165.55,0.020483032711708926,ONGC,0.020483032711708926,1,L,165.4827,165.467225,20,-0.3094999999996162,3.509531053661,-3.8190310536606162,9.06892382104063
2022-06-09,839.85,857.55,861.35,864.35,0.021075191998570997,DRREDDY,0.021075191998570997,1,L,861.780675,863.9178250000001,3,6.4114500000004,2.745735898083,3.6657141019174,34.82904742555304
2022-06-10,237.8,229.4,230.5,230.5,-0.03532380151387726,WIPRO,0.03532380151387726,-1,S,230.38475000000003,230.61524999999997,14,-3.2269999999992933,3.421723634,-6.6487236339992934,-0.0
2022-06-10,590.2,570.4,567.6,566.8,-0.03354794984750942,BAJFINANCE,0.03354794984750942,-1,S,567.3162000000001,567.0833999999999,5,1.1640000000011241,3.0075688515479992,-1.843568851546875,14.094432699085502
2022-06-10,2780.0,2875.0,2862.05,2860.1,0.03417266187050361,SOLARINDS,0.03417266187050361,1,L,2863.481025,2858.66995,1,-4.8110750000000735,3.03350400462035,-7.844579004620424,-6.813298160410763
2022-06-13,41.5,39.6,39.4,39.4,-0.04578313253012045,CANBK,0.04578313253012045,-1,S,39.3803,39.4197,84,-3.309600000000046,3.509307883199999,-6.818907883200045,-0.0
2022-06-13,385.55,367.75,363.25,366.75,-0.046167812216314386,HINDALCO,0.046167812216314386,-1,S,363.068375,366.93337499999996,9,-34.78499999999957,3.4797668210595,-38.26476682105907,-96.35237439779675
2022-06-13,104.85,100.15,99.55,100.0,-0.044825941821649895,BANKBARODA,0.044825941821649895,-1,S,99.500225,100.05,33,-18.142574999999894,3.4896259975780497,-21.632200997577943,-45.20341536916162
2022-06-14,2665.5,2608.5,2637.75,2634.3,-0.021384355655599374,ASIANPAINT,0.021384355655599374,-1,S,2636.431125,2635.61715,1,0.8139750000000276,2.7954666059101503,-1.9814916059101226,13.079328973556459
2022-06-14,53.2,54.4,53.8,52.85,0.022556390977443552,ADANIPOWER,0.022556390977443552,1,L,53.826899999999995,52.823575000000005,61,-61.202824999999365,3.44274782944835,-64.64557282944772,-176.57992565055736
2022-06-14,2383.0,2336.0,2386.8,2400.0,-0.019723038187159037,SIEMENS,0.019723038187159037,-1,S,2385.6066000000005,2401.2,1,-15.593399999999292,2.5363740422916,-18.12977404229089,-55.30417295123158
2022-06-15,99.7,95.7,96.45,95.95,-0.04012036108324979,TATASTEEL,0.04012036108324979,-1,S,96.40177500000001,95.997975,34,13.729200000000617,3.470032106679,10.259167893321617,51.84033177812353
2022-06-15,39.35,38.1,37.7,37.65,-0.031766200762388785,CANBK,0.031766200762388785,-1,S,37.68115,37.668825,88,1.0846000000003642,3.5159407003028,-2.4313407003024357,13.262599469496816
2022-06-15,545.6,530.0,530.0,528.25,-0.028592375366569,LODHA,0.028592375366569,-1,S,529.735,528.5141249999999,6,7.325250000000551,3.367472980813499,3.957777019187052,33.01886792452802
2022-06-16,278.5,288.8,270.95,276.05,0.03698384201077198,HINDZINC,0.03698384201077198,1,L,271.085475,275.91197500000004,12,57.9180000000008,3.4867582190844004,54.4312417809164,188.2266100756613
2022-06-16,631.15,650.3,623.25,626.9,0.030341440228154992,CHOLAFIN,0.030341440228154992,1,L,623.5616249999999,626.58655,5,15.124625000000265,3.31596903993775,11.808655960062515,58.56397914159706
2022-06-16,2055.0,2101.15,2064.8,2129.85,0.022457420924574256,ADANIENSOL,0.022457420924574256,1,L,2065.8324000000002,2128.7850750000002,1,62.952675,2.2310200395493505,60.72165496045065,315.042619139867
2022-06-17,857.4,831.55,836.2,827.1,-0.03014928854676935,DRREDDY,0.03014928854676935,-1,S,835.7819000000001,827.51355,3,24.805050000000165,2.648496035315101,22.156553964685063,108.82563979909166
2022-06-17,324.7,333.7,331.55,328.0,0.027717893440098562,JINDALSTEL,0.027717893440098562,1,L,331.715775,327.836,10,-38.79774999999995,3.4928472420115,-42.29059724201145,-107.07283969235482
2022-06-20,98.98,90.77,85.06,86.37,-0.08294604970701158,VEDL,0.08294604970701158,-1,S,85.01747,86.413185,39,-54.43288499999983,3.53899501129317,-57.971880011292996,-154.00893486950505
2022-06-20,93.4,88.55,86.6,87.5,-0.05192719486081376,GAIL,0.05192719486081376,-1,S,86.55669999999999,87.54374999999999,38,-37.507899999999864,3.5037523686645997,-41.011652368664464,-103.92609699769073
2022-06-20,211.8,199.9,192.55,194.7,-0.05618508026440039,TATAPOWER,0.05618508026440039,-1,S,192.45372500000002,194.79734999999997,17,-39.841624999999084,3.48623742563015,-43.327862425629235,-111.65930927031775
2022-06-21,87.7,90.35,90.95,90.9,0.030216647662485663,GAIL,0.030216647662485663,1,L,90.995475,90.85455000000002,36,-5.073299999999335,3.4706199458034006,-8.543919945802736,-5.4975261132483855
2022-06-21,1555.9,1599.3,1626.55,1627.7,0.027893823510508398,INDIGO,0.027893823510508398,1,L,1627.363275,1626.88615,2,-0.9542499999997744,3.4508703437400996,-4.405120343739874,7.0701792136729225
2022-06-21,1966.9,2035.9,2072.1,2078.5,0.03508058365956579,TITAN,0.03508058365956579,1,L,2073.1360499999996,2077.46075,1,4.3247000000005755,2.2012300558768,2.1234699441237757,30.886540224892567
2022-06-22,2218.1,2125.0,2148.0,2124.0,-0.041972859654659356,ADANIENSOL,0.041972859654659356,-1,S,2146.926,2125.062,1,21.864000000000033,2.2675241492879996,19.596475850712032,111.73184357541888
2022-06-22,36.05,34.65,34.85,34.75,-0.03883495145631066,UNIONBANK,0.03883495145631066,-1,S,34.832575000000006,34.767375,95,6.194000000000415,3.5065331334265006,2.687466866573914,28.694404591105283
2022-06-22,340.75,323.25,317.85,316.95,-0.051357300073367584,HINDALCO,0.051357300073367584,-1,S,317.691075,317.108475,10,5.8260000000001355,3.366513121983,2.4594868780171355,28.31524303917088
2022-06-23,175.65,181.35,183.15,181.6,0.032450896669513174,CGPOWER,0.032450896669513174,1,L,183.24157499999998,181.5092,18,-31.182749999999828,3.477776097152699,-34.66052609715253,-84.63008463008515
2022-06-23,1731.0,1793.0,1773.25,1797.0,0.0358174465626806,ADANIGREEN,0.0358174465626806,1,L,1774.1366249999999,1796.1015,1,21.96487500000012,1.8954492163162497,20.06942578368387,133.9348653602146
2022-06-23,613.7,642.0,635.95,637.45,0.0461137363532671,CHOLAFIN,0.0461137363532671,1,L,636.267975,637.1312750000001,5,4.316500000000474,3.376421768652501,0.940078231347973,23.586759965406046
2022-06-24,772.0,794.0,795.05,799.05,0.02849740932642497,TVSMOTOR,0.02849740932642497,1,L,795.4475249999999,798.650475,4,12.811800000000403,3.3823381225919995,9.429461877408404,50.311301176027
2022-06-24,2818.05,2890.2,2859.0,2875.05,0.02560281045403734,EICHERMOT,0.02560281045403734,1,L,2860.4294999999997,2873.6124750000004,1,13.182975000000624,3.0417882674863495,10.141186732514274,56.13850996852187
2022-06-24,1795.0,1841.05,1848.5,1857.0,0.025654596100278537,ADANIGREEN,0.025654596100278537,1,L,1849.4242499999998,1856.0715,1,6.647250000000213,1.9654813870395,4.681768612960713,45.9832296456586
2022-06-27,980.75,1020.2,1008.35,1007.9,0.04022431812388483,TECHM,0.04022431812388483,1,L,1008.8541749999999,1007.3960500000001,3,-4.374374999999645,3.20672369415255,-7.581098694152195,-4.462736153122426
2022-06-27,968.0,1002.85,995.95,992.85,0.03600206611570256,HCLTECH,0.03600206611570256,1,L,996.447975,992.3535750000001,3,-12.283199999999852,3.1621917199509,-15.445391719950752,-31.126060545207945
2022-06-27,1846.0,1908.7,1911.95,1917.65,0.0339653304442038,ADANIGREEN,0.0339653304442038,1,L,1912.905975,1916.6911750000002,1,3.785200000000259,2.0309683504559004,1.7542316495443586,29.81249509662831
2022-06-28,2820.0,2733.75,2723.85,2726.45,-0.030585106382978733,ASIANPAINT,0.030585106382978733,-1,S,2722.488075,2727.813225,1,-5.325149999999667,2.8893056905937993,-8.214455690593466,-9.545312700771635
2022-06-28,2045.0,1969.75,1967.55,1967.0,-0.03679706601466992,TITAN,0.03679706601466992,-1,S,1966.566225,1967.9834999999998,1,-1.4172749999997905,2.08604466223785,-3.5033196622376406,2.795354628852831
2022-06-28,65.85,61.7,60.4,60.55,-0.06302201974183741,ETERNAL,0.06302201974183741,-1,S,60.369800000000005,60.58027499999999,55,-11.576124999999351,3.52592472193225,-15.1020497219316,-24.83443708609201
2022-06-29,641.3,625.35,637.05,638.65,-0.02487135506003424,CHOLAFIN,0.02487135506003424,-1,S,636.731475,638.9693249999999,5,-11.189249999999333,3.3808178444039996,-14.570067844403333,-25.115767993093563
2022-06-29,83.05,80.45,81.45,81.45,-0.03130644190246834,MOTHERSON,0.03130644190246834,-1,S,81.40927500000001,81.490725,40,-3.2579999999995835,3.4545942359999993,-6.712594235999583,-0.0
2022-06-29,993.85,966.9,970.85,970.25,-0.027116768123962465,MUTHOOTFIN,0.027116768123962465,-1,S,970.3645750000001,970.7351249999999,3,-1.1116499999995995,3.0875423070965993,-4.199192307096199,6.180151413709423
2022-06-30,2352.0,2463.75,2498.15,2474.6,0.04751275510204089,ADANIENSOL,0.04751275510204089,1,L,2499.399075,2473.3627,1,-26.03637499999968,2.6338235836611497,-28.67019858366083,-94.26975962212092
2022-06-30,109.85,75.3,74.6,74.3,-0.31451979972690036,IOC,0.31451979972690036,-1,S,74.56269999999999,74.33715,44,9.924199999999928,3.4749168241084,6.449283175891528,40.21447721179627
2022-07-01,1930.75,1882.4,1937.7,1943.0,-0.025042082092451068,TITAN,0.025042082092451068,-1,S,1936.73115,1943.9714999999999,1,-7.2403499999998076,2.0568530047988998,-9.297203004798707,-27.3520152758433
2022-07-04,577.5,552.0,550.95,550.7,-0.04415584415584417,JSWSTEEL,0.04415584415584417,-1,S,550.6745250000001,550.97535,6,-1.8049499999995078,3.5045418952305,-5.309491895230008,4.537616843633963
2022-07-04,131.4,127.0,125.6,126.0,-0.0334855403348554,ONGC,0.0334855403348554,-1,S,125.5372,126.06299999999999,26,-13.67079999999973,3.4670253707752,-17.13782537077493,-31.847133757962887
2022-07-04,1037.0,1070.05,1061.05,1063.0,0.03187078109932484,MUTHOOTFIN,0.03187078109932484,1,L,1061.5805249999999,1062.4685,3,2.6639250000002903,3.37897108673895,-0.7150460867386599,18.37802177088843
2022-07-05,868.0,888.8,879.65,879.75,0.023963133640553025,DRREDDY,0.023963133640553025,1,L,880.0898249999999,879.3101250000001,3,-2.339099999999462,2.7983814926661,-5.137481492665562,1.1368157790037081
2022-07-05,340.2,348.3,347.35,344.8,0.023809523809523947,HINDALCO,0.023809523809523947,1,L,347.523675,344.62760000000003,9,-26.064674999999966,3.3001023031933494,-29.364777303193314,-73.41298402188
2022-07-05,186.4,190.65,193.25,194.4,0.022800429184549387,CGPOWER,0.022800429184549387,1,L,193.346625,194.30280000000002,17,16.254975000000513,3.49599871559085,12.758976284409663,59.508408796895566
2022-07-06,127.4,121.55,120.3,121.1,-0.04591836734693888,ONGC,0.04591836734693888,-1,S,120.23985,121.16054999999999,27,-24.858899999999522,3.4531782702408,-28.31207827024032,-66.50041562759723
2022-07-06,344.1,328.35,336.5,340.4,-0.04577157802964249,HINDALCO,0.04577157802964249,-1,S,336.33175,340.57019999999994,9,-38.14604999999949,3.2260030545662994,-41.37205305456579,-115.89895988112886
2022-07-06,81.08,77.41,79.35,80.36,-0.045263936852491415,VEDL,0.045263936852491415,-1,S,79.31032499999999,80.40017999999999,42,-45.77391,3.5516366833134594,-49.32554668331346,-127.2841839949601
2022-07-07,2020.0,2120.0,2135.25,2127.0,0.04950495049504955,TITAN,0.04950495049504955,1,L,2136.3176249999997,2125.9365000000003,1,-10.381124999999429,2.2588160319322497,-12.639941031931679,-38.63716192483268
2022-07-07,99.65,103.15,104.9,105.05,0.035122930255895524,BANKBARODA,0.035122930255895524,1,L,104.95245,104.99747500000001,31,1.3957750000002989,3.45110171217455,-2.055326712174251,14.299332697806921
2022-07-07,237.0,243.9,243.8,244.45,0.029113924050632844,INDHOTEL,0.029113924050632844,1,L,243.9219,244.327775,13,5.276375000000115,3.366055139545149,1.9103198604549663,26.6611977030351
2022-07-08,256.7,263.1,262.05,262.75,0.02493182703545016,HINDZINC,0.02493182703545016,1,L,262.181025,262.618625,12,5.251200000000381,3.3397266626507998,1.9114733373495811,26.71245945430112
2022-07-08,186.0,190.55,189.4,189.9,0.024462365591397806,COALINDIA,0.024462365591397806,1,L,189.4947,189.80505000000002,17,5.275950000000478,3.4195283716395,1.8564216283609776,26.399155227032622
2022-07-08,1611.45,1667.75,1685.9,1687.7,0.03493747866828012,LT,0.03493747866828012,1,L,1686.74295,1686.85615,1,0.11320000000000618,1.7887824083966,-1.6755824083965938,10.676789845185386
2022-07-11,694.0,665.25,660.35,660.15,-0.04142651296829969,BHARTIARTL,0.04142651296829969,-1,S,660.0198250000001,660.4800749999999,5,-2.3012499999992997,3.5005637623870003,-5.8018137623863,3.028696903157879
2022-07-11,1918.5,2053.1,2158.0,2180.5,0.07015897836851703,ADANIGREEN,0.07015897836851703,1,L,2159.0789999999997,2179.4097500000003,1,20.330750000000535,2.3026159184574997,18.028134081543037,104.2632066728455
2022-07-11,3266.5,3129.8,3121.8,3120.0,-0.041849073932343384,TCS,0.041849073932343384,-1,S,3120.2391000000002,3121.56,1,-1.3208999999997104,3.3094188705966,-4.6303188705963105,5.765904285989221
2022-07-12,57.0,58.85,59.0,58.85,0.03245614035087718,ADANIPOWER,0.03245614035087718,1,L,59.0295,58.820575000000005,56,-11.699799999999641,3.4979947585491993,-15.19779475854884,-25.423728813559478
2022-07-12,2224.0,2322.55,2333.0,2308.35,0.04431205035971231,ADANIGREEN,0.04431205035971231,1,L,2334.1665,2307.1958250000002,1,-26.970674999999574,2.4580042058854503,-29.428679205885025,-105.65795113587684
2022-07-12,130.6,125.05,124.6,124.2,-0.04249617151607965,RECLTD,0.04249617151607965,-1,S,124.5377,124.26209999999999,26,7.165600000000296,3.4307114076247998,3.7348885923754964,32.10272873194198
2022-07-13,199.95,205.2,200.3,202.2,0.026256564141035277,CGPOWER,0.026256564141035277,1,L,200.40015,202.0989,16,27.179999999999836,3.4176371805647996,23.762362819435037,94.8577134298545
2022-07-13,1686.0,1746.55,1741.5,1738.95,0.03591340450771052,INDIGO,0.03591340450771052,1,L,1742.3707499999998,1738.080525,1,-4.290224999999737,1.84495383298815,-6.1351788329878865,-14.64254952627031
2022-07-13,58.4,60.9,59.2,58.1,0.042808219178082085,ETERNAL,0.042808219178082085,1,L,59.2296,58.07095,56,-64.88439999999969,3.4758275957608,-68.36022759576049,-185.8108108108114
2022-07-14,273.15,285.8,283.0,283.9,0.04631155043016677,HINDZINC,0.04631155043016677,1,L,283.1415,283.75804999999997,11,6.782049999999572,3.3071797142812995,3.4748702857182723,31.802120141342094
2022-07-14,2124.25,2049.8,2035.1,2098.15,-0.03504766388136982,ADANIGREEN,0.03504766388136982,-1,S,2034.08245,2099.199075,1,-65.11662499999989,2.1844105011246495,-67.30103550112453,-309.8127856125021
2022-07-15,2495.9,2554.0,2560.35,2562.1,0.02327817620898265,HINDUNILVR,0.02327817620898265,1,L,2561.630175,2560.81895,1,-0.8112249999999221,2.7159664750022494,-3.5271914750021716,6.8350030269304085
2022-07-15,2100.0,2031.55,2078.0,2074.0,-0.03259523809523812,ADANIGREEN,0.03259523809523812,-1,S,2076.9610000000002,2075.037,1,1.924000000000433,2.2017089315479996,-0.2777089315475667,19.249278152069227
2022-07-15,2960.0,2870.7,2849.7,2878.05,-0.03016891891891893,ADANIENSOL,0.03016891891891893,-1,S,2848.27515,2879.489025,1,-31.213874999999916,3.0335759612035504,-34.24745096120347,-99.48415622697215
2022-07-18,2885.2,2978.05,2930.65,2977.95,0.03218147788714831,ADANIENSOL,0.03218147788714831,1,L,2932.1153249999998,2976.461025,1,44.345700000000306,3.1377588307550996,41.20794116924521,161.39764216129393
2022-07-18,862.5,888.025,881.0,886.55,0.029594202898550748,HAL,0.029594202898550748,1,L,881.4404999999999,886.106725,3,13.998675000000162,2.81313833901855,11.185536660981612,62.996594778659265
2022-07-18,81.25,85.6,84.2,84.0,0.053538461538461535,BEL,0.053538461538461535,1,L,84.2421,83.958,39,-11.07989999999981,3.4769597936813996,-14.556859793681209,-23.75296912114022
2022-07-19,364.6,370.9,369.35,369.1,0.01727921009325284,MAXHEALTH,0.01727921009325284,1,L,369.534675,368.91545,9,-5.573024999999745,3.52329607105425,-9.096321071053996,-6.768647624204593
2022-07-19,281.1,276.05,277.55,278.3,-0.017965136961935246,SHRIRAMFIN,0.017965136961935246,-1,S,277.411225,278.43915,12,-12.335099999999784,3.5353589902169995,-15.870458990216783,-27.02215816969833
2022-07-19,90.4,92.05,91.9,92.0,0.018252212389380462,TATASTEEL,0.018252212389380462,1,L,91.94595,91.95400000000001,36,0.28980000000041173,3.5103391339931997,-3.220539133992788,10.881392818280489
2022-07-20,126.0,133.25,132.6,132.55,0.05753968253968256,ONGC,0.05753968253968256,1,L,132.66629999999998,132.48372500000002,25,-4.5643749999989325,3.51423384764125,-8.078608847640183,-3.7707390648555883
2022-07-20,89.63,93.26,95.17,94.75,0.040499832645319866,VEDL,0.040499832645319866,1,L,95.217585,94.70262500000001,35,-18.023599999999576,3.5225395683610996,-21.546139568360676,-44.13155406115421
2022-07-20,299.2,278.0,280.6,279.35,-0.07085561497326198,HINDZINC,0.07085561497326198,-1,S,280.45970000000005,279.48967500000003,11,10.670275000000231,3.2670706206462508,7.40320437935398,44.547398431931114
2022-07-21,84.15,86.65,88.25,88.7,0.029708853238265,BEL,0.029708853238265,1,L,88.294125,88.65565000000001,37,13.376425000000538,3.4729361485185497,9.903488851481988,50.99150141643083
2022-07-21,1044.0,1018.7,1034.0,1033.35,-0.024233716475095757,TECHM,0.024233716475095757,-1,S,1033.483,1033.8666749999998,3,-1.1510249999994357,3.2883610335796494,-4.439386033579085,6.286266924565576
2022-07-21,84.15,87.25,89.55,89.5,0.036838978015448554,MOTHERSON,0.036838978015448554,1,L,89.594775,89.45525,37,-5.1624249999997005,3.5121003398090505,-8.674525339808751,-5.583472920156485
2022-07-22,2719.75,2770.5,2823.0,2815.0,0.01865980329074368,SOLARINDS,0.01865980329074368,1,L,2824.4114999999997,2813.5925,1,-10.818999999999505,2.9882262189040003,-13.807226218903505,-28.33864682961429
2022-07-22,45.2,45.9,45.8,45.8,0.015486725663716783,CANBK,0.015486725663716783,1,L,45.8229,45.7771,72,-3.2975999999999885,3.4965837792,-6.794183779199988,0.0
2022-07-25,1132.35,1091.85,1097.05,1095.9,-0.0357663266657835,RELIANCE,0.0357663266657835,-1,S,1096.501475,1096.44795,3,0.16057500000010805,3.4882940687101502,-3.327719068710042,10.482658037462844
2022-07-25,53.3,46.9,47.6,47.6,-0.12007504690431514,ETERNAL,0.12007504690431514,-1,S,47.57620000000001,47.623799999999996,70,-3.331999999999198,3.5330595439999994,-6.865059543999197,-0.0
2022-07-25,252.3,258.1,260.0,261.0,0.02298850574712641,INDHOTEL,0.02298850574712641,1,L,260.13,260.8695,12,8.874000000000251,3.315945910644,5.558054089356251,38.461538461538325
2022-07-26,47.7,44.45,42.25,41.65,-0.06813417190775684,ETERNAL,0.06813417190775684,-1,S,42.228875,41.670824999999994,78,43.52790000000067,3.4746806509115995,40.05321934908907,142.01183431952646
2022-07-26,96.59,90.81,90.21,90.32,-0.059840563205300734,VEDL,0.059840563205300734,-1,S,90.164895,90.36515999999999,36,-7.209539999999549,3.4451891925274793,-10.654729192527029,-12.193770092008283
2022-07-27,134.05,137.8,139.4,139.05,0.027974636329727742,MAZDOCK,0.027974636329727742,1,L,139.4697,138.980475,23,-11.252174999999454,3.3945172780096495,-14.646692278009104,-25.107604017216012
2022-07-27,41.6,44.05,43.65,43.9,0.058894230769230616,ETERNAL,0.058894230769230616,1,L,43.671825,43.87805,76,15.673100000000261,3.529736762653,12.14336323734726,57.273768613974596
2022-07-27,848.65,812.9,794.65,793.4,-0.04212572909915746,UNITDSPR,0.04212572909915746,-1,S,794.2526750000001,793.7967,4,1.8239000000003216,3.368300900635,-1.5444009006346784,15.730195683634207
2022-07-28,640.8,687.7,704.75,708.1,0.07318976279650458,BAJFINANCE,0.07318976279650458,1,L,705.1023749999999,707.7459500000001,4,10.574300000000676,2.9976788368857994,7.5766211631148765,47.53458673288469
2022-07-28,1333.8,1410.5,1454.35,1463.75,0.05750487329434706,BAJAJFINSV,0.05750487329434706,1,L,1455.077175,1463.018125,2,15.881900000000314,3.0962470060755996,12.785652993924714,64.63368515144285
2022-07-29,867.6,934.5,909.95,909.95,0.07710926694329179,TVSMOTOR,0.07710926694329179,1,L,910.404975,909.495025,3,-2.729849999999942,2.8945746086999993,-5.624424608699941,0.0
2022-07-29,100.2,104.85,107.4,107.6,0.046407185628742464,TATASTEEL,0.046407185628742464,1,L,107.4537,107.5462,31,2.8675000000000352,3.5342700712993995,-0.6667700712993643,18.621973929235924
2022-07-29,1192.8,1282.2,1291.95,1292.7,0.07494969818913488,SBILIFE,0.07494969818913488,1,L,1292.595975,1292.05365,2,-1.0846499999997832,2.7407775526305,-3.8254275526302832,5.8051782189716405
2022-08-01,449.25,465.85,478.0,478.3,0.03695047301057319,TMPV,0.03695047301057319,1,L,478.239,478.06085,6,-1.0688999999997577,3.0422126865965993,-4.111112686596357,6.27615062761544
2022-08-01,1162.65,1235.2,1244.45,1238.2,0.06240055046660631,M&M,0.06240055046660631,1,L,1245.072225,1237.5809000000002,2,-14.982649999999467,2.6310863802125,-17.613736380211968,-50.222990075937666
2022-08-01,904.4,937.45,927.2,927.1,0.036543564794338845,TVSMOTOR,0.036543564794338845,1,L,927.6636,926.6364500000001,3,-3.081449999999677,2.9492553354339006,-6.030705335433577,-1.0785159620363416
2022-08-02,424.0,410.8,419.4,418.45,-0.03113207547169805,HINDALCO,0.03113207547169805,-1,S,419.1903,418.659225,7,3.7175249999999096,3.1101561434485494,0.6073688565513602,22.651406771577733
2022-08-02,46.5,49.9,55.55,55.55,0.07311827956989236,ETERNAL,0.07311827956989236,1,L,55.577774999999995,55.522225,59,-3.277449999999803,3.4752178878999995,-6.752667887899802,0.0
2022-08-03,2734.6,2581.6,2610.1,2615.4,-0.055949681854750244,SIEMENS,0.055949681854750244,-1,S,2608.79495,2616.7077,1,-7.91274999999996,2.7698269655989,-10.68257696559886,-20.305735412438075
2022-08-03,2747.95,2680.05,2689.0,2677.7,-0.02470932877235743,ABB,0.02470932877235743,-1,S,2687.6555000000003,2679.0388499999995,1,8.616650000000845,2.8465087099231,5.770141290077746,42.02305689847585
2022-08-03,1002.5,1023.55,1005.0,1011.75,0.020997506234413876,CIPLA,0.020997506234413876,1,L,1005.5024999999999,1011.244125,3,17.22487500000034,3.20988922421175,14.014985775788588,67.16417910447747
2022-08-04,370.0,380.5,375.25,377.95,0.02837837837837842,MAXHEALTH,0.02837837837837842,1,L,375.43762499999997,377.761025,8,18.587200000000394,3.1969686511592,15.390231348841194,71.9520319786815
2022-08-04,414.7,430.3,420.4,421.35,0.037617554858934144,HINDALCO,0.037617554858934144,1,L,420.61019999999996,421.13932500000004,7,3.7038750000005507,3.1246298117485503,0.5792451882520004,22.597526165557547
2022-08-04,552.125,519.0,522.0,520.975,-0.05999547203984601,LODHA,0.05999547203984601,-1,S,521.739,521.2354875,6,3.0210750000003372,3.3184054619050496,-0.29733046190471235,19.636015325670275
2022-08-05,1277.5,1311.55,1316.55,1322.45,0.026653620352250496,PIDILITIND,0.026653620352250496,1,L,1317.208275,1321.7887750000002,2,9.161000000000513,2.7995374096666006,6.361462590333913,44.814097451673085
2022-08-05,1102.0,1136.35,1142.0,1145.05,0.031170598911070657,MUTHOOTFIN,0.031170598911070657,1,L,1142.571,1144.477475,2,3.8129500000000007,2.4257245539106997,1.387225446089301,26.7075306479847
2022-08-05,93.3,90.85,88.7,88.7,-0.0262593783494105,GAIL,0.0262593783494105,-1,S,88.65565000000001,88.74435,37,-3.281899999999581,3.4799364097999996,-6.761836409799581,-0.0
2022-08-08,168.5,161.05,162.75,162.55,-0.04421364985163201,BPCL,0.04421364985163201,-1,S,162.66862500000002,162.63127500000002,20,0.7470000000000709,3.449731465548001,-2.70273146554793,12.288786482334002
2022-08-08,378.05,390.15,381.8,381.9,0.032006348366617976,MAXHEALTH,0.032006348366617976,1,L,381.9909,381.70905,8,-2.2548000000001593,3.2392205295095993,-5.494020529509759,2.6191723415380785
2022-08-08,2689.9,2767.1,2803.05,2804.85,0.02869995167106576,SIEMENS,0.02869995167106576,1,L,2804.451525,2803.447575,1,-1.0039499999998043,2.9733434736966,-3.9772934736964043,6.421576497028791
2022-08-10,85.85,82.95,81.25,81.2,-0.033779848573092464,MOTHERSON,0.033779848573092464,-1,S,81.20937500000001,81.2406,41,-1.2802249999996747,3.5314023934683503,-4.811627393468025,6.153846153845732
2022-08-10,159.6,155.4,155.4,155.65,-0.02631578947368418,NTPC,0.02631578947368418,-1,S,155.3223,155.727825,21,-8.516024999999644,3.4625273723932497,-11.978552372392894,-16.08751608751513
2022-08-10,2716.0,2780.35,2770.55,2770.65,0.023692930780559562,ABB,0.023692930780559562,1,L,2771.935275,2769.2646750000004,1,-2.6705999999994674,2.9377945186887,-5.608394518688167,0.36093916370383283
2022-08-11,141.05,152.55,152.0,148.4,0.08153137185395254,MAZDOCK,0.08153137185395254,1,L,152.076,148.32580000000002,21,-78.75419999999954,3.3362347789428,-82.09043477894234,-236.84210526315752
2022-08-11,1087.5,1120.0,1132.475,1131.125,0.029885057471264354,HAL,0.029885057471264354,1,L,1133.0412374999999,1130.5594375,2,-4.9635999999995875,2.3998938670050998,-7.363493867004687,-11.920792953485915
2022-08-11,118.55,122.3,123.2,123.2,0.031632222690847644,BANKBARODA,0.031632222690847644,1,L,123.2616,123.1384,27,-3.3263999999999214,3.5271216288,-6.853521628799921,0.0
2022-08-12,57.85,59.75,61.0,61.65,0.032843560933448535,ETERNAL,0.032843560933448535,1,L,61.030499999999996,61.619175,54,31.78845000000011,3.515227244633699,28.27322275536641,106.557377049179
2022-08-12,95.84,98.4,98.14,98.2,0.026711185308848195,VEDL,0.026711185308848195,1,L,98.18907,98.15090000000001,33,-1.259609999999796,3.4353118216962595,-4.694921821696056,6.113715100877215
2022-08-12,109.0,112.15,112.45,112.6,0.028899082568807355,TATASTEEL,0.028899082568807355,1,L,112.506225,112.5437,29,1.0867750000000171,3.4606118697084494,-2.373836869708432,13.339261894174115
2022-08-16,68.9,71.75,72.5,72.5,0.04136429608127723,ADANIPOWER,0.04136429608127723,1,L,72.53625,72.46375,45,-3.2624999999995907,3.4593657749999998,-6.721865774999591,0.0
2022-08-16,1188.0,1018.65,1040.15,1040.0,-0.14255050505050504,MUTHOOTFIN,0.14255050505050504,-1,S,1039.6299250000002,1040.52,3,-2.670224999999391,3.3085549976491495,-5.978779997648541,1.4420996971598044
2022-08-16,865.0,932.95,890.4,888.75,0.0785549132947978,GODREJCP,0.0785549132947978,1,L,890.8452,888.3056250000001,3,-7.618724999999699,2.82921801625935,-10.44794301625905,-18.530997304582186
2022-08-17,137.25,104.85,105.45,105.55,-0.23606557377049187,RECLTD,0.23606557377049187,-1,S,105.39727500000001,105.602775,31,-6.370499999999581,3.4675083328503,-9.838008332849881,-9.48316737790389
2022-08-17,72.5,75.65,76.1,76.1,0.04344827586206912,ADANIPOWER,0.04344827586206912,1,L,76.13804999999999,76.06195,43,-3.272299999999859,3.4697571265999994,-6.742057126599859,0.0
2022-08-17,937.35,969.25,979.65,983.35,0.034032111804555454,TRENT,0.034032111804555454,1,L,980.139825,982.858325,3,8.155500000000188,3.1233950762456995,5.032104923754488,37.768590823252794
2022-08-18,76.1,79.15,79.9,79.9,0.040078843626806915,ADANIPOWER,0.040078843626806915,1,L,79.93995,79.86005000000002,41,-3.2758999999992113,3.4735743578,-6.749474357799212,0.0
2022-08-18,983.55,1014.0,971.55,971.9,0.03095928015860916,TRENT,0.03095928015860916,1,L,972.035775,971.41405,3,-1.8651749999999083,3.09119771148135,-4.956372711481258,3.602490865113328
2022-08-19,386.7,376.35,370.6,379.7,-0.026764934057408762,MAXHEALTH,0.026764934057408762,-1,S,370.41470000000004,379.88984999999997,8,-75.80119999999943,3.1743097106264,-78.97550971062583,-245.5477603885581
2022-08-19,2282.0,2381.1,2442.7,2407.55,0.043426818580192705,ADANIGREEN,0.043426818580192705,1,L,2443.9213499999996,2406.3462250000002,1,-37.57512499999939,2.56760471147195,-40.14272971147134,-143.89814549473746
2022-08-19,79.9,83.1,83.4,81.8,0.04005006257822252,ADANIPOWER,0.04005006257822252,1,L,83.4417,81.7591,39,-65.62139999999975,3.4089382618512003,-69.03033826185096,-191.8465227817756
2022-08-22,2424.55,2498.0,2513.6,2505.8,0.030294281413045576,ADANIGREEN,0.030294281413045576,1,L,2514.8567999999996,2504.5471000000002,1,-10.309699999999339,2.6602843852813995,-12.969984385280739,-31.031190324632973
2022-08-22,134.45,130.45,132.0,132.0,-0.029750836742283404,ONGC,0.029750836742283404,-1,S,131.934,132.066,25,-3.300000000000125,3.4991285999999997,-6.799128600000125,-0.0
2022-08-22,198.0,190.6,184.45,184.05,-0.03737373737373739,VBL,0.03737373737373739,-1,S,184.357775,184.142025,18,3.8835000000002537,3.5174143341864,0.3660856658138538,21.686093792354644
2022-08-23,86.5,82.6,82.2,82.2,-0.04508670520231217,ADANIPOWER,0.04508670520231217,-1,S,82.1589,82.2411,40,-3.288000000000011,3.486404496,-6.774404496000011,-0.0
2022-08-23,183.9,190.7,190.4,192.35,0.03697661772702543,VBL,0.03697661772702543,1,L,190.49519999999998,192.253825,17,29.896625000000398,3.4533278657540496,26.44329713424635,102.41596638655315
2022-08-24,82.2,78.1,78.1,78.1,-0.04987834549878356,ADANIPOWER,0.04987834549878356,-1,S,78.06095,78.13904999999998,42,-3.28019999999907,3.4781338284000003,-6.758333828399071,-0.0
2022-08-24,2401.5,2310.05,2350.0,2352.05,-0.03808036643764301,ADANIGREEN,0.03808036643764301,-1,S,2348.8250000000003,2353.226025,1,-4.401024999999663,2.4926655940316502,-6.893690594031313,-8.7234042553197
2022-08-25,40.45,42.65,42.5,42.3,0.05438813349814575,UNIONBANK,0.05438813349814575,1,L,42.521249999999995,42.27885,78,-18.90719999999972,3.505051198162799,-22.41225119816252,-47.058823529412265
2022-08-25,2340.0,2406.4,2389.1,2360.0,0.02837606837606832,ADANIGREEN,0.02837606837606832,1,L,2390.2945499999996,2358.82,1,-31.474549999999454,2.5146418108882997,-33.98919181088775,-121.80318948557978
2022-08-25,33.5,34.2,35.55,35.15,0.020895522388059806,PNB,0.020895522388059806,1,L,35.567775,35.132425,93,-40.48754999999997,3.4818452043035997,-43.96939520430357,-112.51758087201137
2022-08-26,79.1,75.85,76.65,74.75,-0.04108723135271808,ADANIPOWER,0.04108723135271808,-1,S,76.611675,74.787375,43,78.44490000000035,3.4604845844679,74.98441541553244,247.87997390737226
2022-08-26,97.85,100.95,100.65,100.8,0.03168114460909566,BEL,0.03168114460909566,1,L,100.700325,100.7496,33,1.6260749999998154,3.5250404700406497,-1.8989654700408343,14.903129657226621
2022-08-26,2464.4,2526.5,2536.2,2532.3,0.025198831358545615,TITAN,0.025198831358545615,1,L,2537.4680999999996,2531.0338500000003,1,-6.434249999999338,2.6867437474407,-9.120993747440037,-15.377336172224254
2022-08-29,1526.8,1453.4,1461.25,1461.6,-0.04807440398218488,INFY,0.04807440398218488,-1,S,1460.519375,1462.3307999999997,2,-3.622849999999289,3.0991438002791,-6.721993800278389,-2.3952095808366103
2022-08-29,75.4,72.05,78.85,78.85,-0.04442970822281178,ADANIPOWER,0.04442970822281178,-1,S,78.810575,78.88942499999999,42,-3.3116999999995187,3.5115346014,-6.823234601399519,-0.0
2022-08-29,1086.0,1026.45,1036.75,1035.4,-0.0548342541436464,TECHM,0.0548342541436464,-1,S,1036.2316250000001,1035.9177,3,0.9417750000004617,3.29622593924235,-2.354450939241888,13.02146129732229
2022-08-30,1614.95,1684.95,1694.4,1693.95,0.04334499520108981,BAJAJFINSV,0.04334499520108981,1,L,1695.2472,1693.1030250000001,1,-2.1441749999999047,1.79635552715085,-3.940530527150755,-2.6558073654392444
2022-08-30,78.85,81.7,82.8,82.8,0.03614457831325302,ADANIPOWER,0.03614457831325302,1,L,82.8414,82.7586,40,-3.3119999999996708,3.511852704,-6.823852703999671,0.0
2022-08-30,2335.95,2425.95,2440.3,2431.15,0.038528221922558226,ADANIGREEN,0.038528221922558226,1,L,2441.52015,2429.9344250000004,1,-11.585724999999456,2.5816974437339497,-14.167422443733406,-37.49538991107637
2022-09-01,1697.2,1753.5,1733.8,1744.5,0.033172283761489396,BAJAJFINSV,0.033172283761489396,1,L,1734.6669,1743.62775,1,8.960850000000164,1.8452679525908997,7.115582047409264,61.71415388164681
2022-09-01,1330.0,1295.75,1298.55,1299.15,-0.02575187969924808,SBILIFE,0.02575187969924808,-1,S,1297.900725,1299.799575,2,-3.797700000000077,2.7543187315355997,-6.552018731535677,-4.620538292712251
2022-09-02,791.0,810.2,794.2,791.0,0.024273072060682743,CHOLAFIN,0.024273072060682743,1,L,794.5971,790.6045,4,-15.9703999999997,3.3603036702464,-19.3307036702461,-40.29211785444575
2022-09-02,1153.0,1193.65,1192.9,1183.275,0.03525585429314848,HAL,0.03525585429314848,1,L,1193.49645,1182.6833625000002,2,-21.626174999999876,2.51744575527525,-24.143620755275126,-80.68572386620842
2022-09-02,62.75,61.05,60.15,59.75,-0.027091633466135523,ETERNAL,0.027091633466135523,-1,S,60.119925,59.779875,55,18.70275000000028,3.498626827014,15.204123172986279,66.50041562759723
2022-09-05,414.75,424.65,429.0,429.05,0.023869801084990927,HINDALCO,0.023869801084990927,1,L,429.2145,428.83547500000003,7,-2.653174999999692,3.1844309930604497,-5.837605993060142,1.1655011655009595
2022-09-06,236.7,242.9,246.4,247.1,0.026193493874102414,TATAPOWER,0.026193493874102414,1,L,246.5232,246.97645,13,5.892249999999962,3.4023106379717003,2.4899393620282613,28.409090909089496
2022-09-06,206.6,214.15,214.55,218.9,0.036544046466602254,VBL,0.036544046466602254,1,L,214.657275,218.79055000000002,15,61.99912500000039,3.45419950062675,58.54492549937364,202.74994173852258
2022-09-07,909.8,935.55,945.0,945.55,0.028302923719498718,GODREJCP,0.028302923719498718,1,L,945.4725,945.077225,3,-1.1858249999999089,3.00712541471355,-4.192950414713459,5.820105820104615
2022-09-07,189.2,193.7,193.7,207.45,0.02378435517970412,MAZDOCK,0.02378435517970412,1,L,193.79684999999998,207.346275,17,230.34022500000023,3.6411781728862493,226.699046827114,709.8606091894677
2022-09-08,164.0,167.8,169.5,169.9,0.023170731707317094,BPCL,0.023170731707317094,1,L,169.58474999999999,169.81505,19,4.375700000000535,3.4196946957412,0.9560053042593348,23.598820058996495
2022-09-08,752.0,768.8,769.8,769.3,0.022340425531914843,BHARTIARTL,0.022340425531914843,1,L,770.1848999999999,768.91535,4,-5.07819999999947,3.263725274626,-8.34192527462547,-6.495193556768086
2022-09-08,218.0,225.5,224.35,225.7,0.034403669724770714,CGPOWER,0.034403669724770714,1,L,224.46217499999997,225.58715,14,15.749650000000486,3.3425224090642995,12.407127590936186,60.17383552484823
2022-09-09,420.0,429.8,426.65,425.7,0.023333333333333428,HINDALCO,0.023333333333333428,1,L,426.863325,425.48715,7,-9.633224999999925,3.1625090259514503,-12.795734025951376,-22.266494784952684
2022-09-09,378.7,402.35,411.95,411.7,0.062450488513335234,MAXHEALTH,0.062450488513335234,1,L,412.15597499999996,411.49415,8,-5.294599999999718,3.4931832834259997,-8.787783283425718,-6.06869765748308
2022-09-12,909.05,932.0,937.5,937.6,0.025246136076123582,ADANIPORTS,0.025246136076123582,1,L,937.96875,937.1312,3,-2.512649999999894,2.9824038467661005,-5.495053846765995,1.0666666666669933
2022-09-12,1127.0,1154.45,1152.4,1148.0,0.024356699201419696,TECHM,0.024356699201419696,1,L,1152.9762,1147.4260000000002,2,-11.100399999999809,2.4382450697944003,-13.538645069794208,-38.181187087817925
2022-09-13,62.6,64.45,65.75,65.55,0.02955271565495199,ETERNAL,0.02955271565495199,1,L,65.78287499999999,65.517225,50,-13.282499999999686,3.4794752661299997,-16.761975266129685,-30.41825095057127
2022-09-13,1724.4,1834.5,1771.2,1781.0,0.06384829505915102,BAJAJFINSV,0.06384829505915102,1,L,1772.0855999999999,1780.1095,1,8.02390000000014,1.8843488280926,6.13955117190754,55.32971996386582
2022-09-13,212.9,219.15,214.7,215.1,0.029356505401596955,VBL,0.029356505401596955,1,L,214.80734999999999,214.99245000000002,15,2.7765000000005102,3.4186708463219997,-0.6421708463214895,18.63064741499887
2022-09-14,3233.0,3128.0,3126.1,3118.95,-0.03247757500773274,TCS,0.03247757500773274,-1,S,3124.53695,3120.509475,1,4.027475000000322,3.3117290079920507,0.7157459920082716,22.87194907392598
2022-09-14,1545.5,1484.15,1481.4,1475.2,-0.03969589129731477,INFY,0.03969589129731477,-1,S,1480.6593000000003,1475.9376,2,9.443400000000565,3.1363678697988004,6.307032130201765,41.85230187660372
2022-09-15,422.0,435.6,439.65,438.35,0.03222748815165888,MAXHEALTH,0.03222748815165888,1,L,439.86982499999993,438.1308250000001,7,-12.172999999999035,3.2574323785283,-15.430432378527335,-29.56897532127689
2022-09-16,1298.9,1264.05,1250.65,1252.2,-0.026830394949572844,M&M,0.026830394949572844,-1,S,1250.0246750000001,1252.8261,2,-5.602849999999762,2.6535367965502994,-8.25638679655006,-12.393555351217778
2022-09-16,208.6,218.05,217.5,215.4,0.04530201342281881,MAZDOCK,0.04530201342281881,1,L,217.60875,215.2923,15,-34.74674999999962,3.4392087395594997,-38.18595873955912,-96.551724137931
2022-09-16,117.3,110.1,108.82,109.07,-0.06138107416879801,VEDL,0.06138107416879801,-1,S,108.76559,109.12453499999998,30,-10.768349999999316,3.4647457640474997,-14.233095764046816,-22.973718066532367
2022-09-19,130.5,133.75,130.15,130.0,0.02490421455938696,ONGC,0.02490421455938696,1,L,130.21507499999998,129.935,25,-7.001874999999558,3.447688135423749,-10.449563135423308,-11.525163273147232
2022-09-19,518.45,540.45,561.9,564.5,0.04243417880219891,AMBUJACEM,0.04243417880219891,1,L,562.1809499999999,564.21775,5,10.184000000000424,2.987349625531,7.196650374469424,46.27157857270081
2022-09-20,239.2,249.5,252.85,253.45,0.043060200668896265,CGPOWER,0.043060200668896265,1,L,252.97642499999998,253.323275,13,4.509050000000229,3.4903884370185994,1.01866156298163,23.729483883725422
2022-09-20,411.25,423.8,422.8,421.0,0.030516717325228093,HINDALCO,0.030516717325228093,1,L,423.0114,420.78950000000003,7,-15.553299999999638,3.1301253690238005,-18.68342536902344,-42.57332071901598
2022-09-20,425.5,439.3,434.4,433.95,0.032432432432432545,TMPV,0.032432432432432545,1,L,434.61719999999997,433.733025,7,-6.189224999999794,3.2222722500559495,-9.411497250055744,-10.35911602209949
2022-09-21,869.55,890.6,872.0,873.3,0.024207923638663864,UNITDSPR,0.024207923638663864,1,L,872.4359999999999,872.86335,3,1.2820500000001402,2.7763503049592995,-1.4943003049591592,14.908256880732385
2022-09-21,964.0,994.45,978.55,973.35,0.03158713692946069,TRENT,0.03158713692946069,1,L,979.0392749999999,972.863325,3,-18.52784999999949,3.1028104604627993,-21.630660460462288,-53.13984977773134
2022-09-22,108.35,110.85,109.35,110.15,0.023073373327180402,BEL,0.023073373327180402,1,L,109.40467499999998,110.09492500000002,30,20.707500000001033,3.4938096722880005,17.21369032771303,73.15957933242024
2022-09-22,40.15,40.95,40.4,40.35,0.01992528019925288,PNB,0.01992528019925288,1,L,40.420199999999994,40.32982500000001,82,-7.41074999999897,3.5100773634633,-10.92082736346227,-12.376237623761277
2022-09-22,340.5,347.05,345.25,344.85,0.01923641703377399,ITC,0.01923641703377399,1,L,345.422625,344.67757500000005,9,-6.705449999999416,3.2924440183068002,-9.997894018306216,-11.585807385952052
2022-09-23,781.2,748.0,736.25,738.75,-0.042498719918074856,CHOLAFIN,0.042498719918074856,-1,S,735.881875,739.119375,4,-12.949999999999818,3.1269115511299996,-16.076911551129818,-33.9558573853993
2022-09-23,251.7,242.35,242.2,240.9,-0.03714739769566944,SHRIRAMFIN,0.03714739769566944,-1,S,242.0789,241.02044999999998,13,13.759850000000284,3.3314874508903,10.428362549109984,53.674649050370334
2022-09-23,40.55,39.45,38.4,38.25,-0.027127003699136676,PNB,0.027127003699136676,-1,S,38.3808,38.269124999999995,86,9.604050000000456,3.4962497949422993,6.107800205058156,39.0625
2022-09-26,423.5,399.75,400.5,397.65,-0.05608028335301063,TMPV,0.05608028335301063,-1,S,400.29975,397.848825,8,19.607400000000325,3.3877498246235995,16.219650175376724,71.16104868913897
2022-09-26,151.5,140.1375,155.25,149.47500000000002,-0.07500000000000007,POWERGRID,0.07500000000000007,-1,S,155.17237500000002,149.54973750000002,21,118.07538749999992,3.405991615895925,114.66939588410399,371.9806763285005
2022-09-26,232.0,219.35,218.35,218.0,-0.05452586206896559,VBL,0.05452586206896559,-1,S,218.240825,218.10899999999998,15,1.9773750000003076,3.4706778459067498,-1.4933028459064421,16.029310739638092
2022-09-27,420.95,410.2,410.6,413.85,-0.025537474759472656,MAXHEALTH,0.025537474759472656,-1,S,410.39470000000006,414.056925,8,-29.29779999999937,3.4939427405380004,-32.79174274053737,-79.15245981490403
2022-09-27,959.7,999.0,999.6,1009.4,0.04095029696780239,MUTHOOTFIN,0.04095029696780239,1,L,1000.0998,1008.8953,3,26.386500000000183,3.1985668226778,23.187933177322382,98.03921568627416
2022-09-27,1065.05,1091.85,1091.7,1096.9,0.02516313788085056,CIPLA,0.02516313788085056,1,L,1092.24585,1096.35155,3,12.31710000000021,3.4827086160372,8.834391383963009,47.63213336997474
2022-09-28,222.85,216.8,213.75,215.05,-0.02714830603544982,MAZDOCK,0.02714830603544982,-1,S,213.643125,215.157525,15,-22.715999999999923,3.4079200417034996,-26.12392004170342,-60.818713450292435
2022-09-28,1534.95,1481.1,1490.55,1495.05,-0.03508257597967368,TORNTPHARM,0.03508257597967368,-1,S,1489.804725,1495.797525,2,-11.985599999999977,3.1647694612170003,-15.150369461216977,-30.190198248969402
2022-09-28,74.7,72.05,71.15,71.1,-0.0354752342704151,MOTHERSON,0.0354752342704151,-1,S,71.11442500000001,71.13555,46,-0.9717499999992469,3.4694263287401004,-4.441176328739347,7.027406886860321
2022-09-29,402.0,420.25,421.1,418.75,0.045398009950248674,JINDALSTEL,0.045398009950248674,1,L,421.31055,418.54062500000003,7,-19.389474999999607,3.1150436615588495,-22.504518661558457,-55.80622180004768
2022-09-29,42.0,43.7,42.85,43.1,0.040476190476190554,CANBK,0.040476190476190554,1,L,42.871425,43.078450000000004,77,15.94092500000012,3.5108636002247504,12.43006139977537,58.343057176195586
2022-09-29,360.0,375.2,373.1,371.65,0.04222222222222216,HINDALCO,0.04222222222222216,1,L,373.28655,371.464175,8,-14.578999999999724,3.1574858933107994,-17.736485893310522,-38.86357544894303
2022-09-30,126.6,130.8,127.8,126.55,0.0331753554502372,ONGC,0.0331753554502372,1,L,127.86389999999999,126.486725,26,-35.806549999999476,3.5025074562725003,-39.30905745627197,-97.80907668231586
2022-09-30,155.3625,161.8125,159.33749999999998,158.85000000000002,0.04151580979966196,POWERGRID,0.04151580979966196,1,L,159.41716874999997,158.77057500000004,20,-12.93187499999874,3.3728057861017504,-16.30468078610049,-30.595434219813367
2022-09-30,405.0,391.2,407.4,407.8,-0.034074074074074145,MAXHEALTH,0.034074074074074145,-1,S,407.1963,408.0039,8,-6.460799999999836,3.4572120419615997,-9.918012041961436,-9.818360333824216
2022-10-03,72.9,48.55,48.75,48.65,-0.3340192043895749,MOTHERSON,0.3340192043895749,-1,S,48.725625,48.674324999999996,68,3.4884000000003255,3.5121747644316006,-0.02377476443127513,20.512820512821328
2022-10-03,407.05,420.7,418.0,416.95,0.03353396388650043,MAXHEALTH,0.03353396388650043,1,L,418.209,416.741525,7,-10.272324999999853,3.0978573837305503,-13.370182383730404,-25.11961722488021
2022-10-03,126.85,133.3,132.2,132.5,0.05084745762711873,ONGC,0.05084745762711873,1,L,132.2661,132.43375,25,4.191250000000224,3.5092296041525,0.682020395847724,22.692889561271024
2022-10-04,381.0,392.25,393.15,394.25,0.029527559055118058,HINDALCO,0.029527559055118058,1,L,393.346575,394.05287500000003,8,5.650400000000445,3.3406188302056,2.3097811697948454,27.97914282080649
2022-10-04,70.95,67.6,71.5,71.05,-0.0472163495419311,ADANIPOWER,0.0472163495419311,-1,S,71.46425,71.08552499999999,46,17.421350000000785,3.4787618104608997,13.942588189539887,62.93706293706292
2022-10-04,700.0,726.9,732.15,737.15,0.03842857142857148,CHOLAFIN,0.03842857142857148,1,L,732.5160749999999,736.781425,4,17.061400000000503,3.1181156989399996,13.943284301060505,68.29201666325169
2022-10-06,2120.0,2192.95,2200.0,2197.2,0.03441037735849051,ADANIGREEN,0.03441037735849051,1,L,2201.1,2196.1014,1,-4.998599999999897,2.3309606635163997,-7.329560663516297,-12.727272727273142
2022-10-06,48.25,50.55,51.0,50.85,0.04766839378238341,MOTHERSON,0.04766839378238341,1,L,51.025499999999994,50.824575,65,-13.06012499999941,3.5087946476017495,-16.56891964760116,-29.41176470588225
2022-10-06,894.1,842.65,855.55,853.35,-0.05754389889274136,GODREJCP,0.05754389889274136,-1,S,855.122225,853.776675,3,4.036650000000009,2.7187519159541997,1.317898084045809,25.714452691250056
2022-10-07,430.3,413.0,416.0,416.3,-0.04020450848245416,MAXHEALTH,0.04020450848245416,-1,S,415.79200000000003,416.50815,8,-5.729199999999764,3.5298272226712006,-9.259027222670966,-7.211538461537881
2022-10-07,2588.0,2713.2,2729.5,2729.05,0.048377125193199255,TITAN,0.048377125193199255,1,L,2730.8647499999997,2727.685475,1,-3.1792749999995067,2.8939155313508502,-6.073190531350357,-1.6486535995596796
2022-10-07,1817.0,1756.0,1785.35,1797.9,-0.03357182168409467,INDIGO,0.03357182168409467,-1,S,1784.457325,1798.79895,1,-14.341625000000022,1.8983580629181502,-16.23998306291817,-70.29434004536927
2022-10-10,412.8,398.15,394.8,396.15,-0.03548934108527135,TMPV,0.03548934108527135,-1,S,394.60260000000005,396.34807499999994,8,-13.963799999999083,3.3535248828204,-17.317324882819484,-34.194528875379774
2022-10-10,1240.55,1202.95,1226.75,1225.0,-0.030309137076296677,CUMMINSIND,0.030309137076296677,-1,S,1226.136625,1225.6125,2,1.0482500000002801,2.6000775706045003,-1.5518275706042202,14.265335235378318
2022-10-10,2206.0,2150.95,2155.9,2154.0,-0.02495466908431554,ADANIGREEN,0.02495466908431554,-1,S,2154.82205,2155.0769999999998,1,-0.25494999999955326,2.2851924891852997,-2.540142489184853,8.813024722853502
2022-10-11,313.2,307.0,293.3,290.2,-0.01979565772669223,MAZDOCK,0.01979565772669223,-1,S,293.15335000000005,290.34509999999995,11,30.890750000001105,3.4066445231467,27.484105476854406,105.69382884418776
2022-10-11,502.525,515.25,496.4,489.2,0.025322123277448982,LODHA,0.025322123277448982,1,L,496.6482,488.9554,6,-46.15679999999986,3.1304786784815994,-49.287278678481464,-145.04431909750147
2022-10-12,156.375,160.5,161.47500000000002,161.7375,0.026378896882494063,POWERGRID,0.026378896882494063,1,L,161.55573750000002,161.65663125000003,20,2.017875000000231,3.4277339949067507,-1.4098589949065197,16.25638643752758
2022-10-12,287.75,297.0,306.35,308.1,0.03214596003475245,MAZDOCK,0.03214596003475245,1,L,306.503175,307.94595000000004,10,14.427750000000401,3.2595560700225,11.168193929977901,57.12420434143883
2022-10-12,716.2,734.0,738.7,744.95,0.024853392907009164,CHOLAFIN,0.024853392907009164,1,L,739.06935,744.577525,4,22.032700000000204,3.1490961887749993,18.883603811225207,84.60809530255852
2022-10-13,71.5,69.7,69.65,69.2,-0.025174825174825166,ADANIPOWER,0.025174825174825166,-1,S,69.61517500000001,69.2346,47,17.88702500000035,3.462190330310051,14.424834669690298,64.60875807609567
2022-10-13,953.0,980.05,983.25,983.35,0.028384050367261215,HCLTECH,0.028384050367261215,1,L,983.741625,982.858325,3,-2.6498999999998887,3.1279357862660992,-5.777835786265988,1.0170353419791667
2022-10-13,204.35,192.45,190.05,189.5,-0.05823342304869095,WIPRO,0.05823342304869095,-1,S,189.95497500000002,189.59474999999998,17,6.123825000000721,3.42187487304345,2.7019501269572714,28.939752696659493
2022-10-14,1422.0,1472.9,1473.9,1473.55,0.03579465541490867,INFY,0.03579465541490867,1,L,1474.63695,1472.813225,2,-3.6474499999999352,3.1252282134791,-6.772678213479035,-2.37465228305922
2022-10-14,981.9,1021.95,1003.1,1002.6,0.04078826764436294,HCLTECH,0.04078826764436294,1,L,1003.60155,1002.0987000000001,3,-4.508549999999559,3.1899273217695,-7.698477321769059,-4.984547901505376
2022-10-17,66.95,64.3,67.05,68.2,-0.039581777445855226,ADANIPOWER,0.039581777445855226,-1,S,67.016475,68.2341,49,-59.66362499999991,3.5073921988675494,-63.17101719886746,-171.51379567487135
2022-10-18,1075.1,1107.2,1124.05,1128.2,0.029857687656962284,TVSMOTOR,0.029857687656962284,1,L,1124.612025,1127.6359000000002,2,6.047750000000633,2.3890660690621,3.658683930938533,36.92006583337015
2022-10-18,46.0,43.55,42.5,42.65,-0.05326086956521747,MOTHERSON,0.05326086956521747,-1,S,42.478750000000005,42.671324999999996,78,-15.020849999999285,3.5199528325220997,-18.540802832521386,-35.29411764705781
2022-10-18,3070.0,3156.0,3179.3,3243.15,0.028013029315960836,ADANIENSOL,0.028013029315960836,1,L,3180.88965,3241.5284250000004,1,60.63877500000035,3.41200331148495,57.2267716885154,200.83037146541693
2022-10-19,968.1,989.0,987.0,978.15,0.021588678855490206,HDFCAMC,0.021588678855490206,1,L,987.4934999999999,977.660925,3,-29.49772499999972,3.1226831607001495,-32.62040816069987,-89.66565349544098
2022-10-19,721.4,736.05,730.55,729.3,0.020307734959800428,HDFCBANK,0.020307734959800428,1,L,730.915275,728.93535,4,-7.919699999999921,3.0953318629649993,-11.01503186296492,-17.11039627677824
2022-10-20,2648.0,2585.0,2621.25,2631.75,-0.0237915407854985,TITAN,0.0237915407854985,-1,S,2619.939375,2633.065875,1,-13.12649999999985,2.7838360466865,-15.91033604668635,-40.05722460658001
2022-10-20,405.5,394.8,408.9,419.1,-0.02638717632552401,MAXHEALTH,0.02638717632552401,-1,S,408.69555,419.30955,8,-84.91199999999981,3.5028983372207994,-88.4148983372206,-249.44974321350122
2022-10-21,51.8,52.85,53.75,53.8,0.020270270270270396,CANBK,0.020270270270270396,1,L,53.776875,53.7731,61,-0.23027499999984258,3.47854804545535,-3.7088230454551927,9.302325581395099
2022-10-21,824.2,874.6,893.1,898.2,0.0611502062606164,AXISBANK,0.0611502062606164,1,L,893.54655,897.7509000000001,3,12.613050000000271,2.8507648806711003,9.76228511932917,57.10446758481646
2022-10-21,2593.9,2654.25,2641.0,2653.15,0.023266124368711116,HINDUNILVR,0.023266124368711116,1,L,2642.3205,2651.823425,1,9.502925000000232,2.8081380785270498,6.694786921473183,46.00530102234046
2022-10-25,836.9,860.0,867.15,862.0,0.027601864021985945,UNITDSPR,0.027601864021985945,1,L,867.5835749999999,861.5690000000001,3,-18.043724999999426,2.7485401499458497,-20.792265149945276,-59.38995560168303
2022-10-25,439.8,452.8,453.1,452.0,0.029558890404729476,JINDALSTEL,0.029558890404729476,1,L,453.32655,451.774,7,-10.867849999999976,3.3581594460701,-14.226009446070076,-24.27720150077306
2022-10-25,630.5,647.0,646.35,643.25,0.026169706582077623,JSWSTEEL,0.026169706582077623,1,L,646.673175,642.9283750000001,5,-18.723999999999705,3.4168417172514998,-22.140841717251206,-47.961630695444455
2022-10-27,2669.55,2757.2,2696.0,2706.2,0.03283324904946516,TITAN,0.03283324904946516,1,L,2697.348,2704.8469,1,7.498900000000049,2.8652090720473997,4.6336909279526495,37.833827893174465
2022-10-27,644.3,670.95,676.9,678.3,0.04136271923017243,JSWSTEEL,0.04136271923017243,1,L,677.23845,677.9608499999999,4,2.889599999999973,2.8745654721672,0.015034527832773037,20.682523267838704
2022-10-27,104.43,108.11,108.26,107.46,0.035238916020300604,VEDL,0.035238916020300604,1,L,108.31413,107.40627,30,-27.235799999999983,3.428421006312,-30.664221006311983,-73.89617587289953
2022-10-28,241.2,247.6,244.0,244.25,0.026533996683250516,COALINDIA,0.026533996683250516,1,L,244.12199999999999,244.12787500000002,13,0.07637500000041086,3.3654845181327495,-3.2891095181323386,10.245901639345245
2022-10-28,469.0,457.3,454.65,454.05,-0.024946695095948823,JINDALSTEL,0.024946695095948823,-1,S,454.422675,454.277025,7,1.0195500000003221,3.3728256004254002,-2.353275600425078,13.19696469811893
2022-10-28,96.65,99.4,99.8,99.8,0.02845318158303156,RECLTD,0.02845318158303156,1,L,99.84989999999999,99.7501,33,-3.2933999999995933,3.4921303428,-6.785530342799593,0.0
2022-10-31,1047.0,1073.9,1057.2,1063.95,0.025692454632282757,TECHM,0.025692454632282757,1,L,1057.7286,1063.4180250000002,3,17.068275000000767,3.3759387814117496,13.692336218589018,63.84790011350727
2022-10-31,975.35,1003.85,1020.5,1019.65,0.02922027989952314,TRENT,0.02922027989952314,1,L,1021.0102499999999,1019.140175,3,-5.610224999999787,3.2446052729881503,-8.854830272987936,-8.329250367467012
2022-11-01,173.6,178.65,180.55,181.4,0.029089861751152135,NTPC,0.029089861751152135,1,L,180.640275,181.3093,18,12.042450000000088,3.4557960258710994,8.58665397412899,47.078371642204075
2022-11-01,885.5,910.25,905.15,909.15,0.02795031055900621,DRREDDY,0.02795031055900621,1,L,905.6025749999999,908.695425,3,9.278550000000337,2.886984554544,6.391565445456337,44.19157045793432
2022-11-02,220.4,230.2,223.7,225.3,0.04446460980036293,VBL,0.04446460980036293,1,L,223.81184999999996,225.18735000000004,14,19.257000000001028,3.3351129674688,15.92188703253223,71.52436298614396
2022-11-02,319.25,332.55,348.4,358.55,0.04166014095536408,MAZDOCK,0.04166014095536408,1,L,348.57419999999996,358.37072500000005,9,88.16872500000079,3.383263777977451,84.78546122202334,291.3318025258338
2022-11-02,457.4,480.1,460.7,466.45,0.04962833406209022,MAXHEALTH,0.04962833406209022,1,L,460.93035,466.21677500000004,7,37.00497500000046,3.44525312775175,33.55972187224871,124.81007163012814
2022-11-03,365.85,382.9,374.45,374.0,0.04660379937132686,MAZDOCK,0.04660379937132686,1,L,374.63722499999994,373.81300000000005,8,-6.593799999999192,3.1740568340068,-9.767856834005991,-12.017625851248326
2022-11-03,225.4,234.85,238.85,237.35,0.04192546583850931,VBL,0.04192546583850931,1,L,238.96942499999997,237.231325,13,-22.595299999999668,3.279936762303499,-25.875236762303167,-62.800921080176096
2022-11-03,39.05,40.25,40.95,41.15,0.030729833546734975,PNB,0.030729833546734975,1,L,40.970475,41.129425,81,12.874949999999778,3.5274678722694,9.347482127730379,48.84004884004867
2022-11-04,1723.0,1771.95,1799.2,1800.0,0.028409750435287373,BAJAJFINSV,0.028409750435287373,1,L,1800.0996,1799.1000000000001,1,-0.999599999999873,1.9082792511096,-2.907879251109473,4.446420631392112
2022-11-04,113.48,116.85,120.07,120.2,0.029696862883327402,VEDL,0.029696862883327402,1,L,120.13003499999999,120.13990000000001,27,0.26635500000051593,3.43975819604337,-3.173403196042854,10.827017573082909
2022-11-04,468.1,477.2,474.0,477.65,0.019440290536210103,JINDALSTEL,0.019440290536210103,1,L,474.23699999999997,477.411175,7,22.219225000000336,3.5345643514128495,18.684660648587485,77.00421940928237
2022-11-07,55.3,58.7,58.15,58.25,0.061482820976491936,UNIONBANK,0.061482820976491936,1,L,58.179075,58.22087500000001,57,2.3826000000005223,3.5182040396559,-1.1356040396553775,17.196904557179593
2022-11-07,144.9,161.2,157.8,158.7,0.1124913733609385,BANKBARODA,0.1124913733609385,1,L,157.87890000000002,158.62064999999998,21,15.576749999999322,3.5258555408643,12.050894459135023,57.03422053231711
2022-11-09,249.5,262.0,255.6,255.6,0.05010020040080154,COALINDIA,0.05010020040080154,1,L,255.72779999999997,255.47220000000002,13,-3.322799999999461,3.5233043976,-6.846104397599461,0.0
2022-11-09,69.6,72.35,72.25,73.2,0.03951149425287359,ADANIPOWER,0.03951149425287359,1,L,72.286125,73.16340000000001,46,40.35465000000053,3.5520105242619,36.80263947573863,131.4878892733562
2022-11-09,58.8,62.5,63.35,63.65,0.06292517006802734,UNIONBANK,0.06292517006802734,1,L,63.381675,63.618175,52,12.297999999999973,3.5029611482372,8.795038851762774,47.355958958168465
2022-11-10,433.1,417.4,411.05,411.9,-0.03625028861694768,TMPV,0.03625028861694768,-1,S,410.84447500000005,412.10594999999995,8,-10.091799999999239,3.4896875983684,-13.581487598367639,-20.67874954384985
2022-11-10,1334.7,1300.0,1296.65,1298.05,-0.02599835168951825,M&M,0.02599835168951825,-1,S,1296.0016750000002,1298.699025,2,-5.394699999999375,2.7509621297164,-8.145662129715776,-10.797053946707269
2022-11-10,64.45,66.4,65.9,66.85,0.030256012412723132,UNIONBANK,0.030256012412723132,1,L,65.93295,66.816575,50,44.18124999999975,3.5242224196325003,40.65702758036725,144.15781487101543
2022-11-11,1053.0,1096.75,1089.25,1090.25,0.04154795821462498,HCLTECH,0.04154795821462498,1,L,1089.794625,1089.7048750000001,3,-0.26924999999960164,3.466852288161,-3.736102288160602,9.1806288730778
2022-11-11,3205.0,3340.0,3310.0,3315.0,0.04212168486739465,TCS,0.04212168486739465,1,L,3311.6549999999997,3313.3425,1,1.6875000000004547,3.5129315494349997,-1.825431549434545,15.105740181269312
2022-11-11,63.65,69.95,72.0,72.45,0.09897879025923029,ETERNAL,0.09897879025923029,1,L,72.036,72.413775,46,17.37764999999999,3.5250987558608995,13.85255124413909,62.50000000000089
2022-11-14,905.0,872.0,875.4,872.2,-0.03646408839779003,DRREDDY,0.03646408839779003,-1,S,874.9623,872.6360999999999,3,6.978600000000256,2.7806339737152,4.197966026285056,36.55471784327125
2022-11-14,428.9,447.3,455.45,455.9,0.04290044299370499,HINDALCO,0.04290044299370499,1,L,455.67772499999995,455.67205,7,-0.039724999999577904,3.38254505084405,-3.422270050843628,9.880338127126187
2022-11-14,295.55,304.75,309.0,309.7,0.03112840466926059,HINDZINC,0.03112840466926059,1,L,309.1545,309.54515,10,3.9064999999999372,3.2809361212089994,0.6255638787909379,22.653721682848182
2022-11-15,216.6,221.8,219.8,218.6,0.024007386888273308,VBL,0.024007386888273308,1,L,219.9099,218.4907,15,-21.28799999999984,3.4844292680340008,-24.77242926803384,-54.59508644222066
2022-11-15,139.1,142.55,141.95,142.45,0.024802300503235175,ONGC,0.024802300503235175,1,L,142.020975,142.378775,23,8.229399999999941,3.4692164964004997,4.760183503599442,35.22367030644568
2022-11-15,246.9,234.95,231.5,232.25,-0.04840016200891051,COALINDIA,0.04840016200891051,-1,S,231.38425,232.36612499999998,14,-13.746249999999634,3.4409830011864995,-17.187233001186133,-32.39740820734305
2022-11-16,1662.0,1614.05,1617.65,1618.85,-0.028850782190132374,TORNTPHARM,0.028850782190132374,-1,S,1616.8411750000002,1619.6594249999998,2,-5.63649999999916,3.4315335192711993,-9.068033519270358,-7.4181683306018265
2022-11-16,219.35,225.7,224.85,225.25,0.028949167996352942,VBL,0.028949167996352942,1,L,224.962425,225.13737500000002,14,2.449300000000335,3.3414340547672,-0.8921340547668652,17.789637536136382
2022-11-16,420.55,432.75,436.55,431.45,0.029009630246106255,MAZDOCK,0.029009630246106255,1,L,436.76827499999996,431.234275,7,-38.737999999999545,3.2174014605341,-41.95540146053364,-116.82510594433704
2022-11-17,27.35,28.35,28.15,27.85,0.03656307129798897,IRFC,0.03656307129798897,1,L,28.164074999999997,27.836075000000005,118,-38.70399999999909,3.4994853530002,-42.203485352999294,-106.57193605683734
2022-11-17,66.0,68.1,70.35,70.05,0.031818181818181746,UNIONBANK,0.031818181818181746,1,L,70.38517499999999,70.014975,47,-17.39939999999919,3.4969451328933,-20.896345132892492,-42.64392324093813
2022-11-17,247.05,254.8,255.45,255.2,0.031370167982189834,SHRIRAMFIN,0.031370167982189834,1,L,255.577725,255.07240000000002,13,-6.569224999999619,3.51915703656725,-10.08838203656687,-9.786651008024672
2022-11-18,70.35,73.05,73.3,73.9,0.03837953091684443,UNIONBANK,0.03837953091684443,1,L,73.33664999999999,73.86305000000002,45,23.688000000001068,3.5148155459490003,20.17318445405207,81.85538881309907
2022-11-18,432.2,419.9,413.9,407.8,-0.028459046737621452,MAZDOCK,0.028459046737621452,-1,S,413.69305,408.0039,8,45.513200000000325,3.4904871480856,42.022712851914726,147.37859386325104
2022-11-18,44.25,45.45,45.5,45.9,0.027118644067796627,PNB,0.027118644067796627,1,L,45.522749999999995,45.877050000000004,73,25.86390000000067,3.5406112049003995,22.323288795100268,87.9120879120876
2022-11-21,141.9,135.85,135.4,135.6,-0.04263565891472876,ONGC,0.04263565891472876,-1,S,135.3323,135.6678,24,-8.051999999999907,3.4477054565424,-11.499705456542307,-14.77104874445967
2022-11-21,408.5,389.1,389.4,385.8,-0.04749082007343941,MAZDOCK,0.04749082007343941,-1,S,389.2053,385.99289999999996,8,25.699200000000474,3.2910688383456,22.40813116165487,92.44992295839639
2022-11-21,73.9,71.4,75.95,76.15,-0.03382949932341006,UNIONBANK,0.03382949932341006,-1,S,75.91202500000001,76.188075,43,-11.870149999999299,3.4665336712718005,-15.3366836712711,-26.333113890717463
2022-11-22,221.9,230.0,230.75,230.55,0.03650292924740861,VBL,0.03650292924740861,1,L,230.865375,230.43472500000001,14,-6.029099999999801,3.4236430945164,-9.452743094516201,-8.66738894907848
2022-11-22,1326.0,1355.0,1366.075,1365.25,0.02187028657616885,HAL,0.02187028657616885,1,L,1366.7580375,1364.567375,2,-4.381324999999833,2.8959575505864503,-7.277282550586284,-6.039199897517333
2022-11-23,430.6,453.5,449.45,440.75,0.05318160705991626,MAZDOCK,0.05318160705991626,1,L,449.67472499999997,440.529625,7,-64.0156999999997,3.2970247147817,-67.3127247147814,-193.56991878963115
2022-11-23,319.5,301.6,301.85,301.15,-0.05602503912363055,HINDZINC,0.05602503912363055,-1,S,301.69907500000005,301.300575,11,4.383500000000765,3.5174692016299,0.8660307983708653,23.190326321022027
2022-11-23,48.3,49.8,50.45,50.3,0.03105590062111796,PNB,0.03105590062111796,1,L,50.475225,50.27485,66,-13.224750000000071,3.5242856891187,-16.74903568911877,-29.732408325074957
2022-11-24,770.5,792.0,790.7,793.6,0.027903958468527,TATACONSUM,0.027903958468527,1,L,791.09535,793.2032,4,8.43139999999994,3.3610725858892,5.070327414110739,36.67636271657892
2022-11-24,1891.35,1966.2,1888.0,1898.45,0.039574906812594346,INDIGO,0.039574906812594346,1,L,1888.944,1897.5007750000002,1,8.556775000000243,2.0086127125191497,6.548162287481094,55.34957627118642
2022-11-24,29.35,30.1,31.1,30.95,0.02555366269165238,IRFC,0.02555366269165238,1,L,31.11555,30.934525,107,-19.36967499999981,3.5182295839136497,-22.88790458391346,-48.23151125401992
2022-11-25,103.15,105.35,109.0,109.0,0.021328162869607148,RECLTD,0.021328162869607148,1,L,109.05449999999999,108.94550000000001,30,-3.2699999999994134,3.4673183399999994,-6.737318339999413,0.0
2022-11-25,30.9,31.65,31.5,31.7,0.024271844660194164,IRFC,0.024271844660194164,1,L,31.515749999999997,31.684150000000002,105,17.68200000000057,3.520519188627,14.16148081137357,63.49206349206327
2022-11-25,50.75,54.65,53.5,53.6,0.07684729064039408,PNB,0.07684729064039408,1,L,53.52675,53.57320000000001,62,2.879900000000447,3.5211218304994,-0.641221830498953,18.691588785046953
2022-11-28,161.85,167.0,169.7,170.45,0.03181958603645363,BPCL,0.03181958603645363,1,L,169.78484999999998,170.364775,19,11.018575000000595,3.4279793694897496,7.590595630510846,44.19563936358229
2022-11-28,515.0,500.85,497.55,499.525,-0.027475728155339718,LODHA,0.027475728155339718,-1,S,497.30122500000004,499.77476249999995,6,-14.84122499999944,3.1704211405390494,-18.01164614053849,-39.69450306501754
2022-11-28,426.6,439.5,447.0,441.05,0.030239099859352914,MAZDOCK,0.030239099859352914,1,L,447.2235,440.82947500000006,7,-44.758174999999596,3.2911580378064498,-48.04933303780604,-133.1096196868009
2022-11-29,2715.0,2802.0,2772.0,2782.0,0.03204419889502752,ADANIENSOL,0.03204419889502752,1,L,2773.386,2780.6090000000004,1,7.223000000000411,2.94566708287,4.277332917130411,36.07503607503615
2022-11-29,116.55,112.62,113.07,112.88,-0.033719433719433645,VEDL,0.033719433719433645,-1,S,113.013465,112.93643999999999,29,2.2337250000001774,3.4745766252773693,-1.240851625277192,16.803749889449104
2022-11-29,33.5,34.75,35.0,35.3,0.03731343283582089,IRFC,0.03731343283582089,1,L,35.0175,35.28235,95,25.160750000000256,3.5438744677795007,21.616875532220757,85.71428571428453
2022-11-30,435.6,448.05,448.65,449.9,0.02858126721763088,HINDALCO,0.02858126721763088,1,L,448.87432499999994,449.67505,7,5.605075000000397,3.3356562446112497,2.2694187553891476,27.861361863368295
2022-11-30,229.6,235.75,235.95,251.7,0.026785714285714413,VBL,0.026785714285714413,1,L,236.06797499999996,251.57415,14,217.08645000000058,3.6437269766835003,213.4427230233171,667.5143038779407
2022-11-30,515.25,532.2,532.85,535.8,0.03289665211062598,JINDALSTEL,0.03289665211062598,1,L,533.116425,535.5321,6,14.494049999999788,3.4013457423999003,11.092704257599888,55.36267242188142
2022-12-01,271.8,257.65,257.95,257.9,-0.05206033848417968,SHRIRAMFIN,0.05206033848417968,-1,S,257.821025,258.02894999999995,12,-2.4950999999991836,3.2819303651321996,-5.777030365131383,1.938360147315521
2022-12-01,261.8,251.2,250.6,254.4,-0.04048892284186412,VBL,0.04048892284186412,-1,S,250.4747,254.5272,13,-52.68249999999975,3.4751517115821997,-56.15765171158195,-151.63607342378427
2022-12-02,3438.8,3347.85,3334.05,3330.7,-0.026448179597534094,EICHERMOT,0.026448179597534094,-1,S,3332.3829750000004,3332.3653499999996,1,0.0176250000008622,3.53382478412145,-3.516199784120588,10.047839714462103
2022-12-02,253.0,260.0,264.0,263.75,0.027667984189723382,VBL,0.027667984189723382,1,L,264.132,263.618125,12,-6.1664999999998145,3.3572437383389993,-9.523743738338814,-9.469696969697239
2022-12-02,2829.0,2764.65,2756.0,2750.85,-0.022746553552492,ADANIENSOL,0.022746553552492,-1,S,2754.6220000000003,2752.2254249999996,1,2.3965750000006665,2.92013730601805,-0.5235623060173835,18.686502177068796
2022-12-05,68.8,66.6,65.6,65.65,-0.03197674418604657,ETERNAL,0.03197674418604657,-1,S,65.5672,65.68282500000001,50,-5.781250000000426,3.4789728502824997,-9.260222850282926,-7.621951219514145
2022-12-05,117.32,120.48,119.6,119.55,0.02693487896351865,VEDL,0.02693487896351865,1,L,119.65979999999999,119.49022500000001,27,-4.578524999999473,3.42319251345255,-8.001717513452023,-4.180602006689238
2022-12-05,461.1,474.0,478.75,481.1,0.02797657774886142,HINDALCO,0.02797657774886142,1,L,478.989375,480.85945000000004,6,11.220450000000255,3.0548550680066997,8.165594931993557,49.086161879896565
2022-12-06,279.0,284.5,282.45,281.75,0.019713261648745428,CGPOWER,0.019713261648745428,1,L,282.59122499999995,281.609125,11,-10.803099999999404,3.2895023015700997,-14.092602301569503,-24.783147459727097
2022-12-06,55.2,56.95,55.45,55.5,0.03170289855072461,PNB,0.03170289855072461,1,L,55.477725,55.47225,60,-0.3284999999998206,3.5296775516609995,-3.85817755166082,9.017132551847329
2022-12-06,82.8,85.15,87.05,88.25,0.02838164251207731,UNIONBANK,0.02838164251207731,1,L,87.09352499999999,88.205875,38,42.26930000000078,3.5366850102472,38.732614989753586,137.8518093049985
2022-12-07,2758.0,2916.1,2908.45,2902.2,0.057324147933284886,SIEMENS,0.057324147933284886,1,L,2909.9042249999998,2900.7489,1,-9.15532499999972,3.07995227810625,-12.23527727810597,-21.48910931939696
2022-12-07,1928.0,2005.15,1974.1,1973.8,0.04001556016597507,INDIGO,0.04001556016597507,1,L,1975.0870499999999,1972.8131,1,-2.273949999999786,2.0930291704339,-4.3669791704336856,-1.5196798541106116
2022-12-07,75.85,77.65,76.85,76.65,0.02373104812129223,IOC,0.02373104812129223,1,L,76.88842499999998,76.611675,43,-11.900249999999076,3.4984499654718,-15.398699965470875,-26.02472348731122
2022-12-08,55.45,56.8,57.7,57.5,0.024346257889990897,PNB,0.024346257889990897,1,L,57.72885,57.471250000000005,57,-14.6831999999998,3.4800638766882,-18.163263876688,-34.662045060659395
2022-12-08,176.5,180.75,187.85,187.85,0.024079320113314484,BANKBARODA,0.024079320113314484,1,L,187.94392499999998,187.756075,17,-3.1934499999994728,3.3861491599,-6.579599159899473,0.0
2022-12-08,530.0,545.175,547.15,542.5,0.028632075471697993,LODHA,0.028632075471697993,1,L,547.4235749999999,542.22875,6,-31.16894999999954,3.4631433775527,-34.63209337755224,-84.98583569405027
2022-12-09,1100.0,1044.15,1025.1,1026.95,-0.05077272727272719,HCLTECH,0.05077272727272719,-1,S,1024.58745,1027.463475,3,-8.62807500000008,3.26320317302715,-11.891278173027231,-18.047019802946984
2022-12-09,1467.0,1531.5,1514.2,1524.05,0.043967280163599076,CUMMINSIND,0.043967280163599076,1,L,1514.9570999999999,1523.287975,2,16.66175000000021,3.2237458587738996,13.438004141226312,65.0508519350157
2022-12-09,187.4,192.8,187.5,189.35,0.028815368196371427,BANKBARODA,0.028815368196371427,1,L,187.59375,189.255325,17,28.246774999999985,3.3999651651461504,24.846809834853836,98.6666666666669
2022-12-12,56.3,57.7,58.4,58.0,0.02486678507992912,PNB,0.02486678507992912,1,L,58.429199999999994,57.971000000000004,57,-26.117399999999478,3.5150765953764003,-29.632476595375877,-68.49315068493178
2022-12-12,83.6,85.6,86.85,87.3,0.02392344497607657,UNIONBANK,0.02392344497607657,1,L,86.893425,87.25635,38,13.791150000000158,3.5103890932676993,10.280760906732459,51.81347150259086
2022-12-12,30.95,31.6,32.9,33.1,0.021001615508885463,IRFC,0.021001615508885463,1,L,32.91645,33.083450000000006,101,16.86700000000088,3.5363365307174006,13.330663469283477,60.79027355623268
2022-12-13,281.05,286.4,285.0,284.3,0.01903575876178598,CGPOWER,0.01903575876178598,1,L,285.1425,284.15785000000005,11,-10.83114999999924,3.3192448946700996,-14.15039489466934,-24.561403508771562
2022-12-13,541.5,528.225,515.675,514.075,-0.02451523545706369,LODHA,0.02451523545706369,-1,S,515.4171625,514.3320375000001,6,6.510749999999689,3.2767149784152,3.234035021584489,31.0272943229728
2022-12-13,440.5,449.35,446.9,443.5,0.020090805902383657,MAZDOCK,0.020090805902383657,1,L,447.12344999999993,443.27825,7,-26.91639999999944,3.3018381184893992,-30.21823811848884,-76.07965987916687
2022-12-14,274.4,280.45,278.9,277.0,0.02204810495626819,VBL,0.02204810495626819,1,L,279.03945,276.86150000000004,11,-23.957449999999483,3.2396491887616996,-27.197099188761182,-68.12477590534161
2022-12-14,59.9,58.5,59.45,59.15,-0.023372287145242088,PNB,0.023372287145242088,-1,S,59.420275000000004,59.17957499999999,56,13.479200000000617,3.5230272597015997,9.956172740299017,50.46257359125339
2022-12-15,1495.0,1475.0,1446.8,1447.95,-0.013377926421404673,CUMMINSIND,0.013377926421404673,-1,S,1446.0766,1448.673975,2,-5.194749999999658,3.0691726142599,-8.263922614259558,-7.9485761680953
2022-12-15,1063.5,1045.4,1024.9,1022.3,-0.017019275975552306,TECHM,0.017019275975552306,-1,S,1024.3875500000001,1022.8111499999999,3,4.729200000000787,3.2569541457185993,1.4722458542821881,25.36832861742777
2022-12-15,59.15,61.3,59.35,59.25,0.036348267117497945,PNB,0.036348267117497945,1,L,59.379675,59.220375000000004,56,-8.920799999999701,3.5205691982327996,-12.4413691982325,-16.849199663016012
2022-12-16,89.7,87.9,85.05,84.9,-0.02006688963210701,UNIONBANK,0.02006688963210701,-1,S,85.007475,84.94245000000001,39,2.5359749999996666,3.5146418456389497,-0.9786668456392831,17.636684303350414
2022-12-16,97.15,99.55,97.15,96.8,0.02470406587750884,GAIL,0.02470406587750884,1,L,97.198575,96.7516,34,-15.197150000000306,3.4948007801447,-18.691950780145007,-36.02676273803507
2022-12-16,103.15,100.15,99.1,99.4,-0.029083858458555545,BEL,0.029083858458555545,-1,S,99.05045,99.4497,33,-13.175250000000304,3.4717987601186997,-16.647048760119002,-30.272452068618172
2022-12-19,47.6,46.65,47.1,47.15,-0.01995798319327735,MOTHERSON,0.01995798319327735,-1,S,47.07645,47.17357499999999,70,-6.798749999999387,3.4974191003954997,-10.296169100394888,-10.615711252652815
2022-12-19,61.55,60.25,60.65,60.8,-0.021121039805036546,ADANIPOWER,0.021121039805036546,-1,S,60.619675,60.83039999999999,54,-11.379149999999427,3.4761316167153,-14.855281616714727,-24.73206924979321
2022-12-19,159.75,163.05,163.91250000000002,164.175,0.020657276995305285,POWERGRID,0.020657276995305285,1,L,163.99445625,164.0929125,20,1.9691249999999627,3.4794256674067503,-1.5103006674067876,16.014641958361775
2022-12-20,459.55,447.0,453.4,457.45,-0.02730932433902733,HINDALCO,0.02730932433902733,-1,S,453.1733,457.678725,7,-31.537975000000017,3.3772328034035497,-34.91520780340357,-89.32509925011045
2022-12-20,424.8,433.0,438.5,438.9,0.01930320150659126,MAXHEALTH,0.01930320150659126,1,L,438.71925,438.68055,7,-0.2709000000000401,3.2565115054835996,-3.5274115054836397,9.122006841504327
2022-12-20,32.8,33.55,35.15,35.6,0.02286585365853666,IRFC,0.02286585365853666,1,L,35.167575,35.5822,94,38.974750000000085,3.5305440212201,35.44420597877998,128.02275960170695
2022-12-21,1084.2,1117.8,1096.8,1089.55,0.030990592141671103,MUTHOOTFIN,0.030990592141671103,1,L,1097.3483999999999,1089.005225,3,-25.02952499999924,3.4750313637577492,-28.50455636375699,-66.10138584974501
2022-12-21,83.75,86.8,82.7,81.05,0.036417910447761104,UNIONBANK,0.036417910447761104,1,L,82.74135,81.009475,40,-69.27500000000009,3.465377547457999,-72.7403775474581,-199.51632406287834
2022-12-21,516.5,531.95,528.025,518.625,0.029912875121006932,LODHA,0.029912875121006932,1,L,528.2890124999999,518.3656875,6,-59.53994999999918,3.3232318152731994,-62.86318181527238,-178.02187396430026
2022-12-22,58.1,55.45,55.2,55.2,-0.04561101549053359,ADANIPOWER,0.04561101549053359,-1,S,55.1724,55.2276,60,-3.311999999999955,3.511852704,-6.823852703999955,-0.0
2022-12-22,420.9,404.9,399.95,398.0,-0.03801377999524824,MAZDOCK,0.03801377999524824,-1,S,399.750025,398.19899999999996,8,12.408200000000306,3.386111459837199,9.022088540163107,48.75609451181373
2022-12-22,32.8,31.4,31.3,31.25,-0.04268292682926822,IRFC,0.04268292682926822,-1,S,31.284350000000003,31.265625,106,1.984850000000364,3.5157743762011,-1.530924376200736,15.974440894569453
2022-12-23,55.2,52.95,52.45,52.45,-0.040760869565217406,ADANIPOWER,0.040760869565217406,-1,S,52.423775000000006,52.476225,63,-3.304349999999573,3.5037410877,-6.808091087699573,-0.0
2022-12-23,59.05,56.6,54.6,53.7,-0.041490262489415675,ETERNAL,0.041490262489415675,-1,S,54.572700000000005,53.72685,61,51.59685000000035,3.5084931225963,48.08835687740405,164.83516483516425
2022-12-23,31.3,30.3,28.35,27.85,-0.03194888178913735,IRFC,0.03194888178913735,-1,S,28.335825000000003,27.863925,117,55.212300000000596,3.4925058842895,51.719794115711096,176.3668430335097
2022-12-26,28.0,30.3,30.2,30.1,0.08214285714285707,IRFC,0.08214285714285707,1,L,30.215099999999996,30.084950000000003,110,-14.316499999999266,3.515417159243,-17.831917159242266,-33.11258278145601
2022-12-26,54.0,58.6,58.1,58.05,0.08518518518518525,ETERNAL,0.08518518518518525,1,L,58.12905,58.020975,57,-6.16027499999997,3.5097108696220505,-9.669985869622021,-8.60585197934638
2022-12-26,351.0,372.0,398.2,396.5,0.05982905982905984,MAZDOCK,0.05982905982905984,1,L,398.3991,396.30175,8,-16.778799999999592,3.3691227551367997,-20.147922755136392,-42.692114515319176
2022-12-27,55.05,56.2,57.8,57.8,0.020890099909173676,ADANIPOWER,0.020890099909173676,1,L,57.8289,57.7711,57,-3.294600000000017,3.4934027532,-6.788002753200017,0.0
2022-12-27,878.75,900.1,890.85,888.95,0.024295874822190644,GODREJCP,0.024295874822190644,1,L,891.295425,888.5055250000001,3,-8.369699999999625,2.8301695485440996,-11.199869548543724,-21.327945220855902
2022-12-27,528.9,546.25,575.4,577.7,0.032803932690489646,JINDALSTEL,0.032803932690489646,1,L,575.6877,577.41115,5,8.617250000000354,3.0579628517004993,5.5592871482998545,39.972193256865296
2022-12-28,82.9,80.85,82.1,79.45,-0.024728588661037554,UNIONBANK,0.024728588661037554,-1,S,82.05895,79.48972499999999,40,102.76900000000012,3.4375969000219992,99.33140309997812,322.77710109622325
2022-12-28,57.8,60.4,60.7,60.7,0.04498269896193774,ADANIPOWER,0.04498269896193774,1,L,60.73035,60.669650000000004,54,-3.277799999999843,3.4755890076000004,-6.753389007599843,0.0
2022-12-28,2502.9,2564.8,2580.0,2577.05,0.024731311678453105,TITAN,0.024731311678453105,1,L,2581.29,2575.7614750000002,1,-5.528524999999718,2.73379463763335,-8.262319637633068,-11.434108527130782
2022-12-29,60.7,58.9,59.7,60.55,-0.029654036243822124,ADANIPOWER,0.029654036243822124,-1,S,59.67015000000001,60.58027499999999,55,-50.05687499999926,3.5012883452827497,-53.55816334528201,-142.3785594639848
2022-12-29,276.0,259.5,260.7,262.35,-0.05978260869565222,SHRIRAMFIN,0.05978260869565222,-1,S,260.56965,262.481175,12,-22.9382999999998,3.3254985478374004,-26.2637985478372,-63.291139240506666
2022-12-29,543.525,526.375,534.6,544.975,-0.0315532864173681,LODHA,0.0315532864173681,-1,S,534.3327,545.2474875,6,-65.48872499999993,3.42732514723425,-68.91605014723419,-194.07033295922193
2022-12-30,392.3,407.6,402.35,395.9,0.03900076472087699,MAZDOCK,0.03900076472087699,1,L,402.551175,395.70205,8,-54.79300000000012,3.3800096858308,-58.17300968583092,-160.30818938735035
2022-12-30,1920.0,1984.1,1971.8,1920.0,0.03338541666666672,ADANIGREEN,0.03338541666666672,1,L,1972.7858999999999,1919.0400000000002,1,-53.745899999999665,2.0576352306534,-55.80353523065307,-262.7041282077291
2023-01-02,473.55,484.0,487.75,486.05,0.022067363530778206,HINDALCO,0.022067363530778206,1,L,487.99387499999995,485.806975,6,-13.12139999999954,3.0965638229526,-16.21796382295214,-34.85392106611918
2023-01-02,113.0,116.05,119.25,119.15,0.026991150442477796,TATASTEEL,0.026991150442477796,1,L,119.309625,119.09042500000001,27,-5.918399999999636,3.4123084086051,-9.330708408604735,-8.385744234800097
2023-01-03,325.1,333.4,332.3,331.5,0.025530605967394537,HINDZINC,0.025530605967394537,1,L,332.46614999999997,331.33425,10,-11.318999999999733,3.518397218903999,-14.837397218903732,-24.07463135720822
2023-01-03,32.85,33.75,33.85,33.8,0.02739726027397249,IRFC,0.02739726027397249,1,L,33.866925,33.7831,98,-8.214850000000439,3.5143369777536995,-11.72918697775414,-14.77104874446189
2023-01-03,394.25,410.95,417.1,415.9,0.04235890932149644,MAZDOCK,0.04235890932149644,1,L,417.30855,415.69205,7,-11.315500000000213,3.0905053279492,-14.406005327949414,-28.77007911771812
2023-01-04,58.8,57.45,56.6,56.55,-0.022959183673469274,ETERNAL,0.022959183673469274,-1,S,56.57170000000001,56.57827499999999,58,-0.3813499999990597,3.4796714528723,-3.8610214528713596,8.833922261485272
2023-01-04,478.75,464.0,462.5,462.0,-0.03080939947780681,HINDALCO,0.03080939947780681,-1,S,462.26875,462.231,7,0.2642500000001178,3.4313856986044997,-3.167135698604382,10.8108108108107
2023-01-04,119.34,116.5,115.0,115.41,-0.02379755320931798,VEDL,0.02379755320931798,-1,S,114.94250000000001,115.467705,29,-15.23094499999958,3.5412395553835703,-18.77218455538315,-35.65217391304331
2023-01-05,1546.0,1488.75,1470.0,1469.95,-0.0370310478654593,BAJAJFINSV,0.0370310478654593,-1,S,1469.265,1470.684975,2,-2.8399499999995896,3.1173634363887,-5.95731343638829,0.3401360544219578
2023-01-05,656.2,617.0,613.2,610.1,-0.05973788479122222,BAJFINANCE,0.05973788479122222,-1,S,612.8934,610.40505,5,12.441750000000411,3.2444918122484996,9.197258187751912,50.554468362687956
2023-01-06,438.45,430.3,431.85,434.6,-0.01858820846162612,MAXHEALTH,0.01858820846162612,-1,S,431.63407500000005,434.8173,7,-22.282574999999554,3.21345424407525,-25.496029244074805,-63.67951835127839
2023-01-06,2567.95,2511.4,2546.15,2523.95,-0.02202145680406542,ADANIENSOL,0.02202145680406542,-1,S,2544.876925,2525.2119749999997,1,19.664950000000317,2.6904561015914004,16.974493898408916,87.19046403393493
2023-01-06,125.6,127.64,125.44,125.88,0.01624203821656045,PFC,0.01624203821656045,1,L,125.50272,125.81706,26,8.172840000000036,3.46556233582728,4.707277664172756,35.076530612245804
2023-01-09,56.6,58.05,57.3,57.5,0.025618374558303847,ADANIPOWER,0.025618374558303847,1,L,57.328649999999996,57.471250000000005,58,8.270800000000506,3.5313635110892,4.739436488911306,34.90401396160525
2023-01-09,986.0,1014.05,1015.2,1015.9,0.028448275862068995,TECHM,0.028448275862068995,1,L,1015.7076,1015.39205,3,-0.9466499999997495,3.2307213975627005,-4.17737139756245,6.89519306540598
2023-01-09,795.0,815.0,819.1,819.4,0.02515723270440251,BHARTIARTL,0.02515723270440251,1,L,819.50955,818.9903,4,-2.076999999999771,3.4748724158644,-5.551872415864171,3.662556464412159
2023-01-10,51.25,52.65,52.5,52.65,0.02731707317073173,MOTHERSON,0.02731707317073173,1,L,52.52625,52.623675,63,6.137775000000076,3.5131282756321496,2.6246467243679263,28.571428571428914
2023-01-10,388.9,414.35,411.7,412.85,0.06544098740036008,TMPV,0.06544098740036008,1,L,411.90585,412.64357500000006,8,5.901800000000549,3.4982295453604,2.4035704546401484,27.932960893854997
2023-01-10,3310.0,3238.9,3276.5,3286.6,-0.021480362537764308,TCS,0.021480362537764308,-1,S,3274.86175,3288.2432999999996,1,-13.381549999999606,3.4784569677413,-16.860006967740908,-30.82557607202885
2023-01-11,476.5,487.15,491.9,490.45,0.02235047219307451,HINDALCO,0.02235047219307451,1,L,492.14594999999997,490.20477500000004,6,-11.647049999999581,3.1239261975830996,-14.77097619758268,-29.477536084570044
2023-01-11,795.0,764.15,768.45,765.3,-0.038805031446540905,BHARTIARTL,0.038805031446540905,-1,S,768.0657750000001,765.68265,4,9.53250000000071,3.2539817445762,6.27851825542451,40.991606480579314
2023-01-11,2657.85,2590.5,2601.8,2587.9,-0.0253400304757605,ADANIENSOL,0.0253400304757605,-1,S,2600.4991000000005,2589.19395,1,11.305150000000594,2.7529537536293005,8.552196246371293,53.424552233070074
2023-01-12,808.0,823.45,806.55,806.65,0.01912128712871297,TRENT,0.01912128712871297,1,L,806.953275,806.246675,4,-2.8263999999999214,3.4211313227547997,-6.247531322754721,1.2398487384546186
2023-01-12,3412.35,3328.0,3297.1,3303.5,-0.024719035268949474,DIVISLAB,0.024719035268949474,-1,S,3295.45145,3305.15175,1,-9.70029999999997,3.4987443993231993,-13.199044399323169,-19.41099754329656
2023-01-12,244.2,237.05,235.65,236.3,-0.029279279279279202,VBL,0.029279279279279202,-1,S,235.53217500000002,236.41815,14,-12.40364999999963,3.5020002608283,-15.90565026082793,-27.583280288563383
2023-01-13,52.05,49.85,51.1,51.5,-0.04226705091258398,MOTHERSON,0.04226705091258398,-1,S,51.074450000000006,51.525749999999995,65,-29.334499999999295,3.5328572919380004,-32.867357291937296,-78.27788649706457
2023-01-13,294.05,304.55,306.7,307.75,0.03570821288896453,CGPOWER,0.03570821288896453,1,L,306.85335,307.59612500000003,10,7.427750000000515,3.2587879258135,4.168962074187014,34.235409194653954
2023-01-13,239.5,229.1,230.1,226.05,-0.04342379958246345,VBL,0.04342379958246345,-1,S,229.98495,226.163025,14,53.506949999999904,3.3919469911929,50.115003008807,176.01043024771724
2023-01-16,1909.95,2006.0,2059.3,2087.35,0.050289274588340094,ADANIGREEN,0.050289274588340094,1,L,2060.32965,2086.306325,1,25.976674999999886,2.2015116407303505,23.775163359269534,136.21133394842832
2023-01-16,609.5,587.95,588.75,589.55,-0.035356849876948204,JINDALSTEL,0.035356849876948204,-1,S,588.455625,589.8447749999999,5,-6.945749999999293,3.123063506952,-10.068813506951294,-13.588110403395248
2023-01-16,227.2,238.2,239.2,241.9,0.0484154929577465,VBL,0.0484154929577465,1,L,239.31959999999998,241.77905,13,31.97285000000042,3.3197001798337,28.65314982016672,112.87625418060276
2023-01-17,2103.0,2173.35,2164.8,2167.9,0.033452211126961506,ADANIGREEN,0.033452211126961506,1,L,2165.8824,2166.8160500000004,1,0.933650000000398,2.2974120698497003,-1.3637620698493023,14.320029563932302
2023-01-17,2683.15,2749.0,2710.25,2722.0,0.024542049456795167,ADANIENSOL,0.024542049456795167,1,L,2711.605125,2720.639,1,9.03387500000008,2.8813107996722502,6.15256420032783,43.35393413891664
2023-01-17,342.6,350.75,350.3,346.4,0.023788674839462898,HINDZINC,0.023788674839462898,1,L,350.47515,346.22679999999997,9,-38.23515000000015,3.320479526766299,-41.555629526766445,-111.33314302026909
2023-01-18,541.55,527.85,528.325,553.5,-0.02529775643984844,LODHA,0.02529775643984844,-1,S,528.0608375,553.77675,6,-154.29547499999967,3.4247379977686494,-157.72021299776833,-476.50593857947234
2023-01-18,119.3,121.55,122.85,122.45,0.018860016764459253,TATASTEEL,0.018860016764459253,1,L,122.911425,122.38877500000001,27,-14.111549999999582,3.5101904133204003,-17.621740413319984,-32.5600325600317
2023-01-18,348.0,359.7,362.6,361.6,0.03362068965517229,HINDZINC,0.03362068965517229,1,L,362.7813,361.41920000000005,9,-12.258899999999471,3.454560929817,-15.71346092981647,-27.578599007170858
2023-01-19,554.0,538.45,548.85,550.0,-0.028068592057761688,LODHA,0.028068592057761688,-1,S,548.5755750000001,550.275,6,-10.196549999999434,3.4947132493797,-13.691263249379134,-20.952901521362755
2023-01-19,2085.85,1997.1,1976.05,1956.9,-0.04254860128964211,ADANIGREEN,0.04254860128964211,-1,S,1975.061975,1957.87845,1,17.183525000000145,2.08723745753605,15.096287542464095,96.91050327673811
2023-01-20,368.5,377.5,381.3,383.5,0.024423337856173788,MAZDOCK,0.024423337856173788,1,L,381.49065,383.30825000000004,8,14.540800000000218,3.2457295804111994,11.295070419589019,57.697351167058656
2023-01-20,2643.15,2580.25,2544.25,2548.1,-0.02379736299491142,HINDUNILVR,0.02379736299491142,-1,S,2542.977875,2549.37405,1,-6.396174999999857,2.69939381253505,-9.095568812534907,-15.132160754642854
2023-01-20,376.8,354.25,351.75,352.7,-0.059846072186836574,HINDZINC,0.059846072186836574,-1,S,351.57412500000004,352.87634999999995,9,-11.720024999999168,3.36037241526615,-15.080397415265319,-27.007818052593446
2023-01-23,99.05,101.7,102.35,102.3,0.026754164563352,GAIL,0.026754164563352,1,L,102.401175,102.24885,32,-4.874399999999696,3.4718082689808,-8.346208268980496,-4.885197850512668
2023-01-23,382.5,390.8,386.0,387.15,0.02169934640522886,MAZDOCK,0.02169934640522886,1,L,386.193,386.956425,8,6.107400000000325,3.2802232301604,2.8271767698399253,29.792746113987967
2023-01-24,408.0,416.6,422.25,422.0,0.021078431372549167,TMPV,0.021078431372549167,1,L,422.461125,421.78900000000004,7,-4.704874999999561,3.1329860311977504,-7.837861031197312,-5.92066311426831
2023-01-24,783.35,798.15,802.6,802.4,0.018893215037977917,TRENT,0.018893215037977917,1,L,803.0013,801.9988000000001,4,-4.0099999999997635,3.4036100320903997,-7.413610032090164,-2.49190132070809
2023-01-25,815.0,774.4,769.1,769.3,-0.04981595092024538,UNITDSPR,0.04981595092024538,-1,S,768.71545,769.6846499999999,4,-3.876799999999548,3.2623724776903997,-7.139172477689948,-2.60044207515131
2023-01-25,498.85,482.05,458.75,460.85,-0.03367745815375367,AMBUJACEM,0.03367745815375367,-1,S,458.52062500000005,461.080425,7,-17.91859999999957,3.4112036583610994,-21.32980365836067,-45.77656675749387
2023-01-25,759.0,730.5,713.55,713.8,-0.03754940711462451,ADANIPORTS,0.03754940711462451,-1,S,713.193225,714.1569,4,-3.854699999999866,3.026848572512999,-6.881548572512865,-3.5036087169793007
2023-01-27,1872.0,1718.9,1486.25,1486.25,-0.08178418803418797,ADANIGREEN,0.08178418803418797,-1,S,1485.506875,1486.993125,2,-2.9724999999998545,3.1518665949999995,-6.124366594999854,-0.0
2023-01-27,2539.9,2219.5,2014.2,2014.2,-0.1261466986889248,ADANIENSOL,0.1261466986889248,-1,S,2013.1929000000002,2015.2070999999999,1,-2.0141999999996187,2.1357408564,-4.149940856399619,-0.0
2023-01-27,418.55,448.35,442.5,444.95,0.07119818420738255,TMPV,0.07119818420738255,1,L,442.72125,444.727525,7,14.043925000000115,3.2953837309620493,10.748541269038066,55.36723163841684
2023-01-30,1486.25,1316.45,1189.0,1189.0,-0.11424726661059714,ADANIGREEN,0.11424726661059714,-1,S,1188.4055,1189.5945,2,-2.3779999999997017,2.521493276,-4.899493275999702,-0.0
2023-01-30,2766.0,2949.95,2852.45,2898.2,0.06650397686189446,ADANIENT,0.06650397686189446,1,L,2853.8762249999995,2896.7509,1,42.87467500000048,3.0538482322302496,39.82082676777023,160.38843800943116
2023-01-30,2014.2,1660.95,1611.4,1708.0,-0.1753798033958892,ADANIENSOL,0.1753798033958892,-1,S,1610.5943000000002,1708.8539999999998,2,-196.51939999999922,3.4984984546316,-200.01789845463082,-599.4787141615986
2023-01-31,1707.35,1636.0,1743.3,1785.65,-0.041789908337481974,ADANIENSOL,0.041789908337481974,-1,S,1742.4283500000001,1786.542825,1,-44.11447499999986,1.8662996779855496,-45.98077467798541,-242.93007514484043
2023-01-31,47.1,44.75,44.75,44.75,-0.04989384288747345,ADANIPOWER,0.04989384288747345,-1,S,44.727625,44.772375,74,-3.311499999999512,3.5113225329999995,-6.822822532999512,-0.0
2023-01-31,1189.0,1096.85,1185.05,1231.1,-0.077502102607233,ADANIGREEN,0.077502102607233,-1,S,1184.457475,1231.71555,2,-94.51614999999993,2.5518387402073,-97.06798874020723,-388.5911986835988
2023-02-01,301.7,315.55,320.85,326.65,0.045906529665230345,INDHOTEL,0.045906529665230345,1,L,321.010425,326.486675,10,54.76249999999993,3.439221848446,51.32327815155393,180.76983013869176
2023-02-01,712.8,762.3,744.2,750.1,0.06944444444444442,CHOLAFIN,0.06944444444444442,1,L,744.5721,749.72495,4,20.61140000000023,3.1715278445331996,17.439872155467032,79.279763504434
2023-02-01,44.75,42.55,42.55,42.55,-0.04916201117318442,ADANIPOWER,0.04916201117318442,-1,S,42.528725,42.57127499999999,78,-3.3188999999993314,3.5191690637999997,-6.838069063799331,-0.0
2023-02-02,1160.4,1039.85,1039.85,1039.85,-0.10388659083074814,ADANIGREEN,0.10388659083074814,-1,S,1039.330075,1040.3699249999997,3,-3.1195499999989806,3.3077898861,-6.427339886098981,-0.0
2023-02-02,335.0,363.15,347.25,351.95,0.08402985074626868,AMBUJACEM,0.08402985074626868,1,L,347.42362499999996,351.774025,9,39.153600000000324,3.340901854520099,35.812698145480226,135.34917206623476
2023-02-02,1759.95,1551.15,1551.15,1551.15,-0.1186397340833546,ADANIENSOL,0.1186397340833546,-1,S,1550.3744250000002,1551.925575,2,-3.102299999999559,3.2894989865999995,-6.391798986599559,-0.0
2023-02-03,1565.3,1330.5,1557.75,1589.15,-0.15000319427585762,ADANIENT,0.15000319427585762,-1,S,1556.971125,1589.944575,2,-65.94689999999991,3.3298988888963996,-69.27679888889631,-201.572781255015
2023-02-03,1551.15,1396.05,1396.05,1396.05,-0.09999032975534294,ADANIENSOL,0.09999032975534294,-1,S,1395.351975,1396.7480249999999,2,-2.792099999999664,2.9605808981999995,-5.752680898199664,-0.0
2023-02-03,1039.85,935.9,935.9,935.9,-0.09996634129922577,ADANIGREEN,0.09996634129922577,-1,S,935.43205,936.36795,3,-2.8076999999998407,2.9771222333999994,-5.78482223339984,-0.0
2023-02-06,434.75,468.2,470.55,469.65,0.0769407705577918,ZYDUSLIFE,0.0769407705577918,1,L,470.785275,469.415175,7,-9.590700000000254,3.4885760896119,-13.079276089612154,-19.12655403251584
2023-02-06,38.4,36.45,36.45,36.45,-0.05078124999999989,ADANIPOWER,0.05078124999999989,-1,S,36.431775,36.468225000000004,91,-3.3169500000001904,3.5171013969000002,-6.834051396900191,-0.0
2023-02-06,1396.05,1256.45,1256.45,1256.45,-0.0999964184663873,ADANIENSOL,0.0999964184663873,-1,S,1255.8217750000001,1257.078225,2,-2.5128999999997177,2.6645334118000004,-5.1774334117997185,-0.0
2023-02-07,36.45,34.65,34.65,34.65,-0.049382716049382824,ADANIPOWER,0.049382716049382824,-1,S,34.632675,34.667325,96,-3.3263999999999214,3.5271216287999994,-6.853521628799921,-0.0
2023-02-07,1256.45,1319.25,1260.5,1251.95,0.04998209240319951,ADANIENSOL,0.04998209240319951,1,L,1261.13025,1251.3240250000001,2,-19.612449999999626,2.6621797913322998,-22.274629791331925,-67.8302261007535
2023-02-07,244.35,258.2,259.0,262.45,0.056680990382647733,VBL,0.056680990382647733,1,L,259.1295,262.318775,12,38.27130000000011,3.3220350397218,34.94926496027831,133.20463320463327
2023-02-08,1814.2,1995.35,2121.1,2163.5,0.0998511740712158,ADANIENT,0.0998511740712158,1,L,2122.1605499999996,2162.41825,1,40.25770000000057,2.2762234258087997,37.98147657419177,199.89628023195482
2023-02-08,555.95,586.0,594.2,596.1,0.054051623347423305,ADANIPORTS,0.054051623347423305,1,L,594.4971,595.80195,5,6.524249999999938,3.1563551879265,3.367894812073438,31.975765735441364
2023-02-08,50.5,52.85,54.5,54.3,0.046534653465346576,ETERNAL,0.046534653465346576,1,L,54.527249999999995,54.27285,61,-15.518399999999808,3.5173001271785997,-19.03570012717841,-36.69724770642202
2023-02-09,1477.9,1615.2,1578.1,1578.6,0.09290209080451994,CUMMINSIND,0.09290209080451994,1,L,1578.8890499999998,1577.8107,2,-2.156699999999546,3.347291326287,-5.503991326286545,3.1683670236359873
2023-02-09,602.9,556.2,582.5,582.6,-0.07745894841598933,ADANIPORTS,0.07745894841598933,-1,S,582.20875,582.8913,5,-3.41274999999996,3.0884562930565,-6.50120629305646,-1.7167381974259044
2023-02-09,2215.05,1839.65,1949.9,1928.8,-0.16947698697546332,ADANIENT,0.16947698697546332,-1,S,1948.9250500000003,1929.7643999999998,1,19.160650000000487,2.0586896638157,17.10196033618479,108.21067747064039
2023-02-10,1249.1,1186.65,1186.65,1186.65,-0.049995997117924795,ADANIENSOL,0.049995997117924795,-1,S,1186.0566750000003,1187.243325,2,-2.37329999999929,2.5165096685999995,-4.889809668599289,-0.0
2023-02-10,34.55,32.85,32.85,32.85,-0.04920405209840795,ADANIPOWER,0.04920405209840795,-1,S,32.833575,32.866425,101,-3.3178499999996234,3.5180557047000005,-6.835905704699623,-0.0
2023-02-10,762.35,726.3,724.25,724.25,-0.047287991080212644,ADANIGREEN,0.047287991080212644,-1,S,723.887875,724.612125,4,-2.8969999999999345,3.071810774,-5.968810773999934,-0.0
2023-02-13,32.85,31.2,31.2,31.2,-0.05022831050228316,ADANIPOWER,0.05022831050228316,-1,S,31.1844,31.2156,106,-3.307199999999824,3.5067630624,-6.813963062399824,-0.0
2023-02-13,724.25,688.05,688.05,688.05,-0.04998274076631004,ADANIGREEN,0.04998274076631004,-1,S,687.705975,688.3940249999999,4,-2.7521999999999025,2.9182732524,-5.670473252399903,-0.0
2023-02-13,1186.65,1127.35,1127.35,1127.35,-0.04997261197488745,ADANIENSOL,0.04997261197488745,-1,S,1126.786325,1127.9136749999998,2,-2.2546999999995023,2.3907531073999997,-4.6454531073995025,-0.0
2023-02-14,31.2,29.65,29.65,29.65,-0.049679487179487225,ADANIPOWER,0.049679487179487225,-1,S,29.635175,29.664824999999997,112,-3.320799999999622,3.5211837135999993,-6.841983713599621,-0.0
2023-02-14,1127.35,1071.0,1071.0,1071.0,-0.049984476870536976,ADANIENSOL,0.049984476870536976,-1,S,1070.4645,1071.5355,3,-3.212999999999738,3.4068788459999997,-6.619878845999738,-0.0
2023-02-14,688.05,653.65,653.65,653.65,-0.04999636654312911,ADANIGREEN,0.04999636654312911,-1,S,653.323175,653.976825,5,-3.2682499999998527,3.4654627414999997,-6.733712741499852,-0.0
2023-02-15,29.65,28.15,28.15,28.15,-0.050590219224283306,ADANIPOWER,0.050590219224283306,-1,S,28.135925,28.164074999999997,118,-3.321699999999595,3.522138021399999,-6.843838021399594,-0.0
2023-02-15,653.65,621.0,621.0,621.0,-0.04995027920140749,ADANIGREEN,0.04995027920140749,-1,S,620.6895000000001,621.3104999999999,5,-3.104999999999336,3.2923619099999994,-6.3973619099993355,-0.0
2023-02-15,1071.0,1017.45,1017.45,1017.45,-0.04999999999999993,ADANIENSOL,0.04999999999999993,-1,S,1016.9412750000001,1017.958725,3,-3.0523499999994783,3.2365349037,-6.288884903699478,-0.0
2023-02-16,621.0,651.75,596.35,611.9,0.049516908212560384,ADANIGREEN,0.049516908212560384,1,L,596.648175,611.59405,5,74.729375,3.21142744121425,71.51794755878575,260.7529135574738
2023-02-16,28.15,29.55,29.55,29.55,0.04973357015985802,ADANIPOWER,0.04973357015985802,1,L,29.564774999999997,29.535225000000004,112,-3.30959999999925,3.5093078831999995,-6.81890788319925,0.0
2023-02-17,621.0,637.75,624.05,627.95,0.026972624798711653,ADANIGREEN,0.026972624798711653,1,L,624.3620249999999,627.6360250000001,5,16.37000000000114,3.3210102902965,13.048989709704642,62.49499238843104
2023-02-17,29.55,31.05,31.05,31.05,0.050761421319796884,ADANIPOWER,0.050761421319796884,1,L,31.065524999999997,31.034475000000004,107,-3.3223499999992896,3.5228272437,-6.84517724369929,0.0
2023-02-17,468.0,453.3,450.05,451.45,-0.03141025641025641,LODHA,0.03141025641025641,-1,S,449.82497500000005,451.67572499999994,7,-12.95524999999924,3.3445686936073997,-16.29981869360664,-31.107654705031518
2023-02-20,1719.0,1611.95,1625.0,1625.5,-0.062274578243164624,ADANIENT,0.062274578243164624,-1,S,1624.1875,1626.3127499999998,2,-4.250499999999647,3.4465319361130002,-7.697031936112648,-3.0769230769234213
2023-02-20,1028.35,972.95,961.55,964.0,-0.05387270870812455,CIPLA,0.05387270870812455,-1,S,961.069225,964.482,3,-10.238325000000032,3.0618057557305494,-13.300130755730581,-25.479694243668582
2023-02-20,920.15,874.4,874.4,874.4,-0.049720154322664745,ADANIENSOL,0.049720154322664745,-1,S,873.9628,874.8371999999999,3,-2.6231999999997697,2.7814891343999992,-5.404689134399769,-0.0
2023-02-21,32.6,34.2,34.2,34.2,0.04907975460122693,ADANIPOWER,0.04907975460122693,1,L,34.2171,34.182900000000004,97,-3.31739999999985,3.5175785508,-6.83497855079985,0.0
2023-02-21,874.4,830.7,830.7,830.7,-0.04997712717291847,ADANIENSOL,0.04997712717291847,-1,S,830.28465,831.11535,4,-3.3227999999999156,3.5233043976,-6.846104397599916,-0.0
2023-02-21,597.25,567.4,567.4,567.4,-0.049979070740895803,ADANIGREEN,0.049979070740895803,-1,S,567.1163,567.6836999999999,5,-2.8369999999995343,3.008190254,-5.845190253999535,-0.0
2023-02-22,830.7,789.2,789.2,789.2,-0.04995786685927528,ADANIENSOL,0.04995786685927528,-1,S,788.8054000000001,789.5946,4,-3.1567999999997483,3.3472876255999995,-6.504087625599748,-0.0
2023-02-22,567.4,539.05,539.05,539.05,-0.049964751498061344,ADANIGREEN,0.049964751498061344,-1,S,538.780475,539.3195249999999,6,-3.234299999999166,3.429464130599999,-6.663764130599166,-0.0
2023-02-22,1563.9,1500.95,1416.05,1403.5,-0.04025193426689688,ADANIENT,0.04025193426689688,-1,S,1415.341975,1404.20175,2,22.2804500000002,2.9924416317637004,19.2880083682365,88.626814024928
2023-02-23,32.5,30.85,30.85,30.85,-0.05076923076923068,ADANIPOWER,0.05076923076923068,-1,S,30.834575000000005,30.865425,108,-3.3317999999993333,3.5328474756000006,-6.864647475599334,-0.0
2023-02-23,539.05,512.1,512.1,512.1,-0.04999536221129752,ADANIGREEN,0.04999536221129752,-1,S,511.84395000000006,512.35605,6,-3.072599999999511,3.2580068292,-6.330606829199511,-0.0
2023-02-23,789.2,749.75,749.75,749.75,-0.04998732894069946,ADANIENSOL,0.04998732894069946,-1,S,749.375125,750.124875,4,-2.9989999999997963,3.1799656579999995,-6.178965657999796,-0.0
2023-02-24,30.85,29.65,29.35,29.35,-0.03889789303079427,ADANIPOWER,0.03889789303079427,-1,S,29.335325000000005,29.364675,113,-3.316549999999296,3.5166772601,-6.833227260099296,-0.0
2023-02-24,512.1,486.5,486.5,486.5,-0.049990236281976186,ADANIGREEN,0.049990236281976186,-1,S,486.25675,486.74325,6,-2.918999999999869,3.0951382979999993,-6.014138297999868,-0.0
2023-02-24,749.75,712.3,712.3,712.3,-0.049949983327776004,ADANIENSOL,0.049949983327776004,-1,S,711.94385,712.6561499999999,4,-2.849199999999655,3.0211264264,-5.8703264263996555,-0.0
2023-02-27,712.3,676.7,676.7,676.7,-0.049978941457251014,ADANIENSOL,0.049978941457251014,-1,S,676.36165,677.03835,4,-2.70679999999993,2.8701337255999997,-5.57693372559993,-0.0
2023-02-27,360.25,377.0,412.05,405.925,0.046495489243580934,LODHA,0.046495489243580934,1,L,412.25602499999997,405.72203750000006,8,-52.27189999999928,3.463955980337,-55.735855980336275,-148.64700885814818
2023-02-27,486.5,462.2,462.2,462.2,-0.04994861253854066,ADANIGREEN,0.04994861253854066,-1,S,461.9689,462.43109999999996,7,-3.235399999999572,3.4306305068000005,-6.666030506799572,-0.0
2023-02-28,462.2,439.1,485.3,485.3,-0.049978364344439585,ADANIGREEN,0.049978364344439585,-1,S,485.05735000000004,485.54265,6,-2.91179999999963,3.0875038355999993,-5.99930383559963,-0.0
2023-02-28,107.7,102.72,100.72,100.42,-0.04623955431754878,VEDL,0.04623955431754878,-1,S,100.66964,100.47021,33,6.58119000000022,3.5201600084013,3.06102999159892,29.785544082604474
2023-02-28,676.7,642.9,642.9,642.9,-0.04994827840993066,ADANIENSOL,0.04994827840993066,-1,S,642.5785500000001,643.2214499999999,5,-3.214499999999134,3.4084693589999993,-6.622969358999134,-0.0
2023-03-01,642.9,675.0,675.0,675.0,0.049930004666355554,ADANIENSOL,0.049930004666355554,1,L,675.3375,674.6625,4,-2.699999999999818,2.8629233999999997,-5.562923399999818,0.0
2023-03-01,485.3,509.55,509.55,509.55,0.04996909128374205,ADANIGREEN,0.04996909128374205,1,L,509.804775,509.295225,6,-3.057299999999941,3.2417835966000004,-6.299083596599941,0.0
2023-03-01,1370.0,1439.05,1547.45,1551.95,0.05040145985401456,ADANIENT,0.05040145985401456,1,L,1548.223725,1551.174025,2,5.90059999999994,3.287411608783,2.6131883912169402,29.080099518563607
2023-03-02,675.0,708.75,708.75,708.75,0.050000000000000044,ADANIENSOL,0.050000000000000044,1,L,709.104375,708.395625,4,-2.8350000000000364,3.0060695699999993,-5.841069570000036,0.0
2023-03-02,509.55,535.0,535.0,535.0,0.049946030811500286,ADANIGREEN,0.049946030811500286,1,L,535.2674999999999,534.7325000000001,6,-3.209999999999127,3.4036978199999997,-6.6136978199991265,0.0
2023-03-02,30.7,32.25,32.25,32.25,0.050488599348534224,ADANIPOWER,0.050488599348534224,1,L,32.266124999999995,32.233875000000005,103,-3.321749999999028,3.5221910385,-6.843941038499028,0.0
2023-03-03,66.7,70.1,72.0,72.2,0.050974512743628075,UNIONBANK,0.050974512743628075,1,L,72.036,72.16390000000001,46,5.883400000000506,3.5177398381604,2.3656601618401063,27.77777777777768
2023-03-03,620.45,665.05,687.85,683.9,0.07188331050044305,ADANIPORTS,0.07188331050044305,1,L,688.193925,683.55805,4,-18.543500000000222,2.9073144657853995,-21.450814465785623,-57.425310750891526
2023-03-03,1588.0,1747.35,1881.95,1876.5,0.10034634760705274,ADANIENT,0.10034634760705274,1,L,1882.890975,1875.56175,1,-7.329224999999951,1.9920231398158503,-9.321248139815802,-28.95932410531654
2023-03-06,683.7,719.75,696.0,694.9,0.05272780459265758,ADANIPORTS,0.05272780459265758,1,L,696.348,694.55255,4,-7.181799999999839,2.9491765420971996,-10.130976542097038,-15.804597701150058
2023-03-06,33.85,35.55,35.55,35.55,0.05022156573116687,ADANIPOWER,0.05022156573116687,1,L,35.567775,35.532225,93,-3.306150000000059,3.5056497033,-6.811799703300059,0.0
2023-03-06,1874.0,2067.45,2001.5,1986.25,0.10322838847385252,ADANIENT,0.10322838847385252,1,L,2002.50075,1985.256875,1,-17.24387499999989,2.11251594822325,-19.35639094822314,-76.1928553584812
2023-03-08,781.35,820.4,820.4,820.4,0.04997760286683306,ADANIENSOL,0.04997760286683306,1,L,820.8101999999999,819.9898000000001,4,-3.2815999999993437,3.4796183072,-6.761218307199344,0.0
2023-03-08,35.55,37.3,37.3,37.3,0.049226441631504914,ADANIPOWER,0.049226441631504914,1,L,37.31865,37.281349999999996,89,-3.319700000000168,3.5200173373999997,-6.839717337400168,0.0
2023-03-08,589.8,619.25,619.25,619.25,0.049932180400135806,ADANIGREEN,0.049932180400135806,1,L,619.559625,618.940375,5,-3.096249999999827,3.2830839174999995,-6.379333917499826,0.0
2023-03-09,820.4,861.4,861.4,861.4,0.04997562164797653,ADANIENSOL,0.04997562164797653,1,L,861.8307,860.9693,3,-2.58420000000001,2.7401357964,-5.32433579640001,0.0
2023-03-09,37.3,39.2,39.2,39.2,0.050938337801608835,ADANIPOWER,0.050938337801608835,1,L,39.2196,39.180400000000006,84,-3.292799999999488,3.4914941376,-6.784294137599488,0.0
2023-03-09,619.25,650.2,650.2,650.2,0.049979814291481794,ADANIGREEN,0.049979814291481794,1,L,650.5251000000001,649.8749,5,-3.2510000000002037,3.4471718419999995,-6.698171842000203,0.0
2023-03-10,861.4,904.45,904.45,904.45,0.04997678198281874,ADANIENSOL,0.04997678198281874,1,L,904.902225,903.997775,3,-2.7133499999999913,2.8770789657,-5.590428965699991,0.0
2023-03-10,1941.95,1852.1,1897.0,1894.45,-0.046267926568655304,ADANIENT,0.046267926568655304,-1,S,1896.0515,1895.397225,1,0.6542750000000979,2.01039666191185,-1.356121661911752,13.44227727991587
2023-03-10,650.2,682.7,682.7,682.7,0.0499846201168872,ADANIGREEN,0.0499846201168872,1,L,683.04135,682.3586500000001,4,-2.7307999999993626,2.8955819336,-5.626381933599363,0.0
2023-03-13,904.45,949.65,949.65,949.65,0.049975123002929944,ADANIENSOL,0.049975123002929944,1,L,950.1248249999999,949.1751750000001,3,-2.848949999999377,3.0208613409,-5.869811340899377,0.0
2023-03-13,1061.0,1152.5,1135.25,1132.7,0.08623939679547599,TECHM,0.08623939679547599,1,L,1135.817625,1132.1336500000002,2,-7.367949999999382,2.4042429909762997,-9.772192990975682,-22.46201277251614
2023-03-13,682.7,716.8,716.8,716.8,0.049948732972022736,ADANIGREEN,0.049948732972022736,1,L,717.1583999999999,716.4416,4,-2.8671999999996842,3.0402125823999997,-5.907412582399684,0.0
2023-03-14,43.0,40.95,40.85,40.85,-0.04767441860465105,ADANIPOWER,0.04767441860465105,-1,S,40.829575000000006,40.870425,81,-3.308849999999339,3.5085126267000004,-6.817362626699339,-0.0
2023-03-14,949.65,908.0,902.2,902.2,-0.04385826357078926,ADANIENSOL,0.04385826357078926,-1,S,901.7489,902.6511,3,-2.7065999999999804,2.8699216572,-5.57652165719998,-0.0
2023-03-14,1860.0,1781.9,1711.55,1748.1,-0.04198924731182796,ADANIENT,0.04198924731182796,-1,S,1710.694225,1748.9740499999998,1,-38.279824999999846,1.83019529003015,-40.11002029002999,-213.5491221407504
2023-03-15,902.2,857.1,947.3,925.1,-0.04998891598315236,ADANIENSOL,0.04998891598315236,-1,S,946.82635,925.56255,3,63.79140000000018,2.9853848846742,60.806015115325984,234.35025862978964
2023-03-15,40.85,38.85,42.4,40.35,-0.0489596083231334,ADANIPOWER,0.0489596083231334,-1,S,42.3788,40.370174999999996,78,156.67275000000018,3.4395353279312997,153.23321467206887,483.49056603773533
2023-03-15,295.5,303.15,295.0,295.45,0.025888324873096336,HINDZINC,0.025888324873096336,1,L,295.1475,295.302275,11,1.7025250000003211,3.4439773241406497,-1.7414523241403286,15.254237288135908
2023-03-16,580.9,556.85,552.15,552.9,-0.0414012738853502,JINDALSTEL,0.0414012738853502,-1,S,551.873925,553.1764499999999,6,-7.815149999999676,3.5146989743084998,-11.329848974308176,-13.583265417005386
2023-03-16,269.0,254.9,260.1,262.0,-0.05241635687732338,VBL,0.05241635687732338,-1,S,259.96995000000004,262.131,12,-25.932599999999184,3.3191253937764,-29.251725393775583,-73.04882737408703
2023-03-16,50.85,46.1,45.35,45.75,-0.09341199606686335,MOTHERSON,0.09341199606686335,-1,S,45.327325,45.772875,73,-32.5251499999998,3.5225919425996,-36.047741942599394,-88.20286659316335
2023-03-17,974.75,1009.35,1022.35,1022.35,0.0354962810977173,ADANIENSOL,0.0354962810977173,1,L,1022.861175,1021.838825,3,-3.067049999999881,3.2521219311000005,-6.3191719310998815,0.0
2023-03-17,361.0,373.95,376.2,374.9,0.03587257617728534,DLF,0.03587257617728534,1,L,376.38809999999995,374.71255,8,-13.404399999999441,3.1845502619751995,-16.58895026197464,-34.55608718766601
2023-03-17,777.4,816.25,816.25,816.25,0.049974273218420295,ADANIGREEN,0.049974273218420295,1,L,816.6581249999999,815.8418750000001,4,-3.264999999999418,3.46201663,-6.727016629999418,0.0
2023-03-20,40.0,38.7,38.0,38.0,-0.03249999999999997,ADANIPOWER,0.03249999999999997,-1,S,37.981,38.019,87,-3.305999999999713,3.5054906520000007,-6.811490651999714,-0.0
2023-03-20,1873.1,1812.9,1789.6,1801.0,-0.0321392344242164,ADANIENT,0.0321392344242164,-1,S,1788.7052,1801.9005,1,-13.195299999999861,1.9023810148881999,-15.09768101488806,-63.701385784533656
2023-03-20,1403.0,1361.0,1321.575,1322.775,-0.029935851746258013,HAL,0.029935851746258013,-1,S,1320.9142125,1323.4363875,2,-5.0443499999996675,2.8036520039712,-7.848002003970867,-9.080074910619018
2023-03-21,839.0,869.95,880.9,881.3,0.03688915375446955,HDFCAMC,0.03688915375446955,1,L,881.3404499999999,880.85935,3,-1.4432999999999083,2.8029336904644,-4.246233690464308,4.540810534681139
2023-03-21,845.55,876.55,891.05,891.05,0.036662527349062835,ADANIGREEN,0.036662527349062835,1,L,891.4955249999999,890.604475,3,-2.6731499999998505,2.8344532172999997,-5.507603217299851,0.0
2023-03-21,110.0,105.3,105.55,105.0,-0.042727272727272725,GAIL,0.042727272727272725,-1,S,105.497225,105.0525,31,13.786475000000166,3.4623236053733497,10.324151394626817,52.10800568450913
2023-03-22,311.0,319.45,317.35,318.0,0.02717041800643094,HINDZINC,0.02717041800643094,1,L,317.508675,317.841,10,3.3232500000002574,3.3691547252654996,-0.04590472526524225,20.482117535842725
2023-03-22,891.05,935.6,935.6,935.6,0.04999719432130645,ADANIGREEN,0.04999719432130645,1,L,936.0677999999999,935.1322000000001,3,-2.8067999999993845,2.9761679256000004,-5.782967925599385,0.0
2023-03-22,39.95,41.25,40.55,40.95,0.03254067584480591,ADANIPOWER,0.03254067584480591,1,L,40.570274999999995,40.929525000000005,82,29.458500000000825,3.5467320972936003,25.911767902707226,98.64364981504448
2023-03-23,1033.2,1084.4,1084.4,1084.4,0.049554781262098446,ADANIENSOL,0.049554781262098446,1,L,1084.9422,1083.8578000000002,3,-3.2531999999991967,3.4495045944,-6.702704594399197,0.0
2023-03-23,935.6,982.35,982.35,982.35,0.04996793501496355,ADANIGREEN,0.04996793501496355,1,L,982.841175,981.858825,3,-2.94704999999999,3.1248808910999997,-6.07193089109999,0.0
2023-03-23,1312.5,1247.5,1250.225,1247.5,-0.049523809523809526,HAL,0.049523809523809526,-1,S,1249.5998875,1248.12375,2,2.9522750000000997,2.64904077708415,0.3032342229159495,21.79607670619199
2023-03-24,53.15,51.2,50.9,50.85,-0.03668861712135463,ETERNAL,0.03668861712135463,-1,S,50.87455,50.875425,65,-0.05687500000004064,3.50677508963275,-3.5636500896327905,9.823182711198308
2023-03-24,982.35,1031.45,1028.55,1031.45,0.0499821855754059,ADANIGREEN,0.0499821855754059,1,L,1029.064275,1030.934275,3,5.610000000000355,3.2774114735169,2.3325885264834545,28.195031840942963
2023-03-24,1084.4,1138.6,1119.9,1124.9,0.04998155662117276,ADANIENSOL,0.04998155662117276,1,L,1120.45995,1124.3375500000002,2,7.755200000000514,2.38135307047,5.373846929530513,44.64684346816572
2023-03-27,319.45,313.6,314.0,311.5,-0.018312724996086938,MAZDOCK,0.018312724996086938,-1,S,313.843,311.65574999999995,10,21.872500000000628,3.318962977175,18.553537022825626,79.617834394905
2023-03-27,412.325,401.675,399.1,398.5,-0.025829139634996556,LODHA,0.025829139634996556,-1,S,398.90045000000003,398.69925,8,1.6096000000002277,3.3834418442575998,-1.773841844257372,15.033826108745707
2023-03-27,38.5,37.7,36.7,36.6,-0.020779220779220675,ADANIPOWER,0.020779220779220675,-1,S,36.681650000000005,36.6183,90,5.701500000000621,3.4985257009829995,2.2029742990176215,27.24795640327016
2023-03-28,1068.35,1015.0,1015.0,1015.0,-0.04993681845837028,ADANIENSOL,0.04993681845837028,-1,S,1014.4925000000001,1015.5074999999999,3,-3.044999999999618,3.22874139,-6.273741389999618,-0.0
2023-03-28,977.9,935.65,935.65,935.65,-0.043204826669393626,ADANIGREEN,0.043204826669393626,-1,S,935.182175,936.1178249999999,3,-2.806949999999688,2.9763269769000003,-5.783276976899688,-0.0
2023-03-28,36.6,34.8,34.75,34.75,-0.049180327868852625,ADANIPOWER,0.049180327868852625,-1,S,34.732625,34.767375,95,-3.3012500000002376,3.5004540275,-6.801704027500238,-0.0
2023-03-29,329.35,300.55,299.5,299.2,-0.08744496735995144,HINDZINC,0.08744496735995144,-1,S,299.35025,299.34959999999995,11,0.007150000000706314,3.4919092798270994,-3.484759279826393,10.016694490818656
2023-03-29,1015.0,964.25,1001.25,1003.1,-0.050000000000000044,ADANIENSOL,0.050000000000000044,-1,S,1000.7493750000001,1003.60155,3,-8.556524999999624,3.1873357029271503,-11.743860702926774,-18.476903870161543
2023-03-29,935.65,888.9,922.0,891.2,-0.04996526478918395,ADANIGREEN,0.04996526478918395,-1,S,921.5390000000001,891.6456,3,89.68020000000047,2.8940576751587996,86.78614232484166,334.0563991323209
2023-03-31,91.55,97.7,97.4,97.45,0.06717640633533595,BEL,0.06717640633533595,1,L,97.4487,97.40127500000001,34,-1.6124499999996544,3.5125164072079005,-5.124966407207555,5.133470225873182
2023-03-31,1835.0,1904.95,1912.9,1913.25,0.03811989100817437,INDIGO,0.03811989100817437,1,L,1913.85645,1912.2933750000002,1,-1.5630749999997988,2.0285521788604504,-3.591627178860249,1.829682680745126
2023-03-31,36.5,38.3,38.3,38.3,0.049315068493150704,ADANIPOWER,0.049315068493150704,1,L,38.31914999999999,38.28085,86,-3.293799999999351,3.4925544795999994,-6.78635447959935,0.0
2023-04-03,172.0,165.2,164.95,165.05,-0.03953488372093028,BPCL,0.03953488372093028,-1,S,164.867525,165.13252500000002,20,-5.300000000000296,3.498909130226,-8.798909130226296,-6.062443164596143
2023-04-03,1003.15,972.0,943.4,943.4,-0.031052185615311756,ADANIENSOL,0.031052185615311756,-1,S,942.9283,943.8716999999999,3,-2.8301999999996497,3.0009799283999996,-5.831179928399649,-0.0
2023-04-03,150.75,156.95,153.7,153.7,0.041127694859038,ONGC,0.041127694859038,1,L,153.77684999999997,153.62315,21,-3.2276999999991176,3.4224658733999997,-6.650165873399118,0.0
2023-04-05,1283.0,1314.65,1279.95,1279.0,0.024668745128604952,BAJAJFINSV,0.024668745128604952,1,L,1280.5899749999999,1278.3605,2,-4.4589499999997315,2.7131536646147003,-7.172103664614432,-7.422164928317931
2023-04-05,284.0,293.45,290.2,290.95,0.033274647887323816,VBL,0.033274647887323816,1,L,290.34509999999995,290.804525,11,5.053675000000737,3.3901029559677496,1.6635720440329878,25.844245348036754
2023-04-05,571.9,592.2,578.05,575.5,0.03549571603427193,BAJFINANCE,0.03549571603427193,1,L,578.3390249999999,575.21225,5,-15.633874999999193,3.0564946654407494,-18.690369665439942,-44.113830983477655
2023-04-06,779.85,817.05,841.1,840.35,0.04770148105404881,CHOLAFIN,0.04770148105404881,1,L,841.52055,839.929825,3,-4.77217499999972,2.67412118035425,-7.44629618035397,-8.91689454286082
2023-04-06,107.29,101.13,101.77,102.07,-0.05741448410849115,VEDL,0.05741448410849115,-1,S,101.719115,102.12103499999999,32,-12.861439999999675,3.4571883575647995,-16.318628357564474,-29.47823523631765
2023-04-10,437.0,471.85,462.2,461.45,0.07974828375286047,TMPV,0.07974828375286047,1,L,462.43109999999996,461.21927500000004,7,-8.482774999999435,3.4272710008932497,-11.910046000892685,-16.226741670272162
2023-04-10,953.2,1000.85,1000.85,1000.85,0.04998950902224086,ADANIENSOL,0.04998950902224086,1,L,1001.350425,1000.3495750000001,3,-3.002549999999701,3.1837298721,-6.186279872099701,0.0
2023-04-10,856.35,899.15,899.15,899.15,0.0499795644304315,ADANIGREEN,0.0499795644304315,1,L,899.599575,898.700425,3,-2.6974499999998898,2.8602195279,-5.55766952789989,0.0
2023-04-11,1000.85,1050.85,1050.85,1050.85,0.04995753609431963,ADANIENSOL,0.04995753609431963,1,L,1051.375425,1050.3245749999999,3,-3.1525500000002467,3.3427811720999996,-6.495331172100246,0.0
2023-04-11,899.15,944.1,944.1,944.1,0.04999165878885625,ADANIGREEN,0.04999165878885625,1,L,944.57205,943.62795,3,-2.8322999999998046,3.0032066466,-5.8355066465998044,0.0
2023-04-11,351.45,366.95,369.5,369.25,0.044103001849480794,KOTAKBANK,0.044103001849480794,1,L,369.68474999999995,369.065375,9,-5.5743749999994066,3.52472753275425,-9.099102532753657,-6.765899864682456
2023-04-12,1799.85,1834.45,1841.3,1845.5,0.01922382420757285,ADANIENT,0.01922382420757285,1,L,1842.2206499999998,1844.57725,1,2.3566000000002987,1.9550953293254,0.4015046706748986,22.809971215989044
2023-04-12,2929.0,3069.35,3197.8,3211.1,0.047917377944691086,DIVISLAB,0.047917377944691086,1,L,3199.3989,3209.49445,1,10.095550000000003,3.3992723958971,6.696277604102903,41.591093877040294
2023-04-12,405.25,411.85,405.7,406.95,0.01628624305983961,DLF,0.01628624305983961,1,L,405.90284999999994,406.746525,8,6.749400000000605,3.4478450540699996,3.3015549459306057,30.810944047325872
2023-04-13,132.84,130.12,129.16,129.20000000000002,-0.020475760313158675,PFC,0.020475760313158675,-1,S,129.09542,129.2646,25,-4.229500000000286,3.4242647541130005,-7.653764754113286,-3.096934035307086
2023-04-17,1384.85,1228.8,1253.15,1256.75,-0.11268368415351837,INFY,0.11268368415351837,-1,S,1252.523425,1257.378375,2,-9.709899999999834,2.6605622946136007,-12.370462294613436,-28.727606431790953
2023-04-17,1085.8,1018.4,1029.3,1029.45,-0.0620740467857801,TECHM,0.0620740467857801,-1,S,1028.78535,1029.964725,3,-3.538124999999809,3.27441925805085,-6.812544258050659,-1.4573010784046936
2023-04-18,27.5,28.15,28.25,28.25,0.023636363636363678,IRFC,0.023636363636363678,1,L,28.264125,28.235875,117,-3.3052499999999867,3.5046953954999998,-6.8099453954999865,0.0
2023-04-18,3215.7,3274.8,3250.2,3263.6,0.018378580091426455,EICHERMOT,0.018378580091426455,1,L,3251.8250999999996,3261.9682000000003,1,10.143100000000686,3.4548983072857995,6.688201692714887,41.22823210879423
2023-04-19,567.0,585.35,580.3,580.4,0.032363315696648964,JINDALSTEL,0.032363315696648964,1,L,580.5901499999999,580.1098000000001,5,-2.4017499999990832,3.0769022659435,-5.478652265942584,1.7232465965877353
2023-04-19,1144.7,1173.2,1166.45,1169.45,0.024897353018258128,TVSMOTOR,0.024897353018258128,1,L,1167.033225,1168.865275,2,3.664100000000417,2.4775112871219998,1.1865887128784172,25.719062111535518
2023-04-20,3334.7,3249.45,3214.0,3204.0,-0.02556451854739561,DIVISLAB,0.02556451854739561,-1,S,3212.393,3205.602,1,6.791000000000167,3.40373482687,3.3872651731301673,31.113876789048422
2023-04-20,1500.2,1545.85,1558.0,1561.0,0.030429276096520352,CUMMINSIND,0.030429276096520352,1,L,1558.779,1560.2195000000002,2,2.881000000000313,3.307865107322,-0.4268651073216869,19.255455712452463
2023-04-20,656.55,670.7,666.3,666.0,0.02155205239509561,ADANIPORTS,0.02155205239509561,1,L,666.6331499999999,665.667,5,-4.830749999999284,3.5315695141694996,-8.362319514168783,-4.502476361998298
2023-04-21,1035.0,1055.8,1051.0,1049.5,0.020096618357487772,HCLTECH,0.020096618357487772,1,L,1051.5255,1048.97525,3,-7.650750000000016,3.3403787495084996,-10.991128749508515,-14.272121788773129
2023-04-21,585.5,570.8,571.7,573.15,-0.02510674637062349,JINDALSTEL,0.02510674637062349,-1,S,571.4141500000001,573.436575,5,-10.112124999999423,3.0340357688192494,-13.146160768818673,-25.362952597514088
2023-04-24,279.6,287.5,289.65,290.0,0.02825464949928458,VBL,0.02825464949928458,1,L,289.79482499999995,289.855,11,0.6619250000007924,3.38087230096495,-2.7189473009641576,12.083549110997183
2023-04-24,915.8,895.85,887.95,886.3,-0.02178423236514515,ADANIGREEN,0.02178423236514515,-1,S,887.5060250000001,886.7431499999999,3,2.2886250000007067,2.8225108779406503,-0.5338858779399436,18.582127372037682
2023-04-24,513.5,545.0,546.35,547.1,0.06134371957156759,HDFCLIFE,0.06134371957156759,1,L,546.623175,546.82645,6,1.2196500000004562,3.4787866866914996,-2.2591366866910434,13.72746407980241
2023-04-25,56.2,59.15,57.7,57.7,0.052491103202847,ETERNAL,0.052491103202847,1,L,57.72885,57.671150000000004,57,-3.2888999999998276,3.4873588038,-6.776258803799827,0.0
2023-04-25,886.5,905.6,931.45,931.45,0.02154540327129162,ADANIGREEN,0.02154540327129162,1,L,931.915725,930.9842750000001,3,-2.79434999999944,2.962966667700001,-5.757316667699441,0.0
2023-04-25,593.3,605.6,606.8,607.85,0.02073150176976246,BAJFINANCE,0.02073150176976246,1,L,607.1034,607.5460750000001,5,2.2133750000006103,3.2204371339067497,-1.0070621339061394,17.303889255109173
2023-04-26,575.85,564.1,568.9,571.45,-0.020404619258487466,JINDALSTEL,0.020404619258487466,-1,S,568.61555,571.735725,5,-15.600875000000087,3.0215033794407495,-18.622378379440836,-44.823343294078114
2023-04-26,286.0,278.0,280.75,281.0,-0.027972027972028024,SHRIRAMFIN,0.027972027972028024,-1,S,280.609625,281.1405,11,-5.839624999999785,3.2757573808107496,-9.115382380810534,-8.904719501334757
2023-04-26,41.2,41.85,41.75,42.75,0.01577669902912615,ADANIPOWER,0.01577669902912615,1,L,41.770875,42.728625,79,75.66225000000034,3.5478255665729996,72.11442443342735,239.520958083832
2023-04-27,974.1,951.45,948.35,954.55,-0.023252232830304864,GODREJCP,0.023252232830304864,-1,S,947.8758250000001,955.0272749999999,3,-21.454349999999522,3.0245461188018,-24.478896118801323,-65.3767069120037
2023-04-27,605.7,622.6,620.25,619.9,0.027901601452864355,BAJFINANCE,0.027901601452864355,1,L,620.560125,619.59005,5,-4.850374999999758,3.2872657921977497,-8.137640792197509,-5.642885933091479
2023-04-27,30.15,30.7,31.5,31.45,0.018242122719734688,IRFC,0.018242122719734688,1,L,31.515749999999997,31.434275,105,-8.55487499999974,3.50372165909325,-12.05859665909299,-15.873015873015817
2023-04-28,924.65,898.45,900.55,910.35,-0.028335045692964855,TRENT,0.028335045692964855,-1,S,900.099725,910.805175,3,-32.116349999999784,2.8770337860221997,-34.99338378602199,-108.82238631947149
2023-04-28,187.45,193.55,191.55,192.6,0.0325420112029875,WIPRO,0.0325420112029875,1,L,191.64577500000001,192.5037,17,14.584724999999906,3.4642669917829503,11.120458008216957,54.81597494126689
2023-04-28,281.0,262.85,266.05,266.3,-0.06459074733096082,SHRIRAMFIN,0.06459074733096082,-1,S,265.91697500000004,266.43315,12,-6.1940999999997075,3.386509177539,-9.580609177538708,-9.396729937982684
2023-05-02,31.7,33.3,33.55,33.6,0.050473186119873725,IRFC,0.050473186119873725,1,L,33.56677499999999,33.583200000000005,99,1.6260750000012223,3.5250404700406497,-1.8989654700394274,14.903129657228842
2023-05-02,951.0,998.55,973.75,974.95,0.050000000000000044,ADANIGREEN,0.050000000000000044,1,L,974.2368749999999,974.4625250000001,3,0.6769500000006019,3.0998277286932003,-2.4228777286925984,12.32349165597002
2023-05-02,44.95,47.2,47.2,47.2,0.0500556173526141,ADANIPOWER,0.0500556173526141,1,L,47.2236,47.17640000000001,70,-3.303999999999263,3.5033699679999994,-6.8073699679992625,0.0
2023-05-03,47.2,48.5,46.45,46.4,0.02754237288135597,ADANIPOWER,0.02754237288135597,1,L,46.473225,46.3768,71,-6.8461749999997465,3.4946832330011506,-10.340858233000898,-10.764262648009781
2023-05-03,2061.65,2182.85,2157.95,2162.6,0.05878786408944281,INDIGO,0.05878786408944281,1,L,2159.0289749999997,2161.5187,1,2.4897250000003623,2.29114058127455,0.19858441872581256,21.548228642924716
2023-05-03,33.7,34.7,35.4,35.5,0.029673590504450953,IRFC,0.029673590504450953,1,L,35.417699999999996,35.48225,94,6.067700000000386,3.5344091545377996,2.533290845462586,28.248587570622874
2023-05-04,46.05,47.2,47.6,47.65,0.024972855591748333,ADANIPOWER,0.024972855591748333,1,L,47.623799999999996,47.626175,69,0.16387500000053734,3.4847949401101497,-3.3209199401096123,10.504201680672232
2023-05-04,886.55,960.7,951.4,950.8,0.08363882465737982,CHOLAFIN,0.08363882465737982,1,L,951.8756999999999,950.3246,3,-4.653299999999717,3.0252763058033993,-7.678576305803117,-6.306495690561187
2023-05-05,864.5,824.15,816.7,813.1,-0.046674378253325655,HDFCBANK,0.046674378253325655,-1,S,816.2916500000001,813.50655,4,11.140400000000682,3.4578709655727997,7.682529034427882,44.07983347618494
2023-05-05,1178.0,1196.2,1218.7,1215.25,0.015449915110356649,TVSMOTOR,0.015449915110356649,1,L,1219.30935,1214.6423750000001,2,-9.333949999999732,2.5800622401797,-11.914012240179432,-28.30885369656255
2023-05-08,237.6,230.4,232.55,232.8,-0.030303030303030276,COALINDIA,0.030303030303030276,-1,S,232.43372500000004,232.9164,14,-6.757449999999608,3.4536269757955007,-10.211076975795109,-10.750376263168882
2023-05-08,999.0,949.05,949.05,949.05,-0.050000000000000044,ADANIENSOL,0.050000000000000044,-1,S,948.575475,949.5245249999999,3,-2.8471499999998287,3.0189527253,-5.866102725299829,-0.0
2023-05-08,938.5,907.75,918.3,918.05,-0.03276505061267976,ADANIGREEN,0.03276505061267976,-1,S,917.84085,918.509025,3,-2.004524999999717,2.9208208487152496,-4.925345848714967,2.7224218664922972
2023-05-09,949.05,920.75,901.6,901.6,-0.02981929297718766,ADANIENSOL,0.02981929297718766,-1,S,901.1492000000001,902.0508,3,-2.70479999999975,2.8680130416000003,-5.57281304159975,-0.0
2023-05-09,62.85,61.3,60.8,60.65,-0.024661893396976997,CANBK,0.024661893396976997,-1,S,60.769600000000004,60.680324999999996,54,4.820850000000419,3.4779093218847006,1.3429406781157187,24.67105263157854
2023-05-09,463.9,482.85,479.675,480.0,0.040849320974348124,LODHA,0.040849320974348124,1,L,479.9148375,479.76000000000005,6,-0.9290249999995694,3.0529651095796497,-3.981990109579219,6.775420857871861
2023-05-10,300.4,309.3,317.5,320.5,0.029627163781624555,VBL,0.029627163781624555,1,L,317.65875,320.33975000000004,10,26.8100000000004,3.3857830266100004,23.4242169733904,94.48818897637823
2023-05-10,1234.5,1263.5,1253.0,1254.2,0.02349129202106126,PIDILITIND,0.02349129202106126,1,L,1253.6264999999999,1253.5729000000001,2,-0.10719999999946594,2.6587528261288,-2.7659528261282658,9.57701516360876
2023-05-10,50.25,48.4,48.4,48.55,-0.03681592039800996,PNB,0.03681592039800996,-1,S,48.3758,48.57427499999999,68,-13.49629999999965,3.494086038752599,-16.99038603875225,-30.991735537189147
2023-05-11,2372.8,2246.05,2243.2,2243.8,-0.05341790289952797,LT,0.05341790289952797,-1,S,2242.0784,2244.9219000000003,1,-2.843500000000404,2.3788114360678003,-5.222311436068204,-2.674750356634892
2023-05-11,438.05,423.25,420.25,420.95,-0.03378609747745698,HINDALCO,0.03378609747745698,-1,S,420.039875,421.16047499999996,7,-7.844199999999773,3.1213212154537002,-10.965521215453474,-16.656751933372682
2023-05-11,973.8,917.05,907.85,906.65,-0.05827685356335999,DRREDDY,0.05827685356335999,-1,S,907.3960750000001,907.1033249999999,3,0.8782500000005484,2.8863808840932,-2.0081308840926515,13.218042628188043
2023-05-12,918.65,881.3,883.0,883.8,-0.040657486529146025,ADANIENSOL,0.040657486529146025,-1,S,882.5585000000001,884.2418999999999,3,-5.050199999999336,2.8098550046711996,-7.860055004670535,-9.060022650055899
2023-05-12,482.0,504.75,499.95,499.8,0.04719917012448138,MAXHEALTH,0.04719917012448138,1,L,500.19997499999994,499.55010000000004,6,-3.8992499999993697,3.1801319821017,-7.0793819821010695,-3.000300030002734
2023-05-15,1965.0,1901.6,1926.5,1914.65,-0.03226463104325705,ADANIENT,0.03226463104325705,-1,S,1925.5367500000002,1915.607325,1,9.929425000000265,2.0377666950609497,7.891658304939315,61.510511289903924
2023-05-15,889.0,859.15,842.85,840.6,-0.03357705286839152,ADANIENSOL,0.03357705286839152,-1,S,842.428575,841.0203,3,4.22482500000001,2.67828982033725,1.5465351796627598,26.695141484249785
2023-05-15,513.8,531.1,532.2,530.65,0.033670688984040575,TMPV,0.033670688984040575,1,L,532.4661,530.384675,6,-12.488549999999805,3.3799329496508994,-15.868482949650705,-29.124389327321865
2023-05-16,869.0,892.4,877.5,871.95,0.026927502876869847,ADANIGREEN,0.026927502876869847,1,L,877.9387499999999,871.5140250000001,3,-19.27417499999956,2.7806958819814493,-22.05487088198101,-63.2478632478628
2023-05-16,329.6,338.7,340.6,337.65,0.02760922330097082,CGPOWER,0.02760922330097082,1,L,340.7703,337.481175,9,-29.602125000000115,3.23338286550015,-32.83550786550026,-86.61186142102318
2023-05-16,353.25,363.6,364.65,363.35,0.029299363057324834,INDHOTEL,0.029299363057324834,1,L,364.83232499999997,363.16832500000004,9,-14.975999999999374,3.4723964938220995,-18.448396493821473,-35.650623885916666
2023-05-17,363.35,375.25,366.8,367.85,0.03275079124810776,INDHOTEL,0.03275079124810776,1,L,366.9834,367.66607500000003,9,6.144075000000157,3.50644812103215,2.6376268789680073,28.62595419847347
2023-05-17,816.5,796.95,803.55,789.35,-0.023943661971830954,ADANIENSOL,0.023943661971830954,-1,S,803.148225,789.744675,4,53.61419999999998,3.3842704851816,50.22992951481838,176.71582353307124
2023-05-17,561.95,546.95,532.1,532.75,-0.026692766260343448,JINDALSTEL,0.026692766260343448,-1,S,531.8339500000001,533.0163749999999,6,-7.094549999999117,3.3868875700406997,-10.481437570039816,-12.215748919375269
2023-05-18,131.88,134.32000000000002,131.92000000000002,131.96,0.018501668183197095,PFC,0.018501668183197095,1,L,131.98596,131.89402,25,-2.298499999999848,3.4976478218870004,-5.796147821886848,3.032140691328067
2023-05-18,1012.0,1035.8,1041.5,1041.25,0.023517786561264797,CHOLAFIN,0.023517786561264797,1,L,1042.02075,1040.7293750000001,3,-3.874124999999367,3.31255864958475,-7.186683649584117,-2.40038406144949
2023-05-18,1646.05,1679.0,1649.6,1644.05,0.020017617933841603,CUMMINSIND,0.020017617933841603,1,L,1650.4247999999998,1643.227975,2,-14.393649999999525,3.4911773710543,-17.884827371053824,-33.64451988360773
2023-05-19,850.05,828.4,903.55,899.9,-0.025469090053526267,ADANIGREEN,0.025469090053526267,-1,S,903.098225,900.3499499999999,3,8.244825000000105,2.8696122668626503,5.375212733137455,40.396214929998564
2023-05-19,750.5,720.4,789.15,789.15,-0.040106595602931394,ADANIENSOL,0.040106595602931394,-1,S,788.7554250000001,789.5445749999999,4,-3.1565999999993437,3.3470755572,-6.503675557199344,-0.0
2023-05-19,45.0,43.15,47.25,47.25,-0.0411111111111111,ADANIPOWER,0.0411111111111111,-1,S,47.226375000000004,47.273624999999996,70,-3.3074999999993793,3.5070811650000002,-6.81458116499938,-0.0
2023-05-22,1954.0,2061.0,2320.5,2313.25,0.0547594677584442,ADANIENT,0.0547594677584442,1,L,2321.66025,2312.093375,1,-9.566874999999982,2.4558842933192495,-12.02275929331923,-31.243266537384073
2023-05-22,1035.0,1103.0,1121.75,1125.95,0.06570048309178733,MUTHOOTFIN,0.06570048309178733,1,L,1122.310875,1125.387025,2,6.152300000000196,2.3842524864507997,3.768047513549396,37.4414976599069
2023-05-23,2338.55,2675.0,2690.8,2620.0,0.1438712022407047,ADANIENT,0.1438712022407047,1,L,2692.1454,2618.69,1,-73.45539999999983,2.8078629168004,-76.26326291680023,-263.1187750854769
2023-05-23,732.2,774.45,742.6,732.25,0.057702813438951006,ADANIPORTS,0.057702813438951006,1,L,742.9712999999999,731.883875,4,-44.34969999999976,3.1231477730781996,-47.47284777307796,-139.37516832749796
2023-05-23,941.75,988.8,988.8,988.8,0.04996018051499873,ADANIGREEN,0.04996018051499873,1,L,989.2943999999999,988.3056,3,-2.9663999999995667,3.1453985087999996,-6.111798508799566,0.0
2023-05-24,988.8,1030.0,989.65,986.5,0.04166666666666674,ADANIGREEN,0.04166666666666674,1,L,990.144825,986.00675,3,-12.414224999999874,3.14205527026785,-15.556280270267724,-31.82943464861254
2023-05-24,52.05,54.3,51.55,51.1,0.043227665706051965,ADANIPOWER,0.043227665706051965,1,L,51.57577499999999,51.074450000000006,64,-32.08479999999918,3.4798510368543996,-35.564651036853576,-87.29388942773974
2023-05-24,868.0,911.4,911.4,911.4,0.050000000000000044,ADANIENSOL,0.050000000000000044,1,L,911.8557,910.9443,3,-2.7341999999998734,2.8991870963999995,-5.633387096399873,0.0
2023-05-25,64.4,66.5,66.85,66.85,0.032608695652173836,ETERNAL,0.032608695652173836,1,L,66.88342499999999,66.816575,49,-3.275649999999416,3.4733092722999994,-6.748959272299416,0.0
2023-05-25,375.0,385.05,378.9,380.7,0.026799999999999935,INDHOTEL,0.026799999999999935,1,L,379.08944999999994,380.50965,8,11.361600000000635,3.223323315172799,8.138276684827837,47.50593824228044
2023-05-26,537.7,549.15,543.3,541.25,0.02129440208294575,MAXHEALTH,0.02129440208294575,1,L,543.57165,540.979375,6,-15.553649999999834,3.4486320091899003,-19.002282009189734,-37.732376219399285
2023-05-26,1649.0,1692.0,1727.0,1735.0,0.026076409945421375,CUMMINSIND,0.026076409945421375,1,L,1727.8635,1734.1325000000002,1,6.269000000000233,1.8363298810959998,4.432670118904233,46.323103647945004
2023-05-26,893.0,868.1,855.15,849.5,-0.02788353863381854,ADANIENSOL,0.02788353863381854,-1,S,854.722425,849.9247499999999,3,14.39302500000042,2.7131279917846496,11.679897008215772,66.07028006782367
2023-05-29,1277.0,1324.0,1333.4,1330.75,0.03680501174628037,M&M,0.03680501174628037,1,L,1334.0667,1330.084625,2,-7.964150000000245,2.8243285443989,-10.788478544399146,-19.87400629968605
2023-05-29,164.0,157.35,159.3,159.0,-0.04054878048780486,ONGC,0.04054878048780486,-1,S,159.22035000000002,159.0795,20,2.8170000000005757,3.3757269953219997,-0.558726995321424,18.832391713747842
2023-05-29,1193.8,1226.0,1219.0,1218.75,0.026972692243256935,SBILIFE,0.026972692243256935,1,L,1219.6095,1218.140625,2,-2.937750000000051,2.5847938430565005,-5.522543843056551,-2.050861361772016
2023-05-30,2316.0,2393.95,2371.1,2371.7,0.03365716753022441,INDIGO,0.03365716753022441,1,L,2372.2855499999996,2370.51415,1,-1.7713999999996304,2.5145608597322,-4.28596085973183,2.5304710893681026
2023-05-30,112.57,107.12,106.71,106.88,-0.04841431997867984,VEDL,0.04841431997867984,-1,S,106.656645,106.93343999999999,31,-8.580644999999777,3.5098376377355103,-12.090482637735287,-15.931028019866567
2023-05-30,835.85,812.45,806.2,804.8,-0.02799545372973622,ADANIENSOL,0.02799545372973622,-1,S,805.7969,805.2023999999999,4,2.378000000000611,3.4170364393671995,-1.0390364393665883,17.36541801041991
2023-05-31,1706.55,1812.0,1813.15,1823.05,0.0617913333919311,TORNTPHARM,0.0617913333919311,1,L,1814.056575,1822.138475,1,8.081899999999905,1.9288941655812997,6.153005834418606,54.60110856796207
2023-05-31,808.0,791.6,787.05,772.65,-0.020297029702970315,ADANIENSOL,0.020297029702970315,-1,S,786.656475,773.0363249999999,4,54.48060000000032,3.3139515642911994,51.16664843570912,182.96169239565452
2023-05-31,524.35,536.0,544.1,548.0,0.02221798417087828,LODHA,0.02221798417087828,1,L,544.37205,547.726,6,20.123700000000326,3.476566290955799,16.647133709044528,71.67800036757876
2023-06-01,241.5,231.2,230.3,231.05,-0.0426501035196688,COALINDIA,0.0426501035196688,-1,S,230.18485,231.165525,14,-13.729449999999872,3.4231692555865,-17.152619255586373,-32.566217976552906
2023-06-02,407.0,418.4,420.6,419.3,0.028009828009827986,MAZDOCK,0.028009828009827986,1,L,420.8103,419.09035000000006,7,-12.039649999999483,3.1160357728283,-15.155685772827784,-30.908226343319136
2023-06-02,67.7,71.95,70.85,71.05,0.0627769571639587,ETERNAL,0.0627769571639587,1,L,70.88542499999998,71.014475,47,6.065350000000976,3.5369009582377995,2.528449041763176,28.228652081863093
2023-06-02,475.95,489.0,489.55,488.8,0.02741884651749138,DLF,0.02741884651749138,1,L,489.79477499999996,488.5556,6,-7.435049999999592,3.1116629801084996,-10.546712980108092,-15.320192013072997
2023-06-05,1579.0,1630.325,1637.525,1640.5,0.032504749841671954,HAL,0.032504749841671954,1,L,1638.3437625,1639.67975,2,2.6719750000002023,3.47648050712765,-0.8045055071274478,18.167661562418225
2023-06-05,795.0,818.2,831.9,830.05,0.029182389937106867,ADANIENSOL,0.029182389937106867,1,L,832.3159499999999,829.634975,4,-10.723899999999503,3.5236587356361997,-14.247558735635703,-22.238249789638953
2023-06-05,923.7,945.7,952.8,951.2,0.023817256685070953,AXISBANK,0.023817256685070953,1,L,953.2763999999999,950.7244000000001,3,-7.655999999999381,3.0278100245424002,-10.683810024541781,-16.792611251048584
2023-06-06,497.95,524.5,517.7,514.1,0.053318606285771786,MAZDOCK,0.053318606285771786,1,L,517.95885,513.8429500000001,6,-24.69539999999938,3.2798123532408003,-27.97521235324018,-69.53834266950065
2023-06-06,438.5,455.25,459.95,459.3,0.03819840364880278,AMBUJACEM,0.03819840364880278,1,L,460.17997499999996,459.07035,7,-7.767374999999561,3.4110185485141495,-11.17839354851371,-14.131970866397836
2023-06-07,52.6,55.6,55.15,54.8,0.057034220532319324,ADANIPOWER,0.057034220532319324,1,L,55.177575,54.7726,60,-24.29850000000002,3.495233654373,-27.793733654373018,-63.463281958295866
2023-06-07,525.05,540.35,558.0,558.7,0.029140081896962267,MAXHEALTH,0.029140081896962267,1,L,558.279,558.42065,5,0.7082500000001346,2.9605938506045,-2.2523438506043654,12.544802867384686
2023-06-08,55.0,56.9,55.65,55.85,0.034545454545454435,ADANIPOWER,0.034545454545454435,1,L,55.677825,55.822075000000005,59,8.510750000000392,3.4890247951666002,5.021725204833793,35.93890386343279
2023-06-08,178.0,182.8,182.05,181.85,0.026966292134831482,NTPC,0.026966292134831482,1,L,182.141025,181.759075,18,-6.875100000000316,3.4723310386068,-10.347431038607116,-10.985992859106064
2023-06-08,218.55,223.7,221.05,220.8,0.02356440173873242,TATAPOWER,0.02356440173873242,1,L,221.160525,220.6896,15,-7.063874999999911,3.51342933942375,-10.57730433942366,-11.309658448315218
2023-06-09,560.0,574.0,564.85,570.0,0.02499999999999991,MAXHEALTH,0.02499999999999991,1,L,565.132425,569.715,5,22.9128750000001,3.0111484700902498,19.90172652990985,91.17464813667375
2023-06-09,995.7,965.5,967.1,967.65,-0.030330420809480785,HDFCAMC,0.030330420809480785,-1,S,966.6164500000001,968.1338249999999,3,-4.552124999999364,3.0770639641864497,-7.629188964185814,-5.687105780167734
2023-06-09,373.5,381.85,379.25,380.1,0.022356091030789838,CGPOWER,0.022356091030789838,1,L,379.439625,379.90995000000004,8,3.762600000000475,3.2214289880316,0.5411710119688751,22.412656558998822
2023-06-12,599.15,615.25,613.5,614.4,0.026871401151631558,LODHA,0.026871401151631558,1,L,613.80675,614.0928,5,1.4302500000002283,3.2554786614914994,-1.8252286614912712,14.669926650365817
2023-06-12,120.4,123.3,119.75,118.95,0.02408637873754138,BEL,0.02408637873754138,1,L,119.80987499999999,118.89052500000001,27,-24.822449999999463,3.4145288043408,-28.236978804340264,-66.80584551148172
2023-06-12,78.0,79.5,79.05,78.95,0.019230769230769162,ETERNAL,0.019230769230769162,1,L,79.089525,78.910525,42,-7.517999999999489,3.5177538694746002,-11.035753869474089,-12.650221378873727
2023-06-13,1323.8,1366.0,1343.5,1343.55,0.031877927179332355,PIDILITIND,0.031877927179332355,1,L,1344.17175,1342.878225,2,-2.58705000000009,2.8492029445886997,-5.43625294458879,0.3721622627472776
2023-06-13,1072.4,1101.15,1111.4,1122.65,0.026809026482655707,TRENT,0.026809026482655707,1,L,1111.9557,1122.0886750000002,2,20.26595000000043,2.3713260800575005,17.89462391994293,101.22368184272146
2023-06-13,3197.4,3265.55,3259.3,3266.0,0.021314192781635155,ASIANPAINT,0.021314192781635155,1,L,3260.92965,3264.367,1,3.4373500000001513,3.4602600500429,-0.022910050042748598,20.55656122480265
2023-06-14,63.0,61.3,60.95,60.9,-0.026984126984127,CANBK,0.026984126984127,-1,S,60.91952500000001,60.93044999999999,54,-0.5899499999992486,3.488768447094899,-4.078718447094148,8.203445447088065
2023-06-14,678.05,652.55,655.05,647.6,-0.03760784602905387,LODHA,0.03760784602905387,-1,S,654.722475,647.9238,5,33.993375000000015,3.45722389029075,30.536151109709266,113.73177620028873
2023-06-14,987.7,957.5,968.6,966.8,-0.030576085856029223,HDFCAMC,0.030576085856029223,-1,S,968.1157000000001,967.2833999999999,3,2.496900000000437,3.0788714285898005,-0.5819714285893633,18.583522609952887
2023-06-15,516.25,532.0,525.3,527.6,0.03050847457627115,MAZDOCK,0.03050847457627115,1,L,525.56265,527.3362000000001,6,10.641300000000683,3.3508166168405995,7.290483383160083,43.784504092900804
2023-06-15,323.55,335.55,330.75,330.8,0.03708854891052393,VBL,0.03708854891052393,1,L,330.915375,330.63460000000003,10,-2.807749999999487,3.5074011179435,-6.315151117942987,1.5117157974309237
2023-06-15,807.95,831.5,818.05,815.0,0.02914784330713527,ADANIENSOL,0.02914784330713527,1,L,818.4590249999999,814.5925000000001,4,-15.466099999999187,3.4618442405786,-18.927944240577787,-37.2837846097418
2023-06-16,961.65,986.45,980.35,982.2,0.025789008475016972,DRREDDY,0.025789008475016972,1,L,980.8401749999999,981.7089000000001,3,2.606175000000462,3.1220703167728496,-0.5158953167723874,18.87081144489322
2023-06-16,528.0,560.4,606.85,592.5,0.06136363636363629,MAZDOCK,0.06136363636363629,1,L,607.153425,592.20375,5,-74.74837499999978,3.17142946610775,-77.91980446610754,-236.46700173024726
2023-06-19,280.95,294.7,293.55,294.5,0.04894109272112468,SHRIRAMFIN,0.04894109272112468,1,L,293.696775,294.35275,11,7.215725000000134,3.43058435161915,3.785140648380984,32.36245954692407
2023-06-19,547.35,568.75,573.25,574.0,0.03909746962638172,JINDALSTEL,0.03909746962638172,1,L,573.536625,573.7130000000001,5,0.8818750000006048,3.04160490457625,-2.159729904575645,13.083296990841209
2023-06-19,595.95,614.3,602.25,601.55,0.03079117375618745,MAXHEALTH,0.03079117375618745,1,L,602.551125,601.249225,5,-6.509499999999662,3.1907151768954995,-9.700215176895162,-11.623080116232032
2023-06-20,602.15,589.95,583.9,584.0,-0.020260732375653845,MAXHEALTH,0.020260732375653845,-1,S,583.60805,584.2919999999999,5,-3.4197499999993397,3.0958786870564996,-6.515628687055839,-1.7126220243190993
2023-06-20,946.0,994.15,1035.95,1040.8,0.050898520084566634,HDFCAMC,0.050898520084566634,1,L,1036.467975,1040.2796,3,11.434875000000147,3.30469451535585,8.130180484644297,46.81693131907805
2023-06-20,575.35,585.85,592.75,594.35,0.018249761015034283,JINDALSTEL,0.018249761015034283,1,L,593.046375,594.0528250000001,5,5.032250000000431,3.147707849596,1.8845421504044313,26.99283002952413
2023-06-21,311.25,344.55,347.0,347.2,0.10698795180722898,SHRIRAMFIN,0.10698795180722898,1,L,347.1735,347.0264,9,-1.3238999999996963,3.3125998965966,-4.6364998965962965,5.7636887608070175
2023-06-21,1191.8,1224.35,1224.5,1229.55,0.027311629468031562,MUTHOOTFIN,0.027311629468031562,1,L,1225.11225,1228.935225,2,7.645950000000084,2.6032406074587,5.042709392541385,41.24132298897409
2023-06-21,160.8,165.9,163.65,163.75,0.03171641791044766,RECLTD,0.03171641791044766,1,L,163.731825,163.668125,20,-1.2739999999996598,3.4717791777739992,-4.7457791777736595,6.110601894286916
2023-06-22,122.9,126.45,124.05,123.4,0.02888527257933271,BEL,0.02888527257933271,1,L,124.11202499999999,123.33830000000002,26,-20.116849999999232,3.4091066431096997,-23.52595664310893,-52.39822652156278
2023-06-22,1133.0,1113.1,1101.0,1100.0,-0.01756398940864967,CHOLAFIN,0.01756398940864967,-1,S,1100.4495000000002,1100.55,3,-0.3014999999993506,3.501048317661,-3.8025483176603507,9.082652134423386
2023-06-22,611.0,628.0,614.65,614.5,0.02782324058919805,MAZDOCK,0.02782324058919805,1,L,614.957325,614.19275,5,-3.8228749999996126,3.2582161220847503,-7.081091122084363,-2.440413243308681
2023-06-23,56.7,54.7,55.65,55.55,-0.03527336860670194,MOTHERSON,0.03527336860670194,-1,S,55.622175,55.577774999999995,59,2.619600000000183,3.4789933326333,-0.8593933326331169,17.969451931716396
2023-06-23,51.25,49.2,48.45,48.5,-0.039999999999999925,ADANIPOWER,0.039999999999999925,-1,S,48.42577500000001,48.524249999999995,68,-6.69629999999907,3.4948322359841995,-10.19113223598327,-10.319917440659854
2023-06-23,2393.0,2255.8,2235.95,2236.15,-0.057333890513999064,ADANIENT,0.057333890513999064,-1,S,2234.832025,2237.268075,1,-2.4360499999997955,2.3709557821226,-4.8070057821223955,-0.8944743844918612
2023-06-26,48.5,50.5,49.9,49.9,0.04123711340206193,ADANIPOWER,0.04123711340206193,1,L,49.924949999999995,49.87505,66,-3.2933999999995933,3.4921303428,-6.785530342799593,0.0
2023-06-26,2229.9,2303.35,2298.25,2291.95,0.03293869680254713,ADANIENT,0.03293869680254713,1,L,2299.399125,2290.804025,1,-8.595100000000002,2.4328995944118996,-11.027999594411902,-27.412161427173842
2023-06-27,2464.95,2535.8,2527.85,2531.0,0.02874297653096436,INDIGO,0.02874297653096436,1,L,2529.1139249999997,2529.7345,1,0.6205750000003718,2.6824012282440495,-2.0618262282436777,12.461182427754292
2023-06-27,645.5,670.2,665.85,666.25,0.03826491092176609,LODHA,0.03826491092176609,1,L,666.182925,665.916875,5,-1.3302499999997508,3.531423415274,-4.861673415273751,6.007359014792435
2023-06-27,631.0,649.75,665.0,659.95,0.029714738510301153,HDFCLIFE,0.029714738510301153,1,L,665.3325,659.620025,5,-28.562374999999633,3.50947952635325,-32.07185452635289,-75.9398496240593
2023-06-28,2283.9,2361.05,2381.8,2400.0,0.03377993782564914,ADANIENT,0.03377993782564914,1,L,2382.9909000000002,2398.8,1,15.809099999999944,2.5371688627433997,13.271931137256544,76.41279704425186
2023-06-28,382.65,389.85,394.15,397.4,0.01881615052920438,INDHOTEL,0.01881615052920438,1,L,394.34707499999996,397.2013,8,22.833800000000338,3.3601079474619997,19.47369205253834,82.45591779779238
2023-06-28,957.0,936.5,947.05,955.95,-0.0214211076280042,ADANIGREEN,0.0214211076280042,-1,S,946.576475,956.427975,3,-29.554499999999962,3.0238163175171,-32.578316317517064,-93.97603083258544
2023-06-30,821.5,793.0,769.4,767.85,-0.03469263542300671,ADANIENSOL,0.03469263542300671,-1,S,769.0153,768.233925,4,3.125500000000102,3.2607018352993995,-0.13520183529929763,20.145567975045076
2023-06-30,1020.75,1133.8,1147.5,1146.8,0.11075189811413177,HDFCAMC,0.11075189811413177,1,L,1148.07375,1146.2266,2,-3.694300000000112,2.4325890217582,-6.126889021758312,-6.100217864923874
2023-07-03,623.2,663.5,646.0,645.1,0.06466623876765065,MAZDOCK,0.06466623876765065,1,L,646.323,644.77745,5,-7.7277499999996735,3.4220250835085,-11.149775083508175,-13.931888544891358
2023-07-03,783.15,804.7,793.6,793.5,0.027517078465172817,JSWSTEEL,0.027517078465172817,1,L,793.9968,793.10325,4,-3.574200000000019,3.3656936824451997,-6.939893682445218,-1.2600806451612545
2023-07-03,850.0,868.7,861.1,859.95,0.02200000000000002,HDFCBANK,0.02200000000000002,1,L,861.53055,859.5200250000001,3,-6.031574999999407,2.73697381328985,-8.768548813289257,-13.355011032399888
2023-07-04,733.8,782.9,785.75,784.95,0.06691196511310982,BAJFINANCE,0.06691196511310982,1,L,786.142875,784.557525,4,-6.341399999999794,3.3306072071615995,-9.672007207161393,-10.181355392936409
2023-07-04,1540.9,1604.95,1624.7,1628.95,0.04156661691219421,BAJAJFINSV,0.04156661691219421,1,L,1625.51235,1628.1355250000001,2,5.246350000000348,3.4509144948394996,1.7954355051608482,26.15867544777606
2023-07-05,593.9,609.7,599.7,605.0,0.02660380535443685,MAXHEALTH,0.02660380535443685,1,L,599.99985,604.6975,5,23.488249999999766,3.1963929930055004,20.291857006994267,88.37752209438054
2023-07-05,355.2,364.8,359.55,359.9,0.027027027027027195,SHRIRAMFIN,0.027027027027027195,1,L,359.729775,359.72005,9,-0.08752500000002783,3.4332293984440496,-3.5207543984440774,9.734390209983346
2023-07-05,56.85,61.05,60.1,60.15,0.07387862796833766,MOTHERSON,0.07387862796833766,1,L,60.13005,60.119925,55,-0.556874999999728,3.50672022218925,-4.063595222188978,8.319467554076532
2023-07-06,95.5,98.4,98.4,98.65,0.030366492146596924,IOC,0.030366492146596924,1,L,98.4492,98.60067500000001,33,4.998675000000162,3.4484217659677503,1.5502532340324118,25.406504065039748
2023-07-06,221.8,228.2,228.25,229.1,0.028854824165915227,TATAPOWER,0.028854824165915227,1,L,228.364125,228.98545000000001,14,8.698550000000182,3.3959377410552998,5.302612258944882,37.2398685651687
2023-07-07,1549.1,1574.85,1568.0,1563.0,0.01662255503195409,M&M,0.01662255503195409,1,L,1568.7839999999999,1562.2185000000002,2,-13.130999999999403,3.31883345313,-16.449833453129404,-31.88775510204134
2023-07-07,98.65,100.9,99.65,99.25,0.022807906741003636,IOC,0.022807906741003636,1,L,99.699825,99.20037500000001,33,-16.481849999999866,3.4784348921916,-19.960284892191467,-40.14049172102463
2023-07-07,3106.15,3201.9,3153.3,3141.05,0.030825942082642444,TITAN,0.030825942082642444,1,L,3154.87665,3139.4794750000005,1,-15.397174999999606,3.3357375814842505,-18.732912581483856,-38.8481907842575
2023-07-10,700.0,680.1,680.9,676.35,-0.02842857142857136,LODHA,0.02842857142857136,-1,S,680.5595500000001,676.688175,4,15.48550000000023,2.8802955339434,12.60520446605683,66.82332207372576
2023-07-10,1189.1,1232.95,1237.5,1235.7,0.036876629383567616,RELIANCE,0.036876629383567616,1,L,1238.1187499999999,1235.0821500000002,2,-6.07319999999936,2.6220427888068,-8.69524278880616,-14.545454545453751
2023-07-10,340.5,327.5,329.25,327.5,-0.038179148311306865,HINDZINC,0.038179148311306865,-1,S,329.085375,327.66375,10,14.21625000000006,3.4838184030224992,10.732431596977559,53.15110098709219
2023-07-11,345.0,352.8,352.45,352.4,0.02260869565217405,SHRIRAMFIN,0.02260869565217405,1,L,352.626225,352.2238,9,-3.6218249999999443,3.36316988345085,-6.984994883450794,-1.4186409419780777
2023-07-11,727.4,779.5,795.9,795.9,0.07162496563101461,MAZDOCK,0.07162496563101461,1,L,796.2979499999999,795.50205,4,-3.1835999999993874,3.3757047911999996,-6.559304791199387,0.0
2023-07-11,123.2,126.95,127.3,127.3,0.030438311688311792,BEL,0.030438311688311792,1,L,127.36364999999999,127.23635,26,-3.3097999999997683,3.5095199516,-6.819319951599768,0.0
2023-07-12,164.45,168.75,167.75,167.85,0.026147765278200064,ONGC,0.026147765278200064,1,L,167.83387499999998,167.766075,19,-1.2881999999995628,3.3807908606853,-4.668990860684863,5.961251862891537
2023-07-12,795.9,839.7,866.6,867.65,0.055032039200904714,MAZDOCK,0.055032039200904714,1,L,867.0332999999999,867.216175,3,0.5486250000002428,2.75869283514405,-2.210067835143807,12.116316639740887
2023-07-12,1146.25,1172.7,1164.9,1161.45,0.023075245365321795,HDFCAMC,0.023075245365321795,1,L,1165.48245,1160.869275,2,-9.226349999999911,2.4659694409797,-11.692319440979611,-29.616276075199455
2023-07-13,61.95,63.95,63.25,63.3,0.03228410008071014,MOTHERSON,0.03228410008071014,1,L,63.281625,63.26835,52,-0.6903000000000077,3.4891285933061997,-4.179428593306207,7.905138339920903
2023-07-13,676.0,698.0,698.4,698.3,0.03254437869822491,LODHA,0.03254437869822491,1,L,698.7492,697.95085,4,-3.1934000000001106,2.9619154488452,-6.155315448845311,-1.431844215349365
2023-07-13,77.45,80.05,81.35,82.15,0.033570045190445263,ETERNAL,0.033570045190445263,1,L,81.39067499999999,82.10892500000001,40,28.73000000000104,3.470829856384,25.25917014361704,98.34050399508465
2023-07-14,857.0,823.1,827.4,818.0,-0.03955659276546086,MAZDOCK,0.03955659276546086,-1,S,826.9863,818.409,4,34.309200000000146,3.4934994853512,30.815700514648945,113.60889533478358
2023-07-14,165.6,161.55,160.15,160.4,-0.024456521739130377,RECLTD,0.024456521739130377,-1,S,160.069925,160.4802,20,-8.205499999999688,3.3983776065650004,-11.603877606564689,-15.610365282547889
2023-07-14,694.0,714.0,707.6,709.85,0.028818443804034644,LODHA,0.028818443804034644,1,L,707.9538,709.495075,4,6.165100000000166,3.006951149783,3.1581488502171657,31.79762577727452
2023-07-17,818.0,851.4,860.4,860.4,0.040831295843520854,MAZDOCK,0.040831295843520854,1,L,860.8301999999999,859.9698000000001,3,-2.5811999999993986,2.7369547703999997,-5.318154770399398,0.0
2023-07-17,48.3,49.6,49.2,49.25,0.0269151138716357,ADANIPOWER,0.0269151138716357,1,L,49.2246,49.225375,67,0.05192499999981948,3.4974550535214495,-3.44553005352163,10.1626016260159
2023-07-17,2381.95,2439.5,2412.7,2409.75,0.024160876592707714,ADANIENT,0.024160876592707714,1,L,2413.9063499999997,2408.545125,1,-5.361224999999649,2.55639942103335,-7.917624421032999,-12.22696564015302
2023-07-18,1342.5,1364.1,1347.3,1346.7,0.016089385474860274,TVSMOTOR,0.016089385474860274,1,L,1347.97365,1346.02665,2,-3.893999999999778,2.8564296661355995,-6.7504296661353775,-4.453351146737061
2023-07-18,878.65,863.4,871.4,875.8,-0.017356171399305786,BHARTIARTL,0.017356171399305786,-1,S,870.9643,876.2378999999999,3,-15.820799999999622,2.7774958130916,-18.598295813091223,-50.4934588019279
2023-07-19,108.7,110.6,109.65,109.4,0.01747930082796678,GAIL,0.01747930082796678,1,L,109.704825,109.34530000000001,30,-10.785749999999723,3.4831957148474997,-14.268945714847224,-22.79981760145877
2023-07-19,187.3,196.2,193.1,192.5,0.047517351841964706,NTPC,0.047517351841964706,1,L,193.19654999999997,192.40375,17,-13.477599999999512,3.4742576433526002,-16.951857643352113,-31.071983428274663
2023-07-20,864.0,905.65,909.8,909.8,0.04820601851851847,MAZDOCK,0.04820601851851847,1,L,910.2548999999999,909.3451,3,-2.729399999999714,2.8940974548,-5.623497454799714,0.0
2023-07-20,85.0,87.4,86.8,86.9,0.028235294117647136,UNIONBANK,0.028235294117647136,1,L,86.84339999999999,86.85655000000001,38,0.49970000000092796,3.4998636951706,-3.000163695169672,11.520737327190833
2023-07-20,1477.0,1453.9,1452.55,1450.0,-0.01563981042654017,INFY,0.01563981042654017,-1,S,1451.823725,1450.725,2,2.197450000000117,3.0782553200237,-0.8808053200235828,17.555333723451305
2023-07-21,1253.1,1207.2,1196.25,1194.4,-0.036629159683983614,TECHM,0.036629159683983614,-1,S,1195.651875,1194.9972,2,1.309349999999995,2.5353126213819004,-1.2259626213819055,15.464994775339358
2023-07-21,1442.75,1338.7,1325.0,1330.4,-0.07211921677352273,INFY,0.07211921677352273,-1,S,1324.3375,1331.0652,2,-13.455399999999827,2.8144470100204,-16.26984701002023,-40.754716981132866
2023-07-21,356.05,370.7,367.15,366.75,0.04114590647380978,SHRIRAMFIN,0.04114590647380978,1,L,367.33357499999994,366.56662500000004,9,-6.902549999999053,3.5014374265068,-10.403987426505854,-10.894729674519876
2023-07-24,161.8,167.0,174.0,173.35,0.03213844252163156,RECLTD,0.03213844252163156,1,L,174.087,173.263325,19,-15.649824999999623,3.4975878142955503,-19.147412814295173,-37.356321839080444
2023-07-24,181.92,188.48,192.88,192.28,0.036059806508355274,PFC,0.036059806508355274,1,L,192.97644,192.18386,17,-13.473859999999775,3.4702919642725996,-16.944151964272375,-31.107424305266697
2023-07-24,1038.0,999.4,980.9,977.4,-0.03718689788053953,UNITDSPR,0.03718689788053953,-1,S,980.4095500000001,977.8887,3,7.5625500000003285,3.115853824213499,4.44669617578683,35.68151697420752
2023-07-25,978.9,1013.9,955.9,928.6,0.03575441822453773,MAZDOCK,0.03575441822453773,1,L,956.3779499999999,928.1357,3,-84.7267499999997,2.9883344612547,-87.71508446125439,-285.59472748195367
2023-07-25,1307.2,1334.95,1377.5,1384.8,0.021228580171358535,TVSMOTOR,0.021228580171358535,1,L,1378.18875,1384.1076,2,11.83770000000004,2.9305848359502,8.907115164049841,52.994555353902406
2023-07-25,718.85,738.4,729.0,727.1,0.02719621617861856,LODHA,0.02719621617861856,1,L,729.3644999999999,726.7364500000001,4,-10.512199999999211,3.0870939872588004,-13.599293987258012,-26.063100137173613
2023-07-26,60.7,62.2,62.15,63.2,0.02471169686985175,PNB,0.02471169686985175,1,L,62.18107499999999,63.168400000000005,53,52.32822500000067,3.5283242935115497,48.79990070648912,168.94609814963823
2023-07-26,2565.0,2661.9,2651.8,2646.1,0.03777777777777791,LT,0.03777777777777791,1,L,2653.1259,2644.77695,1,-8.348950000000059,2.8081674520441,-11.157117452044158,-21.494833697867087
2023-07-26,1088.05,1157.25,1135.6,1142.75,0.0636000183815082,ADANIGREEN,0.0636000183815082,1,L,1136.1678,1142.178625,2,12.021650000000136,2.4173994045841,9.604250595416037,62.96231067277391
2023-07-27,173.2,180.9,187.05,188.5,0.04445727482678996,RECLTD,0.04445727482678996,1,L,187.143525,188.40575,17,21.457825000000014,3.3875021888145502,18.070322811185463,77.51937984496138
2023-07-27,1079.0,1152.65,1170.1,1172.75,0.06825764596848938,CIPLA,0.06825764596848938,1,L,1170.6850499999998,1172.1636250000001,2,2.957150000000638,2.4848038496010996,0.47234615039953853,22.64763695410732
2023-07-27,1545.9,1469.95,1449.45,1448.4,-0.04912995665955111,M&M,0.04912995665955111,-1,S,1448.7252750000002,1449.1242,2,-0.797849999999471,3.0729425079627,-3.8707925079621712,7.24412708268618
2023-07-28,67.05,64.85,64.55,64.95,-0.03281133482475773,MOTHERSON,0.03281133482475773,-1,S,64.517725,64.982475,51,-23.70224999999975,3.4992757778051997,-27.20152577780495,-61.967467079784285
2023-07-28,98.9,96.0,95.5,95.25,-0.029322548028311468,IOC,0.029322548028311468,-1,S,95.45225,95.297625,34,5.25725000000034,3.4393567670395,1.8178932329608402,26.17801047120394
2023-07-28,732.9,716.35,736.2,749.0,-0.022581525446854878,LODHA,0.022581525446854878,-1,S,735.8319000000001,749.3745,4,-54.17039999999952,3.1440214505856003,-57.314421450585115,-173.86579733768005
2023-07-31,117.5,120.95,120.8,119.4,0.02936170212765954,GAIL,0.02936170212765954,1,L,120.86039999999998,119.34030000000001,27,-41.042699999999215,3.4342230246713994,-44.47692302467061,-115.89403973509826
2023-07-31,209.55,215.7,217.8,218.7,0.029348604151753666,NTPC,0.029348604151753666,1,L,217.9089,218.59065,15,10.226250000000334,3.4727760434744996,6.753473956525834,41.32231404958553
2023-08-01,38.35,39.35,40.4,40.65,0.026075619295958363,IRFC,0.026075619295958363,1,L,40.420199999999994,40.629675,82,17.17695000000039,3.5258190482834992,13.65113095171689,61.881188118810826
2023-08-01,217.6,222.75,225.2,225.15,0.02366727941176472,NTPC,0.02366727941176472,1,L,225.31259999999997,225.037425,14,-3.8524499999994646,3.3425983234790992,-7.195048323478564,-2.2202486678502
2023-08-01,199.9875,190.95,188.925,188.9625,-0.04519032439527482,POWERGRID,0.04519032439527482,-1,S,188.83053750000002,189.05698125,17,-3.849543749999782,3.4057949379720376,-7.25533868797182,-1.9849146486694558
2023-08-02,1126.0,1099.5,1095.35,1100.1,-0.023534635879218446,CHOLAFIN,0.023534635879218446,-1,S,1094.8023249999999,1100.6500499999997,3,-17.543174999999565,3.4903280437102495,-21.033503043709814,-43.36513443191636
2023-08-02,573.95,555.05,544.65,575.5,-0.032929697708859784,MAXHEALTH,0.032929697708859784,-1,S,544.377675,575.78775,6,-188.46045000000004,3.5429143463162998,-192.00336434631635,-566.4188010649052
2023-08-02,1925.0,1874.15,1899.85,1899.75,-0.026415584415584337,CUMMINSIND,0.026415584415584337,-1,S,1898.900075,1900.6998749999998,1,-1.7997999999997774,2.0144487050887,-3.8142487050884775,0.5263573440006386
2023-08-03,576.05,550.0,547.95,556.65,-0.04522176894366803,MAXHEALTH,0.04522176894366803,-1,S,547.6760250000001,556.928325,6,-55.513799999999264,3.5080331584985998,-59.02183315849786,-158.77361073090458
2023-08-03,102.09,94.55,94.94,95.24,-0.07385640121461456,VEDL,0.07385640121461456,-1,S,94.89253000000001,95.28761999999999,35,-13.828149999999368,3.5278250109864993,-17.35597501098587,-31.598904571308317
2023-08-03,39.65,42.7,44.3,44.45,0.0769230769230771,IRFC,0.0769230769230771,1,L,44.32214999999999,44.427775000000004,75,7.921875000000789,3.53018523622875,4.391689763772039,33.86004514672747
2023-08-04,86.45,94.7,95.9,95.75,0.09543088490456908,ETERNAL,0.09543088490456908,1,L,95.94795,95.70212500000001,34,-8.358049999999878,3.4540876051763,-11.812137605176178,-15.641293013556323
2023-08-04,552.0,534.65,531.9,539.35,-0.031431159420289845,MAXHEALTH,0.031431159420289845,-1,S,531.63405,539.619675,6,-47.913750000000164,3.4027689530511003,-51.316518953051265,-140.0639217898103
2023-08-04,1165.0,1226.15,1205.95,1211.0,0.052489270386266274,CIPLA,0.052489270386266274,1,L,1206.552975,1210.3945,2,7.683050000000094,2.5639019192587,5.119148080741394,41.87569965587335
2023-08-07,1012.0,957.95,972.0,968.95,-0.05340909090909085,ADANIGREEN,0.05340909090909085,-1,S,971.514,969.434475,3,6.238574999999969,3.0881102815660495,3.1504647184339194,31.378600823044334
2023-08-07,702.9,739.0,728.4,726.0,0.051358656992459784,LODHA,0.051358656992459784,1,L,728.7642,725.6370000000001,4,-12.50879999999961,3.0832693546848,-15.59206935468441,-32.94892915980174
2023-08-07,540.85,564.55,574.8,584.4,0.04381991309975031,MAXHEALTH,0.04381991309975031,1,L,575.0873999999999,584.1078,5,45.102000000000544,3.0781383905759996,42.02386160942454,167.01461377870652
2023-08-08,212.72,220.52,213.68000000000004,214.8,0.036667920270778476,PFC,0.036667920270778476,1,L,213.78684,214.69260000000003,15,13.586400000000225,3.4093585973016,10.177041402698626,52.414825907898255
2023-08-08,586.0,564.4,556.7,562.5,-0.0368600682593857,MAXHEALTH,0.0368600682593857,-1,S,556.4216500000001,562.78125,5,-31.797999999999433,2.963654604277,-34.76165460427643,-104.18537812106888
2023-08-08,211.75,219.7,215.1,216.65,0.03754427390791015,RECLTD,0.03754427390791015,1,L,215.20754999999997,216.54167500000003,15,20.011875000000856,3.4360712748727495,16.575803725128107,72.05950720595044
2023-08-09,1130.0,1160.25,1170.6,1173.9,0.02676991150442487,DRREDDY,0.02676991150442487,1,L,1171.1852999999999,1173.3130500000002,2,4.255500000000666,2.4866960692542,1.7688039307464658,28.190671450538662
2023-08-09,50.25,48.8,49.2,49.1,-0.028855721393034828,IRFC,0.028855721393034828,-1,S,49.1754,49.12455,67,3.406950000000272,3.4924944468429,-0.08554444684262785,20.325203252032907
2023-08-10,48.8,49.95,49.4,49.45,0.023565573770491843,IRFC,0.023565573770491843,1,L,49.424699999999994,49.425275000000006,67,0.038525000000802834,3.5116636363214497,-3.473138636320647,10.121457489880026
2023-08-10,712.0,700.7,694.35,693.0,-0.01587078651685392,LODHA,0.01587078651685392,-1,S,694.002825,693.3465,4,2.625300000000152,2.9427235157897997,-0.31742351578964767,19.442644199610946
2023-08-10,550.0,541.15,541.75,537.75,-0.016090909090909156,MAXHEALTH,0.016090909090909156,-1,S,541.4791250000001,538.018875,6,20.761500000000524,3.436551204288,17.324948795712523,73.83479464697751
2023-08-11,217.1,224.7,223.85,223.85,0.035006909258406216,RECLTD,0.035006909258406216,1,L,223.96192499999998,223.738075,14,-3.133899999999585,3.3230057937999997,-6.456905793799585,0.0
2023-08-11,899.0,867.65,877.55,871.4,-0.03487208008898779,MAZDOCK,0.03487208008898779,-1,S,877.111225,871.8357,3,15.826575000000048,2.7837523200151493,13.042822679984898,70.08147683892685
2023-08-11,1135.0,1174.65,1174.7,1172.05,0.0349339207048458,HCLTECH,0.0349339207048458,1,L,1175.28735,1171.4639750000001,2,-7.646749999999884,2.4877759935988997,-10.134525993598784,-22.558951221589574
2023-08-14,1350.0,1260.1,1283.8,1282.7,-0.06659259259259265,MUTHOOTFIN,0.06659259259259265,-1,S,1283.1581,1283.34135,2,-0.36649999999963256,2.7216091597514,-3.0881091597510326,8.568312821310986
2023-08-14,48.95,46.65,50.1,50.95,-0.04698672114402458,IRFC,0.04698672114402458,-1,S,50.07495,50.975475,66,-59.43465000000012,3.5297133231393,-62.964363323139416,-169.6606786427157
2023-08-16,2547.45,2446.0,2453.15,2458.0,-0.03982413786335348,INDIGO,0.03982413786335348,-1,S,2451.9234250000004,2459.229,1,-7.305574999999408,2.60321709244805,-9.908792092447458,-19.77049915414808
2023-08-16,1244.0,1270.3,1271.8,1276.65,0.02114147909967845,HDFCAMC,0.02114147909967845,1,L,1272.4359,1276.0116750000002,2,7.151550000000498,2.7032929983039,4.448257001696598,38.13492687529507
2023-08-16,50.55,51.9,51.2,51.25,0.026706231454005858,IRFC,0.026706231454005858,1,L,51.2256,51.224375,65,-0.07962499999987216,3.53089787013275,-3.610522870132622,9.765625
2023-08-17,409.1,416.9,415.35,412.8,0.019066242972378245,CGPOWER,0.019066242972378245,1,L,415.557675,412.59360000000004,8,-23.71259999999984,3.5102503175052004,-27.22285031750504,-61.39400505597692
2023-08-17,50.95,49.15,48.5,48.05,-0.035328753680078595,IRFC,0.035328753680078595,-1,S,48.475750000000005,48.07402499999999,68,27.3173000000009,3.4841425709422,23.833157429058698,92.78350515463995
2023-08-17,360.1,370.85,366.55,368.95,0.029852818661482816,SHRIRAMFIN,0.029852818661482816,1,L,366.733275,368.765525,9,18.2902500000003,3.5118372080592,14.778412791941099,65.47537852953144
2023-08-18,820.3,841.55,873.8,871.65,0.025905156650006145,ADANIENSOL,0.025905156650006145,1,L,874.2368999999999,871.2141750000001,3,-9.068174999999428,2.7754531258288497,-11.843628125828278,-24.605172808422893
2023-08-18,931.65,961.65,998.75,993.55,0.032200933827081,ADANIGREEN,0.032200933827081,1,L,999.249375,993.053225,3,-18.588449999999966,3.1670671856627997,-21.755517185662764,-52.065081351689855
2023-08-18,57.1,58.75,61.55,60.95,0.028896672504378218,ADANIPOWER,0.028896672504378218,1,L,61.580774999999996,60.91952500000001,54,-35.70749999999937,3.5035257546612,-39.21102575466057,-97.48172217709072
2023-08-21,60.85,64.3,64.85,64.5,0.056696795398520905,ADANIPOWER,0.056696795398520905,1,L,64.882425,64.46775000000001,51,-21.148424999999406,3.49549979361705,-24.643924793616456,-53.97070161912043
2023-08-21,999.0,1033.95,1025.85,1018.5,0.034984984984985035,ADANIGREEN,0.034984984984985035,1,L,1026.362925,1017.99075,3,-25.11652499999957,3.2491455972916494,-28.36567059729122,-71.64790174001956
2023-08-21,870.5,918.4,927.85,923.5,0.05502584721424464,ADANIENSOL,0.05502584721424464,1,L,928.3139249999999,923.0382500000001,3,-15.827024999999594,2.9431642022746494,-18.770189202274242,-46.88257800291029
2023-08-22,248.9,236.45,236.45,236.45,-0.050020088388911255,JIOFIN,0.050020088388911255,-1,S,236.331775,236.56822499999998,14,-3.31029999999987,3.5100501225999996,-6.820350122599869,-0.0
2023-08-22,922.8,962.0,952.3,954.8,0.04247941048981363,ADANIENSOL,0.04247941048981363,1,L,952.7761499999999,954.3226,3,4.6393500000001495,3.0340903539524997,1.6052596460476498,26.252231439671814
2023-08-22,89.9,93.6,92.05,91.9,0.04115684093437144,ETERNAL,0.04115684093437144,1,L,92.096025,91.85405000000002,36,-8.711099999999362,3.5103058278102006,-12.221405827809562,-16.295491580661235
2023-08-23,451.0,461.1,463.0,460.85,0.022394678492239528,HINDALCO,0.022394678492239528,1,L,463.2315,460.61957500000005,7,-18.2834749999995,3.42693783840065,-21.71041283840015,-46.43628509719222
2023-08-23,236.45,224.65,224.65,224.65,-0.04990484246140825,JIOFIN,0.04990484246140825,-1,S,224.537675,224.762325,14,-3.1450999999999567,3.3348816242000003,-6.479981624199957,-0.0
2023-08-23,1247.5,1273.55,1267.05,1265.65,0.020881763527054176,HDFCAMC,0.020881763527054176,1,L,1267.683525,1265.0171750000002,2,-5.332699999999477,2.6852209257164,-8.017920925715877,-11.049287715558798
2023-08-24,47.65,49.25,48.65,48.75,0.033578174186778664,IRFC,0.033578174186778664,1,L,48.674324999999996,48.725625,68,3.4884000000003255,3.5121747644316006,-0.02377476443127513,20.554984583762703
2023-08-24,64.85,67.45,65.0,65.95,0.040092521202775844,ADANIPOWER,0.040092521202775844,1,L,65.0325,65.91702500000001,51,45.110775000000544,3.54603717022515,41.564737829775396,146.15384615384696
2023-08-24,224.65,213.45,213.45,213.45,-0.049855330514133156,JIOFIN,0.049855330514133156,-1,S,213.343275,213.55672499999997,15,-3.2017499999994925,3.3949499984999996,-6.596699998499492,-0.0
2023-08-25,213.45,202.8,212.0,213.05,-0.04989458889669707,JIOFIN,0.04989458889669707,-1,S,211.894,213.156525,15,-18.937874999999735,3.3785094287797492,-22.316384428779486,-49.52830188679202
2023-08-25,567.0,551.1,552.5,554.0,-0.02804232804232798,MAXHEALTH,0.02804232804232798,-1,S,552.22375,554.2769999999999,6,-12.319499999999607,3.518817655016999,-15.838317655016606,-27.14932126696823
2023-08-25,1378.65,1338.7,1342.65,1343.35,-0.028977623037029,TRENT,0.028977623037029,-1,S,1341.978675,1344.0216749999997,2,-4.085999999999331,2.8479249831582,-6.933924983157531,-5.213570178377314
2023-08-28,87.31,89.35,89.07,89.18,0.023365021188867185,VEDL,0.023365021188867185,1,L,89.11453499999999,89.13541000000001,37,0.7723750000006646,3.49705690874009,-2.7246819087394254,12.349837206693248
2023-08-28,221.0,216.4,216.55,209.5,-0.020814479638008976,JIOFIN,0.020814479638008976,-1,S,216.44172500000002,209.60475,15,102.55462500000036,3.39979478255025,99.15483021745011,325.55991687831965
2023-08-28,133.1,135.9,135.25,134.85,0.021036814425244188,BEL,0.021036814425244188,1,L,135.317625,134.782575,24,-12.841199999999617,3.4357270354848,-16.276927035484416,-29.574861367838157
2023-08-29,48.7,50.05,49.6,49.5,0.027720739219712298,IRFC,0.027720739219712298,1,L,49.6248,49.47525,67,-10.019849999999856,3.5194411649571,-13.539291164956957,-20.16129032258118
2023-08-29,92.1,86.55,86.15,86.3,-0.06026058631921827,UNIONBANK,0.06026058631921827,-1,S,86.106925,86.34315,38,-8.976549999999634,3.4736380912441,-12.450188091243733,-17.41149158444477
2023-08-29,646.5,674.7,678.0,673.45,0.04361948955916484,LODHA,0.04361948955916484,1,L,678.3389999999999,673.113275,4,-20.90289999999959,2.8640012168565994,-23.76690121685619,-67.10914454277184
2023-08-30,94.7,97.9,99.85,99.5,0.03379091869060202,ETERNAL,0.03379091869060202,1,L,99.89992499999998,99.45025000000001,33,-14.839274999999034,3.48648899410515,-18.325763994104186,-35.05257886830204
2023-08-30,221.7,231.25,231.25,231.25,0.04307622913847542,JIOFIN,0.04307622913847542,1,L,231.365625,231.134375,14,-3.237499999999841,3.4328572250000002,-6.670357224999841,0.0
2023-08-30,2489.55,2433.0,2457.65,2450.1,-0.02271494848466593,INDIGO,0.02271494848466593,-1,S,2456.4211750000004,2451.32505,1,5.096125000000484,2.60277522364685,2.4933497763536336,30.72040363762185
2023-08-31,842.1,819.25,818.0,811.2,-0.027134544590903698,ADANIENSOL,0.027134544590903698,-1,S,817.591,811.6056,4,23.941600000000108,3.4580031617264,20.48359683827371,83.1295843520774
2023-08-31,231.25,242.8,242.75,232.55,0.049945945945945924,JIOFIN,0.049945945945945924,1,L,242.871375,232.43372500000004,13,-135.6894499999995,3.2613227458838003,-138.9507727458833,-420.18537590113203
2023-08-31,65.85,63.7,64.0,64.45,-0.03264996203492776,ADANIPOWER,0.03264996203492776,-1,S,63.968,64.482225,52,-26.7396999999998,3.5386563810442007,-30.278356381044002,-70.31250000000044
2023-09-01,923.75,963.65,944.1,944.9,0.04319350473612982,MAZDOCK,0.04319350473612982,1,L,944.57205,944.42755,3,-0.4334999999999809,3.0047424207287996,-3.4382424207287805,8.473678635736448
2023-09-01,173.85,178.95,181.75,181.65,0.029335634167385605,ONGC,0.029335634167385605,1,L,181.84087499999998,181.559175,18,-5.0705999999995015,3.4677570224034002,-8.538357022402902,-5.5020632737268205
2023-09-01,123.0,127.0,127.35,127.1,0.03252032520325199,TATASTEEL,0.03252032520325199,1,L,127.41367499999998,127.03645,26,-9.807849999999519,3.5067390079344998,-13.314589007934018,-19.63093835885332
2023-09-04,126.8,131.7,132.0,131.8,0.03864353312302837,TATASTEEL,0.03864353312302837,1,L,132.066,131.7341,25,-8.297499999999758,3.495929070565,-11.793429070564757,-15.151515151514694
2023-09-04,472.7,488.1,488.0,487.1,0.03257880262322832,HINDALCO,0.03257880262322832,1,L,488.24399999999997,486.85645000000005,6,-8.325299999999515,3.1012258842101996,-11.426525884209715,-18.44262295081944
2023-09-04,56.25,64.0,65.75,66.8,0.13777777777777778,IRFC,0.13777777777777778,1,L,65.78287499999999,66.7666,50,49.18625000000034,3.5194693840675,45.66678061593284,159.69581749049277
2023-09-05,574.0,593.95,591.25,594.15,0.03475609756097575,MAXHEALTH,0.03475609756097575,1,L,591.545625,593.852925,5,11.536500000000274,3.1439146728615,8.392585327138773,49.04862579281133
2023-09-05,701.05,720.95,734.0,734.95,0.02838599243991169,LODHA,0.02838599243991169,1,L,734.367,734.582525,4,0.8621000000002823,3.1155957543705997,-2.2534957543703173,12.942779291553741
2023-09-05,66.9,70.85,72.2,72.35,0.059043348281016206,IRFC,0.059043348281016206,1,L,72.2361,72.313825,46,3.575350000000043,3.5260232010203,0.049326798979743014,20.775623268696197
2023-09-06,1868.0,1914.65,1924.8,1921.2,0.024973233404711026,TORNTPHARM,0.024973233404711026,1,L,1925.7623999999998,1920.2394000000002,1,-5.5229999999996835,2.0386426204067996,-7.561642620406483,-18.703241895261513
2023-09-06,255.35,248.65,250.15,254.65,-0.026238496181711368,JIOFIN,0.026238496181711368,-1,S,250.02492500000002,254.777325,13,-61.78119999999956,3.4727746795105,-65.25397467951005,-179.8920647611424
2023-09-06,72.25,68.5,69.0,68.85,-0.05190311418685123,IRFC,0.05190311418685123,-1,S,68.9655,68.884425,48,3.891600000000608,3.5088255639863997,0.38277443601420824,21.739130434783593
2023-09-07,953.2,982.0,1061.55,1041.75,0.030214015946286255,MAZDOCK,0.030214015946286255,1,L,1062.080775,1041.229125,3,-62.55494999999951,3.3388077406122,-65.8937577406117,-186.51971174226344
2023-09-07,68.7,74.3,73.0,72.95,0.08151382823871889,IRFC,0.08151382823871889,1,L,73.03649999999999,72.913525,45,-5.533874999999213,3.481783681754249,-9.015658681753463,-6.84931506849229
2023-09-07,432.05,445.9,449.5,448.65,0.03205647494502939,CGPOWER,0.03205647494502939,1,L,449.72475,448.425675,7,-9.093524999999715,3.3325586629723496,-12.426083662972065,-18.909899888766013
2023-09-08,71.35,73.15,74.25,73.5,0.02522775052557824,ADANIPOWER,0.02522775052557824,1,L,74.28712499999999,73.46325,44,-36.25049999999942,3.443020419729,-39.69352041972842,-101.01010101010056
2023-09-08,740.0,771.65,758.7,769.0,0.04277027027027014,LODHA,0.04277027027027014,1,L,759.07935,768.6155,4,38.14460000000008,3.2442900241443997,34.900309975855684,135.75853433504648
2023-09-08,1041.0,1136.95,1128.3,1109.4,0.0921709894332372,MAZDOCK,0.0921709894332372,1,L,1128.8641499999999,1108.8453000000002,2,-40.037699999999404,2.3685793146713996,-42.406279314670805,-167.5086413187965
2023-09-11,77.35,84.5,84.8,84.8,0.09243697478991608,IRFC,0.09243697478991608,1,L,84.8424,84.7576,39,-3.3072000000000514,3.5067630623999997,-6.813963062400051,0.0
2023-09-11,1109.0,1154.0,1136.4,1140.5,0.04057709648331831,MAZDOCK,0.04057709648331831,1,L,1136.9682,1139.92975,2,5.923099999999977,2.4151925258734,3.5079074741265766,36.0788454769434
2023-09-12,144.7,138.7,134.1,134.2,-0.04146510020732552,BEL,0.04146510020732552,-1,S,134.03295,134.26709999999997,24,-5.619599999999309,3.413613739471199,-9.033213739470508,-7.457121551079915
2023-09-12,80.4,76.85,77.35,76.95,-0.04415422885572151,ADANIPOWER,0.04415422885572151,-1,S,77.311325,76.988475,43,13.882550000000109,3.5195190079564,10.363030992043708,51.712992889462186
2023-09-12,1132.5,1072.15,1036.0,1034.65,-0.05328918322295795,MAZDOCK,0.05328918322295795,-1,S,1035.482,1035.1673250000001,3,0.9440249999995558,3.2938401697423494,-2.3498151697427936,13.030888030887144
2023-09-13,82.9,80.1,79.6,79.1,-0.033775633293124385,IRFC,0.033775633293124385,-1,S,79.5602,79.13954999999999,41,17.246650000000372,3.4519132108834993,13.794736789116872,62.81407035175879
2023-09-13,619.0,582.95,584.8,583.25,-0.058239095315024136,MAXHEALTH,0.058239095315024136,-1,S,584.5076,583.541625,5,4.8298750000003565,3.0971816281242495,1.732693371876107,26.504787961695307
2023-09-13,782.6,756.2,777.0,796.4,-0.0337337081523128,LODHA,0.0337337081523128,-1,S,776.6115000000001,796.7982,4,-80.74679999999944,3.3281687783688,-84.07496877836824,-249.67824967824902
2023-09-14,483.4,498.5,497.7,496.9,0.031237070748862283,HINDALCO,0.031237070748862283,1,L,497.94884999999994,496.65155,6,-7.783799999999701,3.1633217321424,-10.9471217321421,-16.073940124573525
2023-09-14,691.1,707.95,711.5,710.5,0.024381420923166086,JINDALSTEL,0.024381420923166086,1,L,711.85575,710.14475,4,-6.843999999999596,3.0151737084519996,-9.859173708451596,-14.054813773717312
2023-09-14,78.8,80.65,81.55,81.1,0.02347715736040623,IRFC,0.02347715736040623,1,L,81.590775,81.05945,40,-21.252999999999815,3.4473172980339997,-24.700317298033816,-55.18087063151489
2023-09-15,94.6,96.4,97.05,96.25,0.01902748414376343,UNIONBANK,0.01902748414376343,1,L,97.098525,96.201875,34,-30.486099999999794,3.4814050572736,-33.96750505727339,-82.43173621844346
2023-09-15,246.1,252.05,247.35,244.35,0.02417716375457135,RECLTD,0.02417716375457135,1,L,247.473675,244.227825,13,-42.19604999999987,3.384626388507,-45.58067638850687,-121.28562765312267
2023-09-18,96.1,99.15,100.2,98.8,0.031737773152965776,UNIONBANK,0.031737773152965776,1,L,100.2501,98.7506,33,-49.48349999999992,3.4765632052206,-52.96006320522052,-139.72055888223588
2023-09-18,135.6,140.25,140.15,139.9,0.034292035398230114,BEL,0.034292035398230114,1,L,140.220075,139.83005,23,-8.970575000000196,3.41427996104975,-12.384854961049946,-17.838030681412988
2023-09-18,73.95,77.4,77.6,76.9,0.04665314401622722,PNB,0.04665314401622722,1,L,77.63879999999999,76.86155000000001,42,-32.6444999999992,3.4370534133222,-36.0815534133214,-90.20618556700887
2023-09-20,98.9,101.95,100.15,99.55,0.030839231547017176,UNIONBANK,0.030839231547017176,1,L,100.200075,99.500225,33,-23.09504999999993,3.4917071563373994,-26.586757156337328,-59.910134797803714
2023-09-20,814.8,788.0,785.95,781.25,-0.032891507118311236,HDFCBANK,0.032891507118311236,-1,S,785.5570250000001,781.640625,4,15.665600000000268,3.3255989806756,12.340001019324667,59.8002417456589
2023-09-20,778.0,756.0,773.85,773.2,-0.028277634961439535,LODHA,0.028277634961439535,-1,S,773.4630750000001,773.5866,4,-0.49409999999943466,3.2810894929062,-3.7751894929056347,8.399560638365777
2023-09-21,255.6,261.4,258.15,259.1,0.022691705790297334,RECLTD,0.022691705790297334,1,L,258.279075,258.97045,12,8.296500000000606,3.2920223747117996,5.004477625288806,36.80030989734906
2023-09-21,1295.15,1271.3,1274.5,1279.25,-0.018414855422151932,HCLTECH,0.018414855422151932,-1,S,1273.86275,1279.889625,2,-12.053750000000036,2.7068059010735,-14.760555901073536,-37.269517457827476
2023-09-21,229.9,234.05,229.45,227.9,0.018051326663766964,JIOFIN,0.018051326663766964,1,L,229.56472499999998,227.78605000000002,14,-24.9014499999995,3.3922506488521,-28.293700648851598,-67.55284375680847
2023-09-22,206.65,213.35,215.65,215.25,0.03242196951367049,BANKBARODA,0.03242196951367049,1,L,215.757825,215.14237500000002,15,-9.231749999999721,3.4261018491779995,-12.657851849177721,-18.54857407836752
2023-09-22,72.9,75.75,76.45,76.7,0.039094650205761194,CANBK,0.039094650205761194,1,L,76.488225,76.66165000000001,43,7.457275000000379,3.492594261985251,3.9646807380151285,32.701111837802884
2023-09-22,96.7,102.1,102.1,101.9,0.05584281282316428,UNIONBANK,0.05584281282316428,1,L,102.15104999999998,101.84905,32,-9.663999999999305,3.4602539847231997,-13.124253984722504,-19.588638589617126
2023-09-25,747.5,774.8,781.7,782.9,0.03652173913043466,BAJFINANCE,0.03652173913043466,1,L,782.09085,782.50855,4,1.670799999999872,3.3185489138576005,-1.6477489138577286,15.351157733145548
2023-09-25,1541.0,1581.2,1582.6,1579.95,0.026086956521739202,BAJAJFINSV,0.026086956521739202,1,L,1583.3912999999998,1579.1600250000001,2,-8.462549999999283,3.3528029971989,-11.815352997198183,-16.74459749778756
2023-09-25,74.9,77.5,77.0,76.85,0.03471295060080104,IRFC,0.03471295060080104,1,L,77.0385,76.811575,43,-9.757774999999754,3.50666496902885,-13.264439969028604,-19.48051948052032
2023-09-26,1076.3,1104.0,1120.3,1117.5,0.025736318870203556,MAZDOCK,0.025736318870203556,1,L,1120.86015,1116.94125,2,-7.837799999999788,2.3722188122327994,-10.210018812232587,-24.99330536463451
2023-09-26,370.2,383.25,388.55,386.6,0.035251215559157334,VBL,0.035251215559157334,1,L,388.744275,386.40670000000006,8,-18.700599999999667,3.2859845409628003,-21.98658454096247,-50.18659117230651
2023-09-27,83.83,79.84,78.57,78.4,-0.04759632589764995,VEDL,0.04759632589764995,-1,S,78.530715,78.4392,42,3.843630000000047,3.4960630656331797,0.3475669343668675,21.63675703194423
2023-09-27,1091.0,1119.0,1099.95,1099.55,0.025664527956003713,DRREDDY,0.025664527956003713,1,L,1100.499975,1099.000225,3,-4.499249999999847,3.4982016616356004,-7.997451661635448,-3.6365289331341533
2023-09-27,267.5,275.4,283.95,284.35,0.029532710280373742,RECLTD,0.029532710280373742,1,L,284.091975,284.207825,11,1.2743500000002541,3.3147408058027996,-2.0403908058025455,14.086987145625063
2023-09-28,1290.0,1253.65,1233.45,1224.45,-0.028178294573643292,TECHM,0.028178294573643292,-1,S,1232.8332750000002,1225.062225,2,15.542100000000573,2.6081898297660002,12.933910170234572,72.9660707770885
2023-09-28,437.0,447.2,439.5,436.95,0.023340961098398116,CGPOWER,0.023340961098398116,1,L,439.71975,436.73152500000003,7,-20.9175749999996,3.250719842917049,-24.16829484291665,-58.020477815700076
2023-09-29,102.5,104.95,106.65,106.25,0.023902439024390265,UNIONBANK,0.023902439024390265,1,L,106.703325,106.196875,31,-15.69995000000003,3.4977148703012,-19.19766487030123,-37.505860290670824
2023-09-29,1212.0,1242.6,1252.35,1250.6,0.02524752475247527,MUTHOOTFIN,0.02524752475247527,1,L,1252.9761749999998,1249.9747,2,-6.0029499999996005,2.6535989367955,-8.656548936795101,-13.973729388748746
2023-09-29,297.0,304.05,309.6,307.6,0.023737373737373835,HINDZINC,0.023737373737373835,1,L,309.7548,307.44620000000003,10,-23.085999999999558,3.2700207142599997,-26.356020714259557,-64.59948320413412
2023-10-03,191.75,184.6,184.8,184.7,-0.03728813559322042,ONGC,0.03728813559322042,-1,S,184.7076,184.79234999999997,18,-1.5254999999992265,3.5263648437965998,-5.051864843795826,5.4112554112561995
2023-10-03,567.55,587.3,594.1,590.1,0.03479869615011899,MAXHEALTH,0.03479869615011899,1,L,594.39705,589.8049500000001,5,-22.960499999999797,3.13694779326,-26.097447793259796,-67.32873253661009
2023-10-04,241.5,235.0,234.65,235.3,-0.026915113871635588,NTPC,0.026915113871635588,-1,S,234.532675,235.41765,14,-12.38964999999996,3.4871554728283005,-15.876805472828261,-27.700831024930483
2023-10-04,592.0,569.0,568.0,572.0,-0.038851351351351315,MAXHEALTH,0.038851351351351315,-1,S,567.716,572.286,5,-22.84999999999968,3.0197800022599997,-25.86978000225968,-70.42253521126752
2023-10-04,790.55,771.6,750.1,750.15,-0.023970653342609505,LODHA,0.023970653342609505,-1,S,749.72495,750.5250749999999,4,-3.200499999999465,3.1815342240225997,-6.382034224022065,-0.6665777896275316
2023-10-05,1063.5,1086.6,1078.3,1078.5,0.02172073342736236,MAZDOCK,0.02172073342736236,1,L,1078.8391499999998,1077.96075,3,-2.635199999999486,3.4304842793321995,-6.065684279331686,1.85477139942547
2023-10-05,101.25,103.95,105.8,105.2,0.026666666666666616,ETERNAL,0.026666666666666616,1,L,105.85289999999999,105.1474,31,-21.87049999999958,3.4658074421017995,-25.33630744210138,-56.71077504725841
2023-10-05,1918.0,1968.05,1942.5,1943.0,0.02609489051094882,HAL,0.02609489051094882,1,L,1943.4712499999998,1942.0285000000001,1,-1.4427499999997053,2.0600342879434996,-3.502784287943205,2.574002574002865
2023-10-06,677.0,690.05,684.5,683.3,0.0192762186115214,JINDALSTEL,0.0192762186115214,1,L,684.8422499999999,682.95835,4,-7.535599999999704,2.900144847742399,-10.435744847742104,-17.531044558072306
2023-10-06,1544.0,1577.5,1630.95,1636.4,0.02169689119170992,BAJAJFINSV,0.02169689119170992,1,L,1631.765475,1635.5818000000002,2,7.632650000000467,3.4657045439682994,4.166945456032168,33.41610717679799
2023-10-06,2475.95,2517.05,2534.0,2536.05,0.016599689008259588,INDIGO,0.016599689008259588,1,L,2535.267,2534.7819750000003,1,-0.4850249999994958,2.68821843506835,-3.1732434350678456,8.08997632202102
2023-10-09,72.7,69.65,68.75,68.6,-0.04195323246217331,ADANIPOWER,0.04195323246217331,-1,S,68.715625,68.6343,48,3.903600000000324,3.4961014599864004,0.4074985400139237,21.818181818182847
2023-10-09,76.6,73.75,73.7,73.35,-0.03720626631853774,PNB,0.03720626631853774,-1,S,73.66315,73.386675,45,12.441375000000221,3.51000237422025,8.931372625779971,47.48982360922804
2023-10-09,74.95,71.9,71.5,71.2,-0.0406937958639092,IRFC,0.0406937958639092,-1,S,71.46425,71.2356,46,10.517900000000083,3.4816628196406,7.036237180359483,41.95804195804121
2023-10-10,71.0,73.35,75.75,75.8,0.03309859154929562,IRFC,0.03309859154929562,1,L,75.787875,75.7621,43,-1.108324999999823,3.45517477715705,-4.563499777156872,6.600660066005126
2023-10-10,1032.95,1088.8,1084.3,1082.5,0.05406844474563144,MAZDOCK,0.05406844474563144,1,L,1084.84215,1081.95875,3,-8.650199999999813,3.4457310000102,-12.095931000010014,-16.600571797472654
2023-10-10,99.25,102.55,103.85,104.2,0.03324937027707797,UNIONBANK,0.03324937027707797,1,L,103.90192499999999,104.1479,32,7.871200000000499,3.5308954803344,4.340304519666099,33.70245546461259
2023-10-11,70.0,71.7,70.55,69.9,0.024285714285714244,ADANIPOWER,0.024285714285714244,1,L,70.585275,69.86505000000001,47,-33.850574999999296,3.4963858958521508,-37.346960895851446,-92.13323883770275
2023-10-11,941.75,966.1,965.8,961.6,0.025856118927528593,ADANIGREEN,0.025856118927528593,1,L,966.2828999999999,961.1192000000001,3,-15.491099999999506,3.0641720966238,-18.555272096623305,-43.48726444398321
2023-10-12,109.65,111.95,110.05,109.95,0.020975832193342425,ETERNAL,0.020975832193342425,1,L,110.105025,109.895025,30,-6.299999999999812,3.4987993953389998,-9.798799395338811,-9.086778736937529
2023-10-12,573.8,588.5,580.85,580.1,0.02561868246775889,MAXHEALTH,0.02561868246775889,1,L,581.1404249999999,579.8099500000001,5,-6.652374999999324,3.0770986064237498,-9.729473606423074,-12.912111560643424
2023-10-12,301.3,307.1,307.55,307.45,0.0192499170262197,COALINDIA,0.0192499170262197,1,L,307.703775,307.296275,10,-4.075000000000273,3.2604419151129993,-7.335441915113272,-3.2515038205171987
2023-10-13,207.8,202.75,203.75,203.45,-0.024302213666987593,BANKBARODA,0.024302213666987593,-1,S,203.64812500000002,203.55172499999998,16,1.5424000000007254,3.4546968266575995,-1.912296826656874,14.723926380368901
2023-10-13,1374.0,1440.0,1435.0,1427.1,0.048034934497816595,HDFCAMC,0.048034934497816595,1,L,1435.7175,1426.38645,2,-18.66210000000001,3.0330710269853998,-21.69517102698541,-55.05226480836289
2023-10-13,1223.4,1256.85,1251.55,1254.8,0.027341834232466722,HCLTECH,0.027341834232466722,1,L,1252.175775,1254.1726,2,3.9936500000003434,2.6583014484655,1.3353485515348433,25.967799928088287
2023-10-16,249.45,257.5,251.95,251.9,0.03227099619162166,PFC,0.03227099619162166,1,L,252.07597499999997,251.77405000000002,13,-3.9250249999994082,3.47257523087345,-7.397600230872858,-1.984520738240736
2023-10-16,68.3,66.9,66.6,66.3,-0.020497803806734827,ADANIPOWER,0.020497803806734827,-1,S,66.5667,66.33314999999999,50,11.677500000000407,3.524632318304999,8.152867681695408,45.04504504504459
2023-10-17,815.0,795.9,811.7,813.6,-0.02343558282208591,LODHA,0.02343558282208591,-1,S,811.2941500000001,814.0068,4,-10.850599999999758,3.4459137200588,-14.29651372005856,-23.407662929653128
2023-10-17,65.65,68.15,67.25,67.05,0.03808073115003818,ADANIPOWER,0.03808073115003818,1,L,67.283625,67.016475,49,-13.090350000000043,3.4878208978073997,-16.578170897807443,-29.739776951672738
2023-10-17,203.05,207.05,207.5,207.15,0.019699581383895604,POWERGRID,0.019699581383895604,1,L,207.60375,207.04642500000003,16,-8.917199999999411,3.5167519670328002,-12.433951967032211,-16.867469879517927
2023-10-18,1172.0,1203.0,1205.2,1208.3,0.026450511945392385,CIPLA,0.026450511945392385,1,L,1205.8026,1207.69585,2,3.78650000000016,2.5598157732994,1.22668422670076,25.721871888482184
2023-10-18,1076.5,1096.8,1074.5,1071.55,0.018857408267533682,MAZDOCK,0.018857408267533682,1,L,1075.0372499999999,1071.0142250000001,3,-12.069074999999202,3.4123492699000497,-15.481424269899252,-27.45463006049387
2023-10-18,1084.0,1064.85,1058.2,1054.0,-0.017666051660516713,UNITDSPR,0.017666051660516713,-1,S,1057.6709,1054.527,3,9.431700000000092,3.3608642181762,6.070835781823892,39.690039690040145
2023-10-19,203.75,197.3,197.4,197.75,-0.03165644171779136,WIPRO,0.03165644171779136,-1,S,197.30130000000003,197.848875,16,-8.761199999999462,3.3513386150328,-12.112538615032262,-17.730496453900457
2023-10-20,2530.0,2476.75,2440.2,2445.3,-0.02104743083003957,INDIGO,0.02104743083003957,-1,S,2438.9799,2446.52265,1,-7.542750000000069,2.5895907725762997,-10.132340772576368,-20.89992623555581
2023-10-20,1204.3,1227.3,1218.1,1215.0,0.019098231337706606,NESTLEIND,0.019098231337706606,1,L,1218.70905,1214.3925000000002,2,-8.633099999999558,2.5792377639006006,-11.212337763900159,-25.449470486822445
2023-10-23,1271.95,1299.5,1289.55,1280.0,0.0216596564330358,MUTHOOTFIN,0.0216596564330358,1,L,1290.194775,1279.3600000000001,2,-21.669549999999617,2.7225058497582997,-24.392055849757917,-74.05684153386827
2023-10-23,1041.5,1013.0,979.45,975.9,-0.02736437830052807,MAZDOCK,0.02736437830052807,-1,S,978.9602750000001,976.3879499999999,3,7.716975000000616,3.1111782710965494,4.605796728904067,36.24483128286337
2023-10-23,391.8,401.95,388.3,383.3,0.025906074527820344,CGPOWER,0.025906074527820344,1,L,388.49415,383.10835000000003,8,-43.086399999999685,3.26825015332,-46.35465015331968,-128.76641771825902
2023-10-25,457.25,470.6,461.45,461.55,0.029196282121377815,HINDALCO,0.029196282121377815,1,L,461.68072499999994,461.319225,7,-2.5304999999994493,3.425511645420899,-5.956011645420348,2.167082024056022
2023-10-25,638.55,660.9,652.15,652.9,0.03500117453605833,JINDALSTEL,0.03500117453605833,1,L,652.4760749999999,652.5735500000001,5,0.48737500000072487,3.4599098235762495,-2.9725348235755247,11.500421682129058
2023-10-25,94.9,98.1,95.35,95.1,0.033719704952581475,UNIONBANK,0.033719704952581475,1,L,95.39767499999999,95.05245,34,-11.737649999999974,3.432083529760499,-15.169733529760473,-26.219192448873052
2023-10-26,874.9,818.95,860.6,839.45,-0.06395016573322654,ADANIGREEN,0.06395016573322654,-1,S,860.1697,839.869725,3,60.89992500000005,2.7109143042301502,58.1890106957699,245.7587729491051
2023-10-26,62.8,58.05,64.25,64.85,-0.07563694267515919,ADANIPOWER,0.07563694267515919,-1,S,64.217875,64.882425,51,-33.89204999999956,3.4873409935578,-37.37939099355736,-93.38521400778177
2023-10-26,756.6,710.75,731.75,731.0,-0.06060005286809411,LODHA,0.06060005286809411,-1,S,731.384125,731.3655,4,0.07450000000017099,3.102359725661,-3.027859725660829,10.249402118209794
2023-10-27,359.95,390.35,387.9,387.15,0.08445617446867626,SHRIRAMFIN,0.08445617446867626,1,L,388.09394999999995,386.956425,8,-9.100199999999404,3.2866138590779994,-12.386813859077403,-19.334880123743623
2023-10-27,72.1,76.05,76.35,76.1,0.054785020804438256,CANBK,0.054785020804438256,1,L,76.38817499999999,76.06195,43,-14.027674999999732,3.4742768148147496,-17.501951814814483,-32.74394237066103
2023-10-27,725.0,762.0,744.8,742.0,0.05103448275862066,LODHA,0.05103448275862066,1,L,745.1723999999999,741.629,4,-14.173599999999624,3.1518039404655998,-17.325403940465222,-37.59398496240518
2023-10-30,733.9,756.1,762.7,758.5,0.03024935277285734,LODHA,0.03024935277285734,1,L,763.08135,758.12075,4,-19.842399999999998,3.2241409546984,-23.066540954698397,-55.06752327258502
2023-10-30,387.7,376.65,378.8,378.4,-0.028501418622646435,SHRIRAMFIN,0.028501418622646435,-1,S,378.61060000000003,378.58919999999995,8,0.17120000000068103,3.2119150012383995,-3.0407150012377184,10.559662090814381
2023-10-30,1025.0,986.25,993.3,986.3,-0.03780487804878052,MAZDOCK,0.03780487804878052,-1,S,992.80335,986.7931499999999,3,18.030600000000504,3.150883967426999,14.879716032573505,70.47216349541974
2023-10-31,1158.3,1198.1,1230.9,1230.2,0.03436070102736766,PIDILITIND,0.03436070102736766,1,L,1231.51545,1229.5849,2,-3.8611000000000786,2.6094540673582,-6.470554067358279,-5.686895767325062
2023-10-31,757.0,791.5,783.0,789.1,0.04557463672391027,LODHA,0.04557463672391027,1,L,783.3915,788.70545,4,21.255800000000363,3.3366048476428,17.919195152357563,77.90549169859551
2023-10-31,99.8,102.2,102.1,102.0,0.024048096192384794,UNIONBANK,0.024048096192384794,1,L,102.15104999999998,101.94900000000001,32,-6.465599999999085,3.4623016835616,-9.927901683560686,-9.794319294808007
2023-11-01,633.8,594.3,588.3,584.95,-0.06232249921110766,JINDALSTEL,0.06232249921110766,-1,S,588.00585,585.242475,5,13.816874999999982,3.11195368810725,10.704921311892733,56.94373618901793
2023-11-01,81.08,83.64,83.77,83.7,0.03157375431672427,VEDL,0.03157375431672427,1,L,83.81188499999999,83.65815,39,-5.995664999999349,3.46242218118849,-9.458087181187839,-8.356213441564897
2023-11-01,562.5,582.05,575.05,575.45,0.03475555555555543,DLF,0.03475555555555543,1,L,575.3375249999999,575.162275,5,-0.8762499999994589,3.0500281472740003,-3.926278147273459,6.955916876794088
2023-11-02,242.55,253.3,258.5,258.15,0.04432075860647289,PFC,0.04432075860647289,1,L,258.62925,258.020925,12,-7.299900000000434,3.2864932792745996,-10.586393279275034,-13.539651837525257
2023-11-02,283.15,301.45,303.65,302.0,0.06463005474130323,RECLTD,0.06463005474130323,1,L,303.80182499999995,301.849,10,-19.528249999999616,3.2091700358644997,-22.737420035864115,-54.33887699654139
2023-11-02,797.0,839.7,852.95,852.0,0.053575909661229604,LODHA,0.053575909661229604,1,L,853.376475,851.5740000000001,3,-5.407424999999876,2.7114323949220505,-8.118857394921926,-11.137815815699392
2023-11-03,107.9,111.2,112.8,115.2,0.030583873957367835,ETERNAL,0.030583873957367835,1,L,112.8564,115.14240000000001,29,66.29400000000045,3.5131282001351996,62.78087179986525,212.76595744680992
2023-11-03,74.55,77.05,76.65,76.9,0.03353454057679417,ADANIPOWER,0.03353454057679417,1,L,76.688325,76.86155000000001,43,7.448675000000094,3.50171320318525,3.946961796814844,32.61578604044413
2023-11-06,203.0,196.8,195.45,195.65,-0.030541871921182184,BANKBARODA,0.030541871921182184,-1,S,195.352275,195.747825,17,-6.724350000000243,3.5245748290842,-10.248924829084443,-10.232796111537823
2023-11-06,2505.3,2571.0,2545.0,2560.0,0.026224404262962464,INDIGO,0.026224404262962464,1,L,2546.2725,2558.7200000000003,1,12.447500000000218,2.708168978305,9.739331021695218,58.93909626718985
2023-11-06,95.9,98.45,98.9,99.0,0.02659019812304475,IOC,0.02659019812304475,1,L,98.94945,98.9505,33,0.034650000000212344,3.4627498748271,-3.428099874826888,10.111223458038054
2023-11-07,304.15,311.8,307.85,308.1,0.025152063126746782,RECLTD,0.025152063126746782,1,L,308.003925,307.94595000000004,10,-0.5797499999994216,3.2658626117175,-3.8456126117169216,8.120838070488912
2023-11-07,378.4,387.45,395.6,396.0,0.02391649048625788,VBL,0.02391649048625788,1,L,395.7978,395.802,8,0.03360000000020591,3.3578180604383996,-3.3242180604381937,10.111223458038054
2023-11-08,598.8,618.5,625.55,624.8,0.032899131596526354,ZYDUSLIFE,0.032899131596526354,1,L,625.8627749999999,624.4876,5,-6.875874999999496,3.3140850434237503,-10.189960043423246,-11.989449284629528
2023-11-08,186.2,193.2,193.0,192.0,0.03759398496240607,BPCL,0.03759398496240607,1,L,193.0965,191.904,17,-20.272499999999923,3.4681037019209993,-23.74060370192092,-51.81347150259086
2023-11-09,310.5,319.25,319.0,317.95,0.028180354267310692,RECLTD,0.028180354267310692,1,L,319.1595,317.791025,10,-13.684749999999894,3.3757719681864993,-17.060521968186393,-32.91536050156751
2023-11-09,263.15,276.55,277.15,277.2,0.05092152764582947,PFC,0.05092152764582947,1,L,277.288575,277.0614,12,-2.7260999999998603,3.5268693671322,-6.25296936713206,1.8040772145044848
2023-11-09,990.25,1022.5,1003.85,1001.2,0.0325675334511486,MAZDOCK,0.0325675334511486,1,L,1004.3519249999999,1000.6994000000001,3,-10.957574999999565,3.1881856982983496,-14.145760698297915,-26.39836628978376
2023-11-10,103.0,97.8,97.95,97.95,-0.05048543689320395,IOC,0.05048543689320395,-1,S,97.901025,97.998975,34,-3.3302999999999088,3.5312569625999997,-6.861556962599908,-0.0
2023-11-10,1309.65,1232.75,1273.45,1272.0,-0.05871797808574819,MUTHOOTFIN,0.05871797808574819,-1,S,1272.8132750000002,1272.636,2,0.3545500000004722,2.6993657750723,-2.3448157750718277,11.38639129922736
2023-11-10,1097.2,1035.95,1045.0,1044.3,-0.05582391542107179,UNITDSPR,0.05582391542107179,-1,S,1044.4775,1044.82215,3,-1.0339500000000044,3.3232892541626997,-4.357239254162704,6.698564593301537
2023-11-13,61.15,59.75,59.75,59.75,-0.02289452166802941,MOTHERSON,0.02289452166802941,-1,S,59.720125,59.779875,55,-3.2862499999996686,3.4845488975,-6.7707988974996685,-0.0
2023-11-13,139.6,142.45,143.65,143.4,0.020415472779369503,BEL,0.020415472779369503,1,L,143.721825,143.3283,23,-9.0510749999996,3.49963749204975,-12.55071249204935,-17.40341106856946
2023-11-15,195.65,202.2,199.8,199.45,0.03347814975721941,ONGC,0.03347814975721941,1,L,199.8999,199.350275,16,-8.793999999999869,3.3861178326327996,-12.180117832632668,-17.517517517519067
2023-11-15,487.8,508.05,505.8,505.55,0.04151291512915134,HINDALCO,0.04151291512915134,1,L,506.05289999999997,505.297225,6,-4.534049999999638,3.2169660427694997,-7.7510160427691375,-4.942665085013731
2023-11-16,2090.0,2148.5,2110.65,2111.0,0.027990430622009566,HAL,0.027990430622009566,1,L,2111.705325,2109.9445,1,-1.7608249999998407,2.23823480936045,-3.9990598093602907,1.6582569350664933
2023-11-16,599.4,617.35,613.1,615.85,0.029946613279946632,MAXHEALTH,0.029946613279946632,1,L,613.40655,615.5420750000001,5,10.677625000000148,3.259277106946251,7.418347893053897,44.854020551297054
2023-11-17,1360.0,1429.4,1410.65,1415.5,0.05102941176470588,SBILIFE,0.05102941176470588,1,L,1411.355325,1414.79225,2,6.873849999999948,2.9977499717039002,3.8761000282960474,34.38131357884622
2023-11-17,3132.15,3226.95,3174.45,3170.4,0.03026674967673948,ASIANPAINT,0.03026674967673948,1,L,3176.0372249999996,3168.8148,1,-7.222424999999475,3.363411043057649,-10.585836043057125,-12.75811557907569
2023-11-20,122.75,119.95,118.05,118.35,-0.02281059063136459,ETERNAL,0.02281059063136459,-1,S,117.990975,118.40917499999999,28,-11.709599999999568,3.5083861101491998,-15.217986110148768,-25.412960609911828
2023-11-21,76.05,77.75,76.95,76.9,0.02235371466140701,IRFC,0.02235371466140701,1,L,76.988475,76.86155000000001,43,-5.457774999999387,3.50713682904295,-8.964911829042336,-6.4977257959708545
2023-11-21,348.25,335.25,334.6,334.0,-0.03732950466618812,COALINDIA,0.03732950466618812,-1,S,334.43270000000007,334.167,9,2.3913000000008537,3.1908435437898,-0.7995435437889462,17.93185893604332
2023-11-21,2151.65,2216.3,2200.3,2193.5,0.030046708340111028,ADANIENT,0.030046708340111028,1,L,2201.40015,2192.4032500000003,1,-8.996899999999641,2.3287191425684,-11.32561914256804,-30.904876607735776
2023-11-22,193.3,200.25,200.2,201.0,0.03595447490946713,BPCL,0.03595447490946713,1,L,200.3001,200.89950000000002,16,9.5904000000005,3.4046782897536,6.1857217102469,39.96003996004083
2023-11-23,1272.9,1233.7,1174.15,1172.0,-0.030795820567208754,CIPLA,0.030795820567208754,-1,S,1173.5629250000002,1172.586,2,1.9538500000003296,2.4881932433141003,-0.5343432433137707,18.311118681599847
2023-11-24,106.05,107.55,106.75,106.8,0.014144271570014189,UNIONBANK,0.014144271570014189,1,L,106.80337499999999,106.7466,31,-1.7600249999996151,3.5099286176248494,-5.269953617624465,4.683840749413193
2023-11-24,1777.85,1814.0,1799.35,1800.0,0.020333548949573954,TVSMOTOR,0.020333548949573954,1,L,1800.2496749999998,1799.1000000000001,1,-1.149674999999661,1.90834231652655,-3.058017316526211,3.612415594520524
2023-11-28,941.0,997.0,1059.4,1044.5,0.05951115834218923,ADANIGREEN,0.05951115834218923,1,L,1059.9297000000001,1043.97775,3,-47.85585000000037,3.3413751512511003,-51.19722515125147,-140.64564848027317
2023-11-28,79.8,85.0,89.95,89.15,0.06516290726817053,ADANIPOWER,0.06516290726817053,1,L,89.994975,89.10542500000001,37,-32.91334999999947,3.5100360130447994,-36.423386013044265,-88.93829905503026
2023-11-28,733.0,812.9,859.15,859.85,0.10900409276944067,ADANIENSOL,0.10900409276944067,1,L,859.579575,859.4200750000001,3,-0.4784999999995989,2.7343222902627002,-3.212822290262299,8.147587732061368
2023-11-29,1344.0,1393.25,1405.25,1415.9,0.036644345238095344,MUTHOOTFIN,0.036644345238095344,1,L,1405.952625,1415.19205,2,18.47885000000042,2.9937211863931,15.485128813607322,75.78722647215929
2023-11-29,425.35,445.3,438.4,438.75,0.046902550840484336,CGPOWER,0.046902550840484336,1,L,438.6192,438.53062500000004,7,-0.6200249999995435,3.25554529902315,-3.8755702990226935,7.9835766423363985
2023-11-29,874.9,940.4,895.5,879.9,0.07486569893702133,ADANIENSOL,0.07486569893702133,1,L,895.9477499999999,879.46005,3,-49.46309999999971,2.8186611874883996,-52.281761187488115,-174.20435510887788
2023-11-30,394.6,402.8,399.55,402.05,0.0207805372529144,SHRIRAMFIN,0.0207805372529144,1,L,399.749775,401.84897500000005,8,16.793600000000424,3.40207528654,13.391524713460424,62.57039169065281
2023-11-30,1614.0,1652.9,1657.9,1646.5,0.024101610904584847,M&M,0.024101610904584847,1,L,1658.72895,1645.67675,2,-26.104399999999714,3.5012921493764,-29.605692149376114,-68.76168647083736
2023-12-01,348.25,366.7,372.55,373.65,0.052979181622397675,RECLTD,0.052979181622397675,1,L,372.736275,373.463175,8,5.815200000000004,3.1658744686055993,2.649325531394405,29.526238088846135
2023-12-01,873.7,922.5,918.55,918.55,0.055854412269657816,LODHA,0.055854412269657816,1,L,919.0092749999999,918.090725,3,-2.755649999999605,2.9219314323,-5.677581432299605,0.0
2023-12-01,336.9,356.25,364.3,364.9,0.05743544078361529,PFC,0.05743544078361529,1,L,364.48215,364.71755,9,2.1186000000002423,3.4799988071897996,-1.3613988071895573,16.469942355201717
2023-12-04,1021.95,1103.1,1118.5,1122.8,0.0794070159988256,ADANIGREEN,0.0794070159988256,1,L,1119.05925,1122.2386,2,6.3586999999997715,2.3774882446282,3.9812117553715716,38.4443451050509
2023-12-04,87.95,93.95,92.6,92.85,0.06822057987492891,ADANIPOWER,0.06822057987492891,1,L,92.64629999999998,92.803575,35,5.504625000000445,3.4421675985112494,2.0624574014891954,26.997840172786614
2023-12-04,853.0,905.5,905.05,903.7,0.061547479484173495,ADANIENSOL,0.061547479484173495,1,L,905.5025249999999,903.2481500000001,3,-6.763124999999263,2.8763959624576496,-9.639520962456913,-14.916302966685446
2023-12-05,2522.05,2660.85,2913.2,2942.0,0.055034594873218046,ADANIENT,0.055034594873218046,1,L,2914.6566,2940.529,1,25.872400000000198,3.1074176039456,22.7649823960546,98.8603597418658
2023-12-05,474.5,494.55,510.25,508.8,0.04225500526870385,AMBUJACEM,0.04225500526870385,1,L,510.50512499999996,508.54560000000004,6,-11.75714999999957,3.2406698517831005,-14.997819851782669,-28.41744243018085
2023-12-05,878.25,921.8,1004.4,1006.7,0.04958724736692277,ADANIPORTS,0.04958724736692277,1,L,1004.9021999999999,1006.1966500000001,3,3.8833500000006325,3.1994378650203,0.6839121349803325,22.89924332935067
2023-12-06,1348.5,1543.1,1551.1,1569.0,0.1443084909158323,ADANIGREEN,0.1443084909158323,1,L,1551.8755499999997,1568.2155,2,32.67990000000054,3.3123015831545994,29.367598416845944,115.40197279350295
2023-12-06,107.2,114.5,112.5,111.6,0.06809701492537301,ADANIPOWER,0.06809701492537301,1,L,112.55624999999999,111.5442,29,-29.34944999999965,3.4426642313493003,-32.79211423134895,-80.00000000000007
2023-12-06,1084.4,1202.25,1179.25,1169.8,0.10867760973810392,ADANIENSOL,0.10867760973810392,1,L,1179.8396249999998,1169.2151000000001,2,-21.249049999999443,2.4887223857356995,-23.73777238573514,-80.13567945728272
2023-12-07,294.7,305.2,327.5,325.2,0.03562945368171011,TATAPOWER,0.03562945368171011,1,L,327.66375,325.0374,10,-26.263500000000022,3.4579022145989997,-29.72140221459902,-70.22900763358764
2023-12-07,1163.0,1207.1,1196.0,1201.95,0.03791917454858118,ADANIENSOL,0.03791917454858118,1,L,1196.598,1201.3490250000002,2,9.502050000000509,2.5439529440552997,6.958097055945209,49.749163879599934
2023-12-07,1575.0,1656.4,1620.35,1618.35,0.051682539682539774,ADANIGREEN,0.051682539682539774,1,L,1621.1601749999998,1617.540825,2,-7.238699999999426,3.4336906958519995,-10.672390695851426,-12.343012312154844
2023-12-08,821.85,845.45,838.4,838.6,0.02871570237877963,JSWSTEEL,0.02871570237877963,1,L,838.8191999999999,838.1807000000001,3,-1.9154999999993834,2.6673561419322005,-4.582856141931584,2.3854961832059374
2023-12-08,377.45,388.0,383.8,383.6,0.027950721949927093,PFC,0.027950721949927093,1,L,383.9919,383.4082,8,-4.669599999999718,3.2546502273808,-7.924250227380519,-5.211047420531356
2023-12-08,393.55,405.8,403.3,404.2,0.031126921610977076,RECLTD,0.031126921610977076,1,L,403.50165,403.9979,8,3.9700000000002547,3.4256947511863993,0.5443052488138553,22.31589387552635
2023-12-11,1555.0,1490.2,1519.45,1533.0,-0.04167202572347262,ADANIGREEN,0.04167202572347262,-1,S,1518.6902750000002,1533.7665,2,-30.15244999999959,3.2336671224623,-33.38611712246189,-89.1770048372753
2023-12-11,1030.0,1069.95,1063.95,1059.3,0.03878640776699038,MAZDOCK,0.03878640776699038,1,L,1064.481975,1058.77035,3,-17.134874999999738,3.3755259255763495,-20.510400925576086,-43.70506132807095
2023-12-11,1153.6,1085.8,1092.75,1094.65,-0.0587725381414701,DRREDDY,0.0587725381414701,-1,S,1092.203625,1095.197325,3,-8.98109999999997,3.4784626473441005,-12.45956264734407,-17.387325554794053
2023-12-12,82.45,84.35,82.2,82.9,0.023044269254093308,IRFC,0.023044269254093308,1,L,82.2411,82.85855000000001,40,24.698000000000206,3.5043218608360003,21.193678139164206,85.15815085158084
2023-12-12,120.3,123.0,121.5,122.7,0.02244389027431426,UNIONBANK,0.02244389027431426,1,L,121.56075,122.63865000000001,27,29.103300000000374,3.4991848817388,25.604115118261575,98.76543209876631
2023-12-12,233.2,224.4,223.35,223.65,-0.037735849056603654,BPCL,0.037735849056603654,-1,S,223.238325,223.761825,14,-7.32899999999978,3.3173492314745996,-10.64634923147438,-13.43183344526544
2023-12-13,390.9,406.0,416.9,422.65,0.03862880532105395,PFC,0.03862880532105395,1,L,417.10844999999995,422.438675,7,37.31157500000029,3.12015227055175,34.19142272944854,137.92276325257814
2023-12-13,409.75,422.95,439.1,445.95,0.032214765100671006,RECLTD,0.032214765100671006,1,L,439.31955,445.727025,7,44.852325000000235,3.2898566926816497,41.56246830731858,156.00091095422374
2023-12-13,1088.0,1048.1,1028.05,1029.1,-0.03667279411764712,ADANIENSOL,0.03667279411764712,-1,S,1027.535975,1029.6145499999998,3,-6.23572499999932,3.27157815305595,-9.50730315305527,-10.213511016001764
2023-12-14,1032.75,1081.3,1076.95,1074.25,0.04701040910191234,ADANIENSOL,0.04701040910191234,1,L,1077.4884749999999,1073.7128750000002,3,-11.326799999999139,3.420622713015299,-14.747422713014437,-25.070801801383436
2023-12-14,1426.0,1500.05,1499.85,1508.1,0.051928471248246844,ADANIGREEN,0.051928471248246844,1,L,1500.5999249999998,1507.34595,2,13.49205000000029,3.1912663445354994,10.300783655464791,55.00550055005604
2023-12-15,92.75,97.7,95.25,95.15,0.053369272237196785,IRFC,0.053369272237196785,1,L,95.297625,95.10242500000001,34,-6.636799999999511,3.4317418869842,-10.068541886983711,-10.498687664041162
2023-12-15,541.0,554.95,555.0,557.75,0.025785582255083206,HINDALCO,0.025785582255083206,1,L,555.2774999999999,557.471125,6,13.161750000000666,3.5414973071354994,9.620252692865167,49.54954954955015
2023-12-15,686.0,665.1,671.25,672.55,-0.030466472303206982,HDFCLIFE,0.030466472303206982,-1,S,670.9143750000001,672.886275,4,-7.887599999999566,2.8492045377876,-10.736804537787165,-19.366852886404384
2023-12-18,128.25,124.4,124.3,123.2,-0.030019493177387835,UNIONBANK,0.030019493177387835,-1,S,124.23785000000001,123.2616,26,25.382500000000192,3.4147888027682005,21.967711197231992,88.49557522123797
2023-12-18,646.5,670.2,679.7,680.95,0.036658932714617176,ZYDUSLIFE,0.036658932714617176,1,L,680.03985,680.6095250000001,4,2.278700000000299,2.886057359035,-0.607357359034701,18.390466382227633
2023-12-19,1215.0,1240.0,1271.5,1273.4,0.020576131687242816,NESTLEIND,0.020576131687242816,1,L,1272.13575,1272.7633,2,1.2551000000003114,2.6988813483706,-1.4437813483702886,14.94298073142053
2023-12-19,94.4,99.0,101.0,99.95,0.048728813559322015,IRFC,0.048728813559322015,1,L,101.0505,99.90002500000001,32,-36.81519999999955,3.4055245061968,-40.22072450619635,-103.96039603960405
2023-12-19,682.5,665.5,663.05,663.15,-0.02490842490842493,MAXHEALTH,0.02490842490842493,-1,S,662.718475,663.4815749999999,5,-3.8154999999994743,3.5155090335564996,-7.331009033555974,-1.5081818867357377
2023-12-20,467.55,525.7,512.2,496.8,0.12437172494920334,VBL,0.12437172494920334,1,L,512.4561,496.55160000000006,6,-95.42699999999957,3.1995157304412,-98.62651573044077,-300.6638032018749
2023-12-20,336.5,345.3,322.75,320.2,0.02615156017830622,TATAPOWER,0.02615156017830622,1,L,322.91137499999996,320.0399,10,-28.714749999999754,3.4059362048814994,-32.12068620488125,-79.00852052672435
2023-12-20,1078.0,1109.8,1009.0,998.0,0.029499072356215184,ADANIENSOL,0.029499072356215184,1,L,1009.5044999999999,997.5010000000001,3,-36.01049999999941,3.1885383397290004,-39.19903833972841,-109.01883052527262
2023-12-21,917.5,887.35,915.55,923.2,-0.03286103542234331,LODHA,0.03286103542234331,-1,S,915.092225,923.6616,3,-25.70812500000011,2.9220373630933496,-28.630162363093458,-83.55633225929805
2023-12-21,320.0,327.15,327.6,328.0,0.022343749999999885,TATAPOWER,0.022343749999999885,1,L,327.7638,327.836,10,0.7220000000000937,3.4762400155480004,-2.7542400155479068,12.210012210012167
2023-12-21,1023.2,1056.8,1056.0,1057.55,0.03283815480844399,MAZDOCK,0.03283815480844399,1,L,1056.528,1057.021225,3,1.4796749999998156,3.3621390183745494,-1.8824640183747339,14.678030303030276
2023-12-22,519.2,499.95,494.95,495.0,-0.037076271186440746,VBL,0.037076271186440746,-1,S,494.70252500000004,495.24749999999995,6,-3.269849999999451,3.1490237682338993,-6.41887376823335,-1.0102030508130078
2023-12-22,557.2,567.9,568.35,571.6,0.01920315865039468,HINDALCO,0.01920315865039468,1,L,568.634175,571.3142,5,13.400125000000003,3.0236253491637495,10.376499650836253,57.183073810151974
2023-12-26,174.5,182.1,182.45,181.8,0.04355300859598854,BEL,0.04355300859598854,1,L,182.54122499999997,181.70910000000003,18,-14.978249999998809,3.4747822633220995,-18.453032263320907,-35.626198958617074
2023-12-26,151.35,156.1,154.2,153.9,0.031384208787578416,GAIL,0.031384208787578416,1,L,154.2771,153.82305000000002,21,-9.535049999999302,3.4295680573119,-12.964618057311203,-19.45525291828676
2023-12-26,1059.5,1095.0,1153.5,1137.5,0.03350637092968389,MAZDOCK,0.03350637092968389,1,L,1154.07675,1136.93125,2,-34.29099999999971,2.4257320056160006,-36.71673200561571,-138.70827915041127
2023-12-27,97.93,94.98,94.44,94.42,-0.030123557643214616,VEDL,0.030123557643214616,-1,S,94.39278,94.46721,35,-2.6050499999997356,3.5045601415208996,-6.109610141520635,2.1177467174926523
2023-12-27,507.15,516.9,518.0,517.35,0.01922508133688261,AMBUJACEM,0.01922508133688261,1,L,518.259,517.0913250000001,6,-7.0060499999995045,3.293047303040701,-10.299097303040206,-12.548262548262024
2023-12-28,86.45,88.75,88.0,88.2,0.026604973973394896,CANBK,0.026604973973394896,1,L,88.044,88.1559,37,4.1403000000002095,3.4572088555637994,0.6830911444364101,22.72727272727204
2023-12-28,126.85,124.55,122.85,123.3,-0.018131651556957062,ETERNAL,0.018131651556957062,-1,S,122.788575,123.36165,27,-15.473025000000078,3.5222096956729496,-18.995234695673027,-36.6300366300365
2023-12-28,92.05,93.95,95.95,95.5,0.02064095600217275,PNB,0.02064095600217275,1,L,95.997975,95.45225,34,-18.55464999999967,3.4493631465289,-22.004013146528568,-46.899426784784424
2023-12-29,157.15,162.4,161.1,161.85,0.03340757238307357,GAIL,0.03340757238307357,1,L,161.18054999999998,161.76907500000002,20,11.770500000000652,3.4260205123049996,8.344479487695653,46.55493482309092
2023-12-29,96.25,98.75,100.1,99.3,0.025974025974025983,IRFC,0.025974025974025983,1,L,100.15005,99.25035,33,-29.69009999999986,3.4857342131832,-33.17583421318306,-79.92007992007943
2023-12-29,65.25,66.9,67.85,67.95,0.025287356321839205,MOTHERSON,0.025287356321839205,1,L,67.88392499999999,67.916025,49,1.5729000000006863,3.5284015691463004,-1.9555015691456141,14.738393515107973
2024-01-01,162.1,166.8,166.2,166.1,0.028994447871684148,GAIL,0.028994447871684148,1,L,166.2831,166.01695,20,-5.322999999999638,3.523296996226,-8.846296996225638,-6.0168471720811745
2024-01-01,376.2,384.4,383.5,380.45,0.021796916533758592,COALINDIA,0.021796916533758592,1,L,383.69174999999996,380.259775,8,-27.455799999999726,3.2375155523571997,-30.693315552356925,-79.53063885267287
2024-01-01,67.75,69.6,71.45,70.0,0.02730627306273048,MOTHERSON,0.02730627306273048,1,L,71.485725,69.965,46,-69.95334999999994,3.442344328737101,-73.39569432873705,-202.93911826452126
2024-01-02,124.3,127.3,128.3,128.6,0.024135156878519748,ETERNAL,0.024135156878519748,1,L,128.36415,128.5357,25,4.288749999999908,3.4058462591525,0.8829037408474081,23.38269680436378
2024-01-03,2930.0,3098.1,3025.25,2996.65,0.05737201365187716,ADANIENT,0.05737201365187716,1,L,3026.762625,2995.151675,1,-31.610949999999775,3.1894983271318003,-34.800448327131576,-94.53764151722943
2024-01-03,1601.0,1710.65,1701.0,1694.7,0.06848844472204885,ADANIGREEN,0.06848844472204885,1,L,1701.8505,1693.85265,1,-7.997849999999971,1.7996103349119001,-9.797460334911872,-37.037037037036534
2024-01-03,1058.0,1190.8,1188.8,1181.05,0.12551984877126654,ADANIENSOL,0.12551984877126654,1,L,1189.3944,1180.459475,2,-17.869849999999587,2.5111505979515005,-20.381000597951086,-65.19179004037645
2024-01-04,738.1,770.1,770.8,769.4,0.04335455900284524,BAJFINANCE,0.04335455900284524,1,L,771.1854,769.0153,4,-8.680399999999736,3.2656629814327998,-11.946062981432537,-18.16294758692272
2024-01-04,1001.0,1045.45,1085.6,1093.85,0.04440559440559455,LODHA,0.04440559440559455,1,L,1086.1427999999999,1093.303075,3,21.48082500000055,3.4691594963032504,18.0116655036973,75.99484156227021
2024-01-04,307.2,317.8,318.0,317.25,0.03450520833333348,NTPC,0.03450520833333348,1,L,318.159,317.091375,10,-10.67624999999964,3.3670882658475003,-14.04333826584714,-23.58490566037763
2024-01-05,462.0,478.65,468.7,468.35,0.03603896103896109,CGPOWER,0.03603896103896109,1,L,468.93434999999994,468.11582500000003,7,-5.729674999999361,3.47730829837685,-9.206983298376212,-7.467463196073609
2024-01-05,2910.95,3019.15,2999.45,2999.9,0.037169996049399856,HAL,0.037169996049399856,1,L,3000.9497249999995,2998.40005,1,-2.549674999999297,3.1807307695491502,-5.730405769548447,1.500275050427824
2024-01-05,1099.95,1165.85,1092.35,1091.3,0.059911814173371436,LODHA,0.059911814173371436,1,L,1092.8961749999999,1090.75435,3,-6.4254749999997784,3.4727780475559498,-9.898253047555729,-9.61230374879829
2024-01-08,234.3,226.6,224.0,222.9,-0.032863849765258246,BANKBARODA,0.032863849765258246,-1,S,223.888,223.01145,14,12.271700000000124,3.3187577958598,8.952942204140324,49.10714285714213
2024-01-08,1213.85,1152.45,1178.8,1175.85,-0.05058285620134273,GODREJCP,0.05058285620134273,-1,S,1178.2106,1176.437925,2,3.545350000000326,2.4973817261332996,1.0479682738670264,25.02544960977349
2024-01-08,1088.1,1113.1,1109.75,1122.05,0.02297582942744225,LODHA,0.02297582942744225,1,L,1110.304875,1121.488975,3,33.55229999999983,3.5537561307303003,29.998543869269533,110.83577382293264
2024-01-09,1172.4,1198.35,1197.75,1195.4,0.02213408393039895,ADANIPORTS,0.02213408393039895,1,L,1198.348875,1194.8023,2,-7.093149999999696,2.5370417033311,-9.630191703330796,-19.620121060320848
2024-01-09,2999.8,3067.35,3014.0,3009.0,0.02251816787785854,HAL,0.02251816787785854,1,L,3015.5069999999996,3007.4955,1,-8.011499999999614,3.1926712585650003,-11.204171258564614,-16.589250165892633
2024-01-10,427.4,417.1,419.1,420.4,-0.02409920449227876,RECLTD,0.02409920449227876,-1,S,418.89045000000004,420.61019999999996,7,-12.038249999999437,3.1145512940282996,-15.152801294027736,-31.018849916486513
2024-01-10,229.55,224.3,225.2,225.5,-0.02287083424090608,BPCL,0.02287083424090608,-1,S,225.0874,225.61274999999998,14,-7.354899999999645,3.3448120892746,-10.699712089274245,-13.32149200710564
2024-01-10,1452.95,1486.5,1450.0,1450.65,0.023090952888950023,SBILIFE,0.023090952888950023,1,L,1450.725,1449.9246750000002,2,-1.6006499999994048,3.0758236776531,-4.676473677652504,4.482758620689697
2024-01-11,431.6,451.2,455.65,456.2,0.04541241890639469,SHRIRAMFIN,0.04541241890639469,1,L,455.877825,455.9719,7,0.6585250000002247,3.38447746376495,-2.725952463764725,12.070668276089602
2024-01-11,103.2,106.6,107.4,106.8,0.032945736434108364,IRFC,0.032945736434108364,1,L,107.4537,106.7466,31,-21.920099999999906,3.5184004053017994,-25.438500405301706,-55.86592178770999
2024-01-11,2352.0,2428.8,2468.5,2470.05,0.032653061224489965,TORNTPHARM,0.032653061224489965,1,L,2469.73425,2468.8149750000002,1,-0.9192749999997432,2.6184460811248496,-3.5377210811245927,6.279116872596191
2024-01-12,106.9,112.3,113.1,113.15,0.05051449953227305,IRFC,0.05051449953227305,1,L,113.15654999999998,113.09342500000001,29,-1.8306249999991593,3.47874358933615,-5.309368589335309,4.420866489833752
2024-01-12,1130.0,1209.0,1190.95,1205.15,0.06991150442477867,LODHA,0.06991150442477867,1,L,1191.545475,1204.5474250000002,2,26.003900000000613,2.5438019369908,23.460098063009813,119.23254544691231
2024-01-12,1520.1,1587.75,1611.0,1612.15,0.04450365107558718,INFY,0.04450365107558718,1,L,1611.8055,1611.3439250000001,2,-0.9231499999996231,3.4178937075400992,-4.341043707539722,7.138423339541067
2024-01-15,233.15,254.4,249.05,246.35,0.09114304096075498,WIPRO,0.09114304096075498,1,L,249.174525,246.22682500000002,13,-38.3200999999996,3.4105555796662994,-41.7306555796659,-108.41196546878207
2024-01-15,113.55,126.95,129.9,129.15,0.11800968736239548,IRFC,0.11800968736239548,1,L,129.96495,129.08542500000001,25,-21.988124999999314,3.4314624096187494,-25.419587409618064,-57.73672055427226
2024-01-15,1307.95,1381.35,1340.0,1337.65,0.05611835314805602,TECHM,0.05611835314805602,1,L,1340.6699999999998,1336.9811750000001,2,-7.3776499999994485,2.8387090023311,-10.216359002330549,-17.537313432834935
2024-01-16,132.0,140.25,140.9,142.2,0.0625,IRFC,0.0625,1,L,140.97045,142.1289,23,26.64434999999972,3.4553835054213,23.18896649457842,92.26401703335662
2024-01-16,1175.0,1230.4,1164.3,1160.05,0.047148936170212874,MAZDOCK,0.047148936170212874,1,L,1164.88215,1159.469975,2,-10.824349999999868,2.4636731811605,-13.288023181160368,-36.502619599759754
2024-01-16,267.35,257.0,249.4,248.95,-0.038713297175986594,JIOFIN,0.038713297175986594,-1,S,249.27530000000002,249.07447499999998,13,2.6107250000004854,3.43538128113895,-0.8246562811384646,18.04330392943143
2024-01-17,1169.6,1141.0,1130.9,1129.8,-0.02445280437756492,LODHA,0.02445280437756492,-1,S,1130.3345500000003,1130.3648999999998,2,-0.060699999999087595,2.3973565761514006,-2.4580565761504882,9.726766292335043
2024-01-17,749.0,728.2,720.85,722.5,-0.027770360480640743,JINDALSTEL,0.027770360480640743,-1,S,720.4895750000001,722.8612499999999,4,-9.486699999999473,3.0601650011458,-12.546865001145273,-22.88964417007655
2024-01-17,839.4,791.8,769.55,771.2,-0.056707171789373345,HDFCBANK,0.056707171789373345,-1,S,769.165225,771.5856,4,-9.681500000000142,3.2667196227458,-12.948219622745942,-21.441101942694107
2024-01-18,239.05,230.15,234.55,233.55,-0.037230704873457476,POWERGRID,0.037230704873457476,-1,S,234.43272500000003,233.666775,14,10.72330000000045,3.475958919818,7.24734108018245,42.634832658281496
2024-01-18,459.0,441.6,451.3,450.8,-0.03790849673202612,SHRIRAMFIN,0.03790849673202612,-1,S,451.07435000000004,451.0254,7,0.34265000000033297,3.3482548858045,-3.005604885804167,11.079104808331408
2024-01-19,145.8,153.25,157.45,160.4,0.051097393689986115,IRFC,0.051097393689986115,1,L,157.52872499999998,160.31980000000001,21,58.61257500000073,3.54560997559965,55.06696502440108,187.36106700540046
2024-01-20,160.85,175.0,176.25,176.25,0.08797015853279455,IRFC,0.08797015853279455,1,L,176.338125,176.161875,18,-3.1724999999996726,3.3639349949999997,-6.536434994999672,0.0
2024-01-20,2567.8,2495.7,2472.0,2469.95,-0.02807851078744461,HINDUNILVR,0.02807851078744461,-1,S,2470.764,2471.1849749999997,1,-0.4209749999995438,2.620303529968349,-3.041278529967893,8.29288025889996
2024-01-20,384.55,394.05,399.7,399.05,0.024704199713951436,COALINDIA,0.024704199713951436,1,L,399.89984999999996,398.850475,8,-8.394999999999527,3.3872220685875996,-11.782222068587126,-16.262196647485183
2024-01-23,1313.0,1397.95,1406.8,1410.1,0.06469916222391481,CIPLA,0.06469916222391481,1,L,1407.5033999999998,1409.3949499999999,2,3.783100000000104,2.9876016300542,0.795498369945904,23.457492180836148
2024-01-23,749.0,791.75,771.05,771.75,0.05707610146862474,MAXHEALTH,0.05707610146862474,1,L,771.4355249999999,771.3641250000001,4,-0.2855999999992491,3.2720985328836,-3.557698532882849,9.07852927825692
2024-01-23,345.95,357.5,346.55,346.45,0.03338632750397452,TATAPOWER,0.03338632750397452,1,L,346.723275,346.276775,9,-4.018500000000131,3.3065777656017,-7.325077765601831,-2.885586495455783
2024-01-24,541.9,562.3,565.3,564.5,0.03764532201513182,HINDALCO,0.03764532201513182,1,L,565.58265,564.21775,5,-6.8244999999996026,2.9944970394519994,-9.818997039451602,-14.15177781708743
2024-01-24,441.65,459.9,465.7,467.3,0.04132231404958686,RECLTD,0.04132231404958686,1,L,465.93285,467.06635000000006,7,7.9345000000005825,3.4637758317344,4.470724168266182,34.35688211294918
2024-01-24,162.45,168.2,170.5,172.1,0.03539550630963384,IRFC,0.03539550630963384,1,L,170.58525,172.01395,19,27.14529999999985,3.4544310479647997,23.69086895203505,93.84164222873804
2024-01-25,1038.15,1072.0,1061.15,1056.05,0.03260607811973215,ADANIENSOL,0.03260607811973215,1,L,1061.680575,1055.521975,3,-18.475799999999936,3.3657551798288994,-21.841555179828834,-48.06106582481373
2024-01-25,1405.0,1341.4,1319.05,1321.65,-0.04526690391459065,TECHM,0.04526690391459065,-1,S,1318.390475,1322.310825,2,-7.840700000000197,2.7994744979875996,-10.640174497987797,-19.71115575603699
2024-01-25,1163.5,1202.9,1182.5,1174.7,0.03386334336055019,MAZDOCK,0.03386334336055019,1,L,1183.09125,1174.11265,2,-17.95719999999983,2.4977262981628,-20.45492629816263,-65.9619450317117
2024-01-29,470.0,488.65,499.85,498.9,0.03968085106382979,RECLTD,0.03968085106382979,1,L,500.099925,498.65055,6,-8.69624999999985,3.1764242286441,-11.87267422864395,-19.005701710513854
2024-01-29,2903.0,3031.0,3067.6,3063.35,0.04409231829142257,ADANIENT,0.04409231829142257,1,L,3069.1337999999996,3061.818325,1,-7.315474999999424,3.24998551918025,-10.565460519179673,-13.854479071586656
2024-01-29,1065.0,1113.9,1101.3,1100.95,0.04591549295774655,ADANIENSOL,0.04591549295774655,1,L,1101.8506499999999,1100.399525,3,-4.35337499999946,3.50259203261865,-7.85596703261811,-3.178062290020156
2024-01-30,479.9,492.45,488.85,490.75,0.02615128151698265,SHRIRAMFIN,0.02615128151698265,1,L,489.094425,490.50462500000003,6,8.46120000000019,3.1173840473117997,5.34381595268839,38.86672803518509
2024-01-30,720.0,690.35,682.7,682.25,-0.041180555555555554,BAJFINANCE,0.041180555555555554,-1,S,682.3586500000001,682.5911249999999,4,-0.9298999999991793,2.8948251485966,-3.824725148595779,6.591475025634619
2024-01-30,722.0,749.4,750.35,736.9,0.037950138504155184,MAXHEALTH,0.037950138504155184,1,L,750.725175,736.53155,4,-56.77449999999999,3.1480835420794,-59.92258354207939,-179.2496834810431
2024-01-31,249.4,254.1,251.2,252.0,0.018845228548516335,ONGC,0.018845228548516335,1,L,251.32559999999998,251.87400000000002,13,7.129200000000566,3.4693078564247997,3.659892143575766,31.847133757962887
2024-01-31,167.2,171.05,173.75,174.4,0.023026315789473895,IRFC,0.023026315789473895,1,L,173.836875,174.3128,19,9.04257500000034,3.5083568652044503,5.53421813479589,37.41007194244528
2024-02-01,1162.0,1280.6,1255.85,1251.2,0.10206540447504286,GODREJCP,0.10206540447504286,1,L,1256.477925,1250.5744000000002,2,-11.807049999999435,2.6573098766509,-14.464359876650335,-37.02671497392118
2024-02-02,1220.0,1280.4,1270.5,1261.55,0.04950819672131157,ADANIPORTS,0.04950819672131157,1,L,1271.13525,1260.919225,2,-20.43204999999989,2.6828747066227,-23.11492470662259,-70.44470680834358
2024-02-02,799.0,764.75,765.5,767.1,-0.042866082603254085,MAXHEALTH,0.042866082603254085,-1,S,765.11725,767.48355,4,-9.465200000000095,3.2494579951232,-12.714657995123295,-20.901371652515266
2024-02-02,1070.0,1120.2,1114.85,1115.0,0.04691588785046741,LODHA,0.04691588785046741,1,L,1115.4074249999999,1114.4425,2,-1.9298499999995329,2.3644365291661,-4.294286529165633,1.345472485088095
2024-02-05,3145.0,3277.2,3214.45,3174.0,0.04203497615262308,INDIGO,0.04203497615262308,1,L,3216.0572249999996,3172.413,1,-43.64422499999955,3.38253214877085,-47.0267571487704,-125.83801272379347
2024-02-05,882.8,948.0,925.0,926.0,0.0738559130040779,TMPV,0.0738559130040779,1,L,925.4625,925.537,3,0.2235000000001719,2.9443687676609995,-2.7208687676608276,10.8108108108107
2024-02-05,163.5,172.6,173.8,174.35,0.055657492354739935,IOC,0.055657492354739935,1,L,173.8869,174.262825,19,7.142574999999908,3.508148368919149,3.6344266310807596,31.645569620251113
2024-02-06,292.7,279.5,272.55,271.9,-0.04509736932012298,JIOFIN,0.04509736932012298,-1,S,272.413725,272.03594999999996,12,4.533300000000509,3.4646751435185994,1.0686248564819092,23.848835076134556
2024-02-06,757.5,790.7,795.2,798.7,0.04382838283828394,ZYDUSLIFE,0.04382838283828394,1,L,795.5976,798.3006500000001,4,10.812200000000303,3.3816945160180003,7.430505483982302,44.01408450704247
2024-02-07,797.0,828.1,829.9,828.8,0.03902132998745289,DLF,0.03902132998745289,1,L,830.31495,828.3856,4,-7.717399999999998,3.5170957172971997,-11.234495717297197,-13.254608989035077
2024-02-07,1718.0,1775.6,1858.0,1875.0,0.03352735739231649,ADANIGREEN,0.03352735739231649,1,L,1858.9289999999999,1874.0625,1,15.13350000000014,1.9809938360789998,13.15250616392114,91.4962325080726
2024-02-07,104.4,109.1,109.3,109.9,0.04501915708812243,CANBK,0.04501915708812243,1,L,109.35464999999999,109.84505000000001,30,14.712000000000671,3.488379723966,11.223620276034671,54.89478499542733
2024-02-08,2418.65,2527.75,2581.35,2567.15,0.04510780807475245,TRENT,0.04510780807475245,1,L,2582.6406749999996,2565.866425,1,-16.774249999999483,2.7280271581045996,-19.502277158104082,-55.00997540046848
2024-02-08,267.4,287.45,277.65,276.5,0.07498130142109205,POWERGRID,0.07498130142109205,1,L,277.788825,276.36175000000003,11,-15.697824999999398,3.2303487098294497,-18.928173709828847,-41.41905276427104
2024-02-08,2411.5,2494.8,2600.45,2585.0,0.03454281567489126,CUMMINSIND,0.03454281567489126,1,L,2601.750225,2583.7075,1,-18.04272499999979,2.74747980794585,-20.790204807945642,-59.41279393950949
2024-02-09,467.15,429.2,424.3,427.25,-0.08123728994969492,PFC,0.08123728994969492,-1,S,424.08785000000006,427.463625,7,-23.630424999999434,3.15800377993345,-26.788428779932886,-69.52627857647941
2024-02-09,162.2,154.9,154.7,154.25,-0.04500616522811329,IRFC,0.04500616522811329,-1,S,154.62265,154.327125,21,6.206024999999954,3.4407599341321493,2.765265065867805,29.088558500321994
2024-02-09,142.0,148.0,149.85,149.95,0.04225352112676051,ETERNAL,0.04225352112676051,1,L,149.92492499999997,149.875025,22,-1.0977999999995518,3.497037264351399,-4.594837264350951,6.67334000667319
2024-02-12,804.3,836.8,856.35,856.3,0.04040780803182886,ZYDUSLIFE,0.04040780803182886,1,L,856.7781749999999,855.87185,3,-2.718974999999773,2.72397562921695,-5.442950629216723,-0.5838734162444403
2024-02-12,153.75,142.0,136.65,132.65,-0.07642276422764227,IRFC,0.07642276422764227,-1,S,136.58167500000002,132.716325,24,92.76840000000016,3.4371357563519993,89.33126424364815,292.71862422246664
2024-02-13,133.4,142.45,147.65,152.45,0.06784107946026974,IRFC,0.06784107946026974,1,L,147.723825,152.373775,22,102.29889999999978,3.5118829802672007,98.78701701973257,325.0931256349454
2024-02-13,583.05,502.25,510.3,510.75,-0.1385815967755767,HINDALCO,0.1385815967755767,-1,S,510.04485000000005,511.00537499999996,6,-5.763149999999428,3.2476903131051005,-9.010840313104527,-8.818342151675207
2024-02-13,112.6,108.1,109.6,112.8,-0.039964476021314366,ADANIPOWER,0.039964476021314366,-1,S,109.5452,112.8564,30,-99.33599999999998,3.5267663628479995,-102.86276636284798,-291.9708029197077
2024-02-14,1048.0,1081.2,1084.1,1100.0,0.0316793893129772,LODHA,0.0316793893129772,1,L,1084.64205,1099.45,3,44.42385000000036,3.4790737974099,40.944776202590454,146.6654367678277
2024-02-14,1334.8,1300.0,1293.85,1292.85,-0.026071321546298987,TECHM,0.026071321546298987,-1,S,1293.203075,1293.4964249999998,2,-0.586699999999837,2.7430061211739996,-3.3297061211738366,7.728871198361409
2024-02-14,897.0,872.8,871.55,886.0,-0.026978818283166173,MAXHEALTH,0.026978818283166173,-1,S,871.114225,886.443,3,-45.98632499999985,2.7906491157985496,-48.7769741157984,-165.79656933050302
2024-02-15,154.2,159.35,159.75,159.2,0.033398184176394397,IRFC,0.033398184176394397,1,L,159.829875,159.1204,20,-14.189499999999953,3.3807537252429998,-17.570253725242953,-34.428794992176215
2024-02-15,1853.8,1937.75,1890.6,1903.6,0.045285359801488845,ADANIGREEN,0.045285359801488845,1,L,1891.5452999999998,1902.6482,1,11.102900000000318,2.013001361731,9.089898638269318,68.76123981804704
2024-02-15,1662.0,1724.0,1773.25,1765.85,0.03730445246690728,M&M,0.03730445246690728,1,L,1774.1366249999999,1764.967075,1,-9.169549999999845,1.8755161479362,-11.045066147936044,-41.73128436486762
2024-02-16,2087.9,2164.1,2140.1,2140.2,0.0364960007663202,TVSMOTOR,0.0364960007663202,1,L,2141.1700499999997,2139.1299,1,-2.0401499999998123,2.2693019047886995,-4.309451904788512,0.46726788467843505
2024-02-16,325.25,337.5,329.35,327.75,0.037663335895465,BPCL,0.037663335895465,1,L,329.514675,327.58612500000004,10,-19.28549999999973,3.4819978828079994,-22.767497882807728,-48.580537422195924
2024-02-19,1072.1,1095.5,1087.95,1092.9,0.021826322171439427,LODHA,0.021826322171439427,1,L,1088.493975,1092.35355,3,11.57872499999985,3.4702998391219495,8.1084251608779,45.498414449194335
2024-02-19,188.0,192.05,189.45,188.4,0.021542553191489455,BEL,0.021542553191489455,1,L,189.54472499999997,188.3058,17,-21.061724999999427,3.403568142217049,-24.465293142216478,-55.42359461599311
2024-02-20,276.1,285.0,286.9,288.4,0.03223469757334296,POWERGRID,0.03223469757334296,1,L,287.04344999999995,288.25579999999997,11,13.335850000000164,3.3568917649354995,9.978958235064665,52.28302544440622
2024-02-20,1084.0,1147.65,1119.95,1117.95,0.05871771217712185,LODHA,0.05871771217712185,1,L,1120.509975,1117.3910250000001,2,-6.237899999999627,2.372500422252,-8.610400422251626,-17.85794008661079
2024-02-20,157.6,162.3,160.55,160.8,0.029822335025380786,ETERNAL,0.029822335025380786,1,L,160.630275,160.7196,20,1.7865000000000464,3.407957691435,-1.6214576914349537,15.571473061350982
2024-02-21,141.2,147.4,144.6,145.15,0.0439093484419264,UNIONBANK,0.0439093484419264,1,L,144.67229999999998,145.077425,23,9.317875000000612,3.534580233070549,5.783294766930062,38.03596127247566
2024-02-21,758.2,779.0,765.95,774.35,0.027433394882616646,JINDALSTEL,0.027433394882616646,1,L,766.332975,773.9628250000001,4,30.519400000000132,3.2701766574031996,27.249223342596935,109.66773288073605
2024-02-22,289.65,298.35,299.4,303.7,0.030036250647333063,JIOFIN,0.030036250647333063,1,L,299.5497,303.54815,11,43.98295000000053,3.5223978912550997,40.46055210874543,143.62057448229936
2024-02-22,182.6,178.1,179.95,179.75,-0.024644030668127037,IOC,0.024644030668127037,-1,S,179.860025,179.83987499999998,18,0.3627000000005296,3.4330402021931996,-3.07034020219267,11.114198388441077
2024-02-23,152.7,155.85,153.75,153.5,0.02062868369351678,IRFC,0.02062868369351678,1,L,153.826875,153.42325,21,-8.47612500000011,3.42021972659325,-11.896344726593359,-16.26016260162566
2024-02-23,579.0,598.45,596.55,594.65,0.03359240069084635,INDHOTEL,0.03359240069084635,1,L,596.848275,594.352675,5,-12.477999999999838,3.1566559945734993,-15.634655994573338,-31.84980303411189
2024-02-23,303.85,324.55,338.35,335.0,0.06812571992759575,JIOFIN,0.06812571992759575,1,L,338.519175,334.83250000000004,9,-33.18007499999982,3.20960727880695,-36.38968227880677,-99.0099009901002
2024-02-26,1083.9,1133.0,1181.35,1173.8,0.045299381861795274,ADANIENSOL,0.045299381861795274,1,L,1181.9406749999998,1173.2131,2,-17.455149999999776,2.4956074645062998,-19.950757464506076,-63.90993355059882
2024-02-26,488.6,506.2,497.4,497.1,0.036021285304952855,SHRIRAMFIN,0.036021285304952855,1,L,497.64869999999996,496.85145000000006,6,-4.783499999999435,3.1633328342033997,-7.946832834202835,-6.031363088057073
2024-02-26,2982.85,2863.75,2871.05,2868.0,-0.03992825653318133,ASIANPAINT,0.03992825653318133,-1,S,2869.6144750000003,2869.4339999999997,1,0.1804750000005697,3.04301256895535,-2.8625375689547803,10.623291130423818
2024-02-27,1180.5,1153.25,1127.4,1125.7,-0.023083439220669244,ADANIENSOL,0.023083439220669244,-1,S,1126.8363000000002,1126.26285,2,1.146900000000187,2.3894296588158,-1.242529658815613,15.078942700018638
2024-02-27,2569.8,2631.7,2620.1,2626.55,0.024087477624717746,TRENT,0.024087477624717746,1,L,2621.41005,2625.236725,1,3.8266750000002503,2.78232946717115,1.0443455328291003,24.6173810159922
2024-02-27,1954.0,2022.5,1949.5,1948.25,0.03505629477993866,HDFCAMC,0.03505629477993866,1,L,1950.4747499999999,1947.275875,1,-3.1988749999998163,2.06633684664125,-5.2652118466410665,-6.411900487304223
2024-02-28,98.8,101.49,99.24,98.46,0.027226720647773206,VEDL,0.027226720647773206,1,L,99.28961999999999,98.41077,33,-29.002049999999528,3.45606404510862,-32.45811404510815,-78.59733978234584
2024-02-28,1045.5,1107.7,1063.85,1056.1,0.05949306551889055,MAZDOCK,0.05949306551889055,1,L,1064.381925,1055.57195,3,-26.429924999999685,3.36925669822725,-29.799181698226935,-72.84861587629865
2024-02-28,3093.0,3163.4,3094.55,3094.1,0.02276107339152933,HAL,0.02276107339152933,1,L,3096.097275,3092.5529500000002,1,-3.5443249999998443,3.28099337845085,-6.825318378450694,-1.4541694268965788
2024-02-29,563.6,541.2,558.8,563.6,-0.039744499645138376,VBL,0.039744499645138376,-1,S,558.5206,563.8818,5,-26.806000000000267,2.972686014711999,-29.778686014712267,-85.89835361489051
2024-02-29,850.9,812.25,786.55,791.15,-0.04542249383006225,MAXHEALTH,0.04542249383006225,-1,S,786.156725,791.545575,4,-21.555399999999736,3.3437840248792003,-24.899184024878934,-58.48324963448004
2024-02-29,147.1,143.2,147.3,147.2,-0.02651257647858607,IRFC,0.02651257647858607,-1,S,147.22635000000002,147.2736,22,-1.0394999999991796,3.4352193257514005,-4.474719325750581,6.788866259336279
2024-03-01,448.05,468.9,469.85,465.75,0.04653498493471697,CGPOWER,0.04653498493471697,1,L,470.084925,465.517125,7,-31.97459999999984,3.4690465219431,-35.44364652194294,-87.26189209322222
2024-03-01,303.7,313.45,311.55,311.25,0.032104050049390764,BPCL,0.032104050049390764,1,L,311.705775,311.094375,10,-6.114000000000033,3.3015757833389996,-9.415575783339033,-9.62927298988947
2024-03-01,788.0,729.15,735.95,736.05,-0.07468274111675133,MAXHEALTH,0.07468274111675133,-1,S,735.582025,736.418025,4,-3.343999999999596,3.1216029540452004,-6.465602954044797,-1.3587879611365317
2024-03-04,773.55,739.85,749.85,747.9,-0.04356538038911506,MAXHEALTH,0.04356538038911506,-1,S,749.4750750000001,748.2739499999999,4,4.804500000000644,3.1771103931186,1.6273896068820437,26.00520104020898
2024-03-04,1248.0,1280.55,1269.8,1265.45,0.026081730769230704,DRREDDY,0.026081730769230704,1,L,1270.4349,1264.817275,2,-11.235249999999724,2.6872773619830994,-13.922527361982823,-34.257363364308404
2024-03-04,167.5,172.45,169.45,169.95,0.029552238805970132,ETERNAL,0.029552238805970132,1,L,169.53472499999998,169.865025,19,6.275700000000427,3.4199031920264997,2.855796807973927,29.507229271170665
2024-03-05,988.9,1042.6,1021.6,1022.45,0.05430276064313877,TMPV,0.05430276064313877,1,L,1022.1107999999999,1021.9387750000001,3,-0.516074999999546,3.2513679216118496,-3.7674429216113956,8.320281910727534
2024-03-05,747.5,771.0,730.05,729.75,0.03143812709030103,MAXHEALTH,0.03143812709030103,1,L,730.4150249999999,729.385125,4,-4.1195999999995365,3.0956428213356,-7.215242821335137,-4.109307581672272
2024-03-05,1335.7,1424.8,1381.0,1357.0,0.0667065957924684,MUTHOOTFIN,0.0667065957924684,1,L,1381.6905,1356.3215,2,-50.73799999999983,2.8979491214240003,-53.63594912142383,-173.787110789283
2024-03-06,84.35,80.95,80.8,80.65,-0.040308239478363816,MOTHERSON,0.040308239478363816,-1,S,80.7596,80.690325,41,2.84027500000019,3.51011529550505,-0.6698402955048599,18.564356435643028
2024-03-06,166.75,159.0,161.9,161.55,-0.046476761619190454,ETERNAL,0.046476761619190454,-1,S,161.81905,161.630775,20,3.765500000000088,3.430444343209,0.3350556567910883,21.618282890673022
2024-03-07,813.0,840.55,829.25,830.95,0.033886838868388613,JSWSTEEL,0.033886838868388613,1,L,829.664625,830.5345250000001,4,3.4796000000005733,3.5215057740316005,-0.04190577403102713,20.500452215859166
2024-03-07,151.7,156.65,157.45,157.3,0.03263019116677657,TATASTEEL,0.03263019116677657,1,L,157.52872499999998,157.22135000000003,21,-6.454874999998964,3.50395210235595,-9.958827102354913,-9.526833915527444
2024-03-07,1972.0,1900.85,1894.5,1897.9,-0.036080121703853996,M&M,0.036080121703853996,-1,S,1893.55275,1898.84895,1,-5.296199999999999,2.0102474017842,-7.306447401784199,-17.94668778041686
2024-03-11,333.0,348.95,357.55,353.8,0.04789789789789789,JIOFIN,0.04789789789789789,1,L,357.728775,353.6231,9,-36.95107499999966,3.3905307152137496,-40.34160571521341,-104.88043630261457
2024-03-11,2636.6,2756.65,2672.65,2673.35,0.04553212470606094,TRENT,0.04553212470606094,1,L,2673.986325,2672.013325,1,-1.9729999999999563,2.8343709804209,-4.807370980420856,2.619123342000318
2024-03-12,356.8,372.5,363.7,361.8,0.0440022421524664,JIOFIN,0.0440022421524664,1,L,363.88185,361.6191,9,-20.364749999999844,3.4598750779322995,-23.824625077932144,-52.240857849875646
2024-03-12,409.2,399.8,405.35,404.8,-0.022971652003910048,ITC,0.022971652003910048,-1,S,405.147325,405.00239999999997,8,1.1594000000004598,3.4366271187027992,-2.2772271187023394,13.568521031207537
2024-03-13,402.0,428.75,424.2,421.65,0.066542288557214,ITC,0.066542288557214,1,L,424.41209999999995,421.439175,7,-20.810474999999826,3.1371572147170497,-23.947632214716876,-60.1131541725608
2024-03-13,363.4,346.6,335.5,327.9,-0.04623004953219578,JIOFIN,0.04623004953219578,-1,S,335.33225000000004,328.06395,9,65.41470000000061,3.1729448388708006,62.24175516112981,226.5275707898662
2024-03-13,110.8,106.15,105.65,105.65,-0.04196750902527069,ADANIPOWER,0.04196750902527069,-1,S,105.59717500000001,105.702825,31,-3.275149999999911,3.4727791013,-6.747929101299912,-0.0
2024-03-14,1739.0,1857.0,1856.05,1897.05,0.06785508913168492,ADANIGREEN,0.06785508913168492,1,L,1856.978025,1896.1014750000002,1,39.123450000000275,1.994283910467,37.12916608953328,220.89922146493856
2024-03-14,950.0,1013.3,1050.0,1056.6,0.06663157894736838,ADANIENSOL,0.06663157894736838,1,L,1050.5249999999999,1056.0717,3,16.640100000000302,3.3527474365625998,13.287352563437702,62.85714285714228
2024-03-14,123.6,131.25,139.6,139.75,0.061893203883495174,IRFC,0.061893203883495174,1,L,139.66979999999998,139.680125,23,0.23747500000052923,3.4067537689101504,-3.169278768909621,10.744985673352137
2024-03-15,400.2,385.7,383.1,379.85,-0.036231884057971064,PFC,0.036231884057971064,-1,S,382.90845,380.039925,8,22.94820000000027,3.238804822662,19.70939517733827,84.83424693291552
2024-03-15,170.65,164.95,158.75,161.55,-0.03340169938470561,IOC,0.03340169938470561,-1,S,158.670625,161.630775,21,-62.16314999999997,3.5596367859444005,-65.72278678594438,-176.37795275590616
2024-03-15,304.0,292.55,290.65,293.75,-0.03766447368421044,BPCL,0.03766447368421044,-1,S,290.504675,293.89687499999997,11,-37.3141999999994,3.4044092967532995,-40.7186092967527,-106.65749182866114
2024-03-18,3125.0,3016.45,3099.95,3109.55,-0.0347360000000001,ADANIENT,0.0347360000000001,-1,S,3098.400025,3111.104775,1,-12.704749999999876,3.2910433695848,-15.995793369584677,-30.968241423250387
2024-03-18,998.5,1032.6,1071.3,1071.3,0.034151226840260396,LODHA,0.034151226840260396,1,L,1071.83565,1070.76435,3,-3.2139000000001943,3.4078331538,-6.621733153800195,0.0
2024-03-19,3250.0,3331.05,3225.9,3232.4,0.024938461538461576,INDIGO,0.024938461538461576,1,L,3227.51295,3230.7838,1,3.270850000000337,3.4247166460655,-0.15386664606516298,20.149415666945725
2024-03-19,161.25,156.0,156.05,154.9,-0.032558139534883734,IOC,0.032558139534883734,-1,S,155.97197500000001,154.97745,21,20.885025000000212,3.4646402189710503,17.420384781029163,73.69432874078873
2024-03-20,2707.0,2774.4,2785.2,2792.4,0.02489841152567429,CUMMINSIND,0.02489841152567429,1,L,2786.5925999999995,2791.0038000000004,1,4.4112000000009175,2.9578718607864003,1.4533281392145172,25.850926324861856
2024-03-21,506.05,528.3,525.5,542.4,0.043967987353028315,CGPOWER,0.043967987353028315,1,L,525.76275,542.1288,6,98.19629999999984,3.4081447829418,94.78815521705803,321.59847764034134
2024-03-21,361.5,382.4,384.9,388.15,0.057814661134163225,PFC,0.057814661134163225,1,L,385.09244999999993,387.955925,8,22.907800000000407,3.2816426394619995,19.626157360538407,84.4375162379829
2024-03-21,423.5,445.5,450.8,451.45,0.051948051948051965,RECLTD,0.051948051948051965,1,L,451.0254,451.22427500000003,7,1.3921250000003056,3.3489267869858494,-1.9568017869855439,14.41881100266107
2024-03-22,1600.0,1524.3,1564.5,1558.25,-0.04731249999999998,HCLTECH,0.04731249999999998,-1,S,1563.71775,1559.029125,2,9.377250000000004,3.3125546665875003,6.064695333412503,39.94886545222065
2024-03-22,250.5,241.6,244.65,243.3,-0.035528942115768514,WIPRO,0.035528942115768514,-1,S,244.52767500000002,243.42165,13,14.378325000000217,3.36498606011685,11.013338939883367,55.18087063151378
2024-03-26,1845.0,1904.45,1862.4,1862.3,0.03222222222222215,ADANIGREEN,0.03222222222222215,1,L,1863.3312,1861.36885,1,-1.962350000000015,1.9747169502113,-3.9370669502113147,-0.536941580756567
2024-03-26,276.25,268.65,270.0,270.05,-0.027511312217194606,POWERGRID,0.027511312217194606,-1,S,269.865,270.185025,12,-3.840299999999843,3.4357603416678,-7.276060341667643,-1.8518518518528815
2024-03-27,104.05,107.4,108.3,103.2,0.03219605958673721,ADANIPOWER,0.03219605958673721,1,L,108.35414999999999,103.14840000000001,30,-156.17249999999942,3.3471455572890005,-159.5196455572884,-470.91412742382266
2024-03-28,388.7,398.2,395.25,393.8,0.024440442500643256,TATAPOWER,0.024440442500643256,1,L,395.44762499999996,393.60310000000004,8,-14.756199999999353,3.3453784957108,-18.101578495710154,-36.68564199873492
2024-03-28,702.9,718.9,730.45,722.3,0.02276283966424808,BAJFINANCE,0.02276283966424808,1,L,730.815225,721.93885,4,-35.50550000000021,3.0772463236838004,-38.58274632368401,-111.57505647203858
2024-03-28,1585.0,1627.95,1663.45,1640.85,0.02709779179810723,BAJAJFINSV,0.02709779179810723,1,L,1664.281725,1640.029575,2,-48.50430000000006,3.4987280537076,-52.00302805370766,-135.86221407316245
2024-04-01,1024.0,1066.0,1099.1,1106.95,0.041015625,ADANIENSOL,0.041015625,1,L,1099.6495499999999,1106.396525,3,20.240925000000743,3.51133546023885,16.729589539761893,71.42207260485867
2024-04-01,1476.05,1568.85,1556.0,1563.0,0.06287049896683716,MUTHOOTFIN,0.06287049896683716,1,L,1556.778,1562.2185000000002,2,10.881000000000313,3.3087429864180002,7.572257013582313,44.987146529562594
2024-04-01,106.35,112.1,112.1,112.1,0.05406676069581562,ADANIPOWER,0.05406676069581562,1,L,112.15605,112.04395,29,-3.2508999999999446,3.4470658078,-6.697965807799944,0.0
2024-04-02,112.1,117.7,117.2,117.7,0.049955396966993915,ADANIPOWER,0.049955396966993915,1,L,117.2586,117.64115000000001,28,10.711400000000253,3.4885769896179997,7.222823010382253,42.6621160409546
2024-04-02,211.7,218.85,221.75,220.9,0.033774208786018,BEL,0.033774208786018,1,L,221.860875,220.78955000000002,15,-16.0698749999996,3.51880377744075,-19.58867877744035,-38.33145434047336
2024-04-02,107.51,110.23,112.4,112.77,0.025299972095619072,VEDL,0.025299972095619072,1,L,112.4562,112.713615,29,7.465035000000256,3.46315697336751,4.001878026632746,32.91814946619232
2024-04-03,1167.5,1122.1,1122.6,1112.5,-0.0388865096359744,LODHA,0.0388865096359744,-1,S,1122.0387,1113.0562499999999,2,17.964900000000398,2.3721870489174,15.592712951082998,89.96971316586388
2024-04-03,493.0,509.3,508.75,511.8,0.03306288032454363,SHRIRAMFIN,0.03306288032454363,1,L,509.004375,511.5441,6,15.238350000000196,3.2484042327321,11.989945767268097,59.95085995085914
2024-04-03,315.2,327.0,327.55,328.5,0.0374365482233503,HINDZINC,0.0374365482233503,1,L,327.713775,328.33575,10,6.219750000000204,3.4792293269265,2.7405206730737035,29.003205617461614
2024-04-04,123.55,127.05,128.15,127.85,0.028328611898017053,ADANIPOWER,0.028328611898017053,1,L,128.214075,127.786075,25,-10.700000000000287,3.3922713883474995,-14.092271388347786,-23.41006632852194
2024-04-04,111.56,114.51,115.71,115.35,0.026443169594836835,VEDL,0.026443169594836835,1,L,115.76785499999998,115.292325,28,-13.314839999999379,3.4289305876190395,-16.743770587618418,-31.112263417163444
2024-04-05,127.8,125.0,125.15,125.4,-0.021909233176838794,ADANIPOWER,0.021909233176838794,-1,S,125.08742500000001,125.4627,26,-9.757149999999683,3.4529796685345,-13.210129668534183,-19.976028765480436
2024-04-05,170.0,165.15,167.4,168.15,-0.028529411764705803,IOC,0.028529411764705803,-1,S,167.3163,168.234075,19,-17.437724999999574,3.3785149798102503,-20.816239979809826,-44.802867383513245
2024-04-05,300.2,291.3,294.0,295.25,-0.02964690206528975,BPCL,0.02964690206528975,-1,S,293.853,295.397625,11,-16.99087499999996,3.43492702455375,-20.42580202455371,-42.5170068027203
2024-04-08,160.0,155.65,155.1,155.05,-0.02718749999999992,UNIONBANK,0.02718749999999992,-1,S,155.02245,155.127525,21,-2.2065749999999866,3.4531984702813494,-5.659773470281336,3.223726627981094
2024-04-08,1159.7,1193.0,1188.75,1191.4,0.02871432266965601,LODHA,0.02871432266965601,1,L,1189.344375,1190.8043000000002,2,2.919850000000679,2.5243546062011,0.39549539379957865,22.292323869612662
2024-04-08,1209.0,1258.6,1242.7,1245.6,0.04102564102564088,GODREJCP,0.04102564102564088,1,L,1243.32135,1244.9772,2,3.311700000000201,2.6390854609445995,0.6726145390556013,23.336283897963384
2024-04-09,1475.5,1507.05,1495.4,1493.4,0.021382582175533793,INFY,0.021382582175533793,1,L,1496.1477,1492.6533000000002,2,-6.988799999999628,3.168711230052001,-10.157511230051629,-13.374348000535496
2024-04-09,200.7,204.1,204.3,204.05,0.016940707523667164,GAIL,0.016940707523667164,1,L,204.40215,203.947975,16,-7.266799999999876,3.4634863060520007,-10.730286306051877,-12.236906510034729
2024-04-10,1130.0,1161.8,1200.05,1199.05,0.028141592920353897,UNITDSPR,0.028141592920353897,1,L,1200.650025,1198.450475,2,-4.399099999999635,2.5436470224259997,-6.9427470224256345,-8.332986125577646
2024-04-10,126.41,135.19,135.43,135.32,0.06945653033778965,VEDL,0.06945653033778965,1,L,135.497715,135.25234,24,-5.888999999999896,3.44476145789832,-9.333761457898216,-8.122277191170424
2024-04-12,3006.25,3062.7,3055.65,3060.75,0.018777546777546616,CUMMINSIND,0.018777546777546616,1,L,3057.1778249999998,3059.219625,1,2.0418000000004213,3.2432975523236998,-1.2014975523232785,16.690393206026943
2024-04-12,883.5,865.0,867.25,865.2,-0.02093944538766268,JSWSTEEL,0.02093944538766268,-1,S,866.816375,865.6326,3,3.551324999999906,2.7561591164050503,0.7951658835948558,23.637936004611284
2024-04-15,431.1,408.8,408.45,405.85,-0.051728137323126866,HINDZINC,0.051728137323126866,-1,S,408.24577500000004,406.052925,8,17.54280000000017,3.4560284480496,14.08677155195057,63.655282164278844
2024-04-15,372.7,354.65,354.75,353.9,-0.04843037295411867,JIOFIN,0.04843037295411867,-1,S,354.572625,354.07694999999995,9,4.461075000000562,3.3821905842355497,1.0788844157650126,23.960535588443133
2024-04-15,145.5,138.35,139.9,140.1,-0.049140893470790425,IRFC,0.049140893470790425,-1,S,139.83005,140.17004999999997,23,-7.819999999999425,3.4137964595198,-11.233796459519224,-14.295925661185205
2024-04-16,1204.95,1160.35,1158.95,1160.0,-0.03701398398273803,LODHA,0.03701398398273803,-1,S,1158.370525,1160.58,2,-4.418949999999768,2.4586496376372997,-6.877599637637068,-9.0599249320511
2024-04-16,355.15,367.3,362.8,361.55,0.034210896804167445,JIOFIN,0.034210896804167445,1,L,362.9814,361.36922500000003,9,-14.509574999999813,3.4550297571712503,-17.964604757171063,-34.45424476295478
2024-04-16,1074.0,1109.0,1103.45,1104.5,0.03258845437616387,MAZDOCK,0.03258845437616387,1,L,1104.001725,1103.94775,3,-0.16192500000011023,3.5121188432440493,-3.6740438432441596,9.51561013185831
2024-04-18,362.7,377.25,378.1,378.2,0.04011579818031441,JIOFIN,0.04011579818031441,1,L,378.28905,378.0109,8,-2.225199999999859,3.2078344063096,-5.433034406309458,2.6448029621795044
2024-04-18,822.0,789.75,777.8,771.25,-0.03923357664233573,MAXHEALTH,0.03923357664233573,-1,S,777.4111,771.635625,4,23.101900000000114,3.2879206042394,19.813979395760715,84.21187966058064
2024-04-19,117.05,113.3,115.4,115.85,-0.03203759077317381,CANBK,0.03203759077317381,-1,S,115.34230000000001,115.90792499999999,28,-15.837499999999523,3.4314745654238004,-19.268974565423324,-38.99480069323946
2024-04-19,170.0,164.45,166.45,166.7,-0.03264705882352947,IOC,0.03264705882352947,-1,S,166.366775,166.78334999999998,20,-8.331499999999892,3.531980698564999,-11.86348069856489,-15.019525382997667
2024-04-19,296.5,285.6,292.75,293.25,-0.036762225969645845,BPCL,0.036762225969645845,-1,S,292.603625,293.396625,11,-8.722999999999445,3.4168787241215,-12.139878724120944,-17.07941929974366
2024-04-22,84.9,82.2,85.35,85.45,-0.03180212014134276,MOTHERSON,0.03180212014134276,-1,S,85.307325,85.492725,39,-7.230599999999498,3.5311470991407004,-10.761747099140198,-11.716461628588082
2024-04-22,398.0,416.75,411.0,408.7,0.04711055276381915,HINDZINC,0.04711055276381915,1,L,411.2055,408.49565,8,-21.678799999999683,3.4746302276792003,-25.153430227678882,-55.961070559611414
2024-04-23,1197.0,1232.15,1249.95,1230.0,0.029365079365079483,LODHA,0.029365079365079483,1,L,1250.574975,1229.385,2,-42.37995000000001,2.6252167209087,-45.005166720908704,-159.60638425537076
2024-04-23,1640.0,1594.9,1621.1,1615.0,-0.02749999999999997,MUTHOOTFIN,0.02749999999999997,-1,S,1620.28945,1615.8075,2,8.963900000000194,3.4327115118214007,5.531188488178794,37.628770587871955
2024-04-24,1172.0,1125.0,1115.7,1111.4,-0.04010238907849828,TATACONSUM,0.04010238907849828,-1,S,1115.1421500000001,1111.9557,2,6.3729000000003,2.3624313882282,4.010468611772099,38.540826387021276
2024-04-24,763.55,794.3,802.6,811.7,0.04027241176085394,MAXHEALTH,0.04027241176085394,1,L,803.0013,811.2941500000001,4,33.171400000000176,3.4274145310868,29.743985468913376,113.38151009220087
2024-04-24,1348.0,1379.8,1397.55,1398.2,0.023590504451038496,CIPLA,0.023590504451038496,1,L,1398.2487749999998,1397.5009000000002,2,-1.4957499999991342,2.9645938018530997,-4.460343801852234,4.650996386534878
2024-04-25,1148.45,1184.0,1206.5,1234.75,0.03095476511820272,MAZDOCK,0.03095476511820272,1,L,1207.10325,1234.132625,2,54.058750000000146,2.5947599286154994,51.46399007138464,234.14836303356833
2024-04-25,368.6,332.4,327.7,328.5,-0.09820944112859475,KOTAKBANK,0.09820944112859475,-1,S,327.53615,328.66425,10,-11.280999999999608,3.4781042229040002,-14.75910422290361,-24.412572474825645
2024-04-25,1065.0,1110.0,1125.0,1127.35,0.04225352112676051,AXISBANK,0.04225352112676051,1,L,1125.5625,1126.786325,2,2.447650000000067,2.3887770576689,0.05887294233116691,20.88888888888807
2024-04-26,729.6,680.05,672.25,673.2,-0.06791392543859653,BAJFINANCE,0.06791392543859653,-1,S,671.9138750000001,673.5366,4,-6.490899999999783,2.8528572952294,-9.343757295229183,-14.131647452584328
2024-04-26,1190.75,1343.4,1282.8,1277.8,0.12819651480159577,TECHM,0.12819651480159577,1,L,1283.4414,1277.1611,2,-12.560599999999795,2.7140143763299998,-15.274614376329794,-38.97723729342051
2024-04-29,799.9,775.5,834.3,838.5,-0.03050381297662208,MAXHEALTH,0.03050381297662208,-1,S,833.88285,838.9192499999999,3,-15.109199999999873,2.6592274868238,-17.768427486823672,-50.34160373966312
2024-04-29,1477.0,1393.0,1389.95,1388.35,-0.056872037914691975,HCLTECH,0.056872037914691975,-1,S,1389.2550250000002,1389.0441749999998,2,0.4217000000007829,2.9462993302384004,-2.5245993302376175,11.51120543904538
2024-04-30,2065.55,2150.0,2160.0,2156.55,0.040884994311442435,M&M,0.040884994311442435,1,L,2161.08,2155.4717250000003,1,-5.608274999999594,2.28813104468985,-7.896406044689444,-15.972222222221388
2024-04-30,2896.65,3076.65,2963.8,2941.7,0.06214074879602305,TRENT,0.06214074879602305,1,L,2965.2819,2940.22915,1,-25.052749999999833,3.1284996994973,-28.181249699497133,-74.56643498211845
2024-04-30,119.2,123.2,122.8,122.7,0.033557046979865834,ADANIPOWER,0.033557046979865834,1,L,122.86139999999999,122.63865000000001,27,-6.014249999999365,3.5139421893050997,-9.528192189304464,-8.143322475570036
2024-05-02,440.0,470.4,465.0,468.0,0.06909090909090909,PFC,0.06909090909090909,1,L,465.23249999999996,467.766,7,17.734500000000423,3.464851233627,14.269648766373423,64.51612903225711
2024-05-02,509.0,548.4,550.15,554.25,0.07740667976424365,RECLTD,0.07740667976424365,1,L,550.425075,553.972875,6,21.286800000000312,3.5158245926202003,17.770975407380114,74.52512951013458
2024-05-02,324.75,311.85,315.5,315.0,-0.039722863741339376,KOTAKBANK,0.039722863741339376,-1,S,315.34225000000004,315.15749999999997,10,1.8475000000006503,3.3432768294350006,-1.4957768294343503,15.847860538826808
2024-05-03,432.2,448.85,457.45,467.55,0.03852383155946337,HINDZINC,0.03852383155946337,1,L,457.678725,467.31622500000003,7,67.46250000000032,3.4406154815109,64.02188451848941,220.78915728495073
2024-05-03,688.1,736.7,694.0,693.15,0.0706292690015986,BAJFINANCE,0.0706292690015986,1,L,694.347,692.8034250000001,4,-6.1742999999996755,2.9413337119842,-9.115633711983875,-12.247838616714635
2024-05-03,1618.0,1687.65,1622.15,1628.35,0.04304697156983939,BAJAJFINSV,0.04304697156983939,1,L,1622.961075,1627.535825,2,9.149499999999989,3.4480023835987996,5.7014976164011895,38.22087969669763
2024-05-06,481.6,438.75,441.25,437.75,-0.08897425249169444,PFC,0.08897425249169444,-1,S,441.029375,437.96887499999997,7,21.42350000000033,3.2648306677315,18.15866933226883,79.32011331444721
2024-05-06,558.9,518.05,519.0,516.3,-0.07308999821077122,RECLTD,0.07308999821077122,-1,S,518.7405,516.55815,6,13.094100000000253,3.2950939229694,9.799006077030853,52.0231213872846
2024-05-06,136.05,129.2,127.35,127.1,-0.05034913634693139,PNB,0.05034913634693139,-1,S,127.286325,127.16354999999999,26,3.192150000000481,3.5081655614655,-0.31601556146501864,19.63093835885332
2024-05-07,1229.0,1319.7,1325.2,1322.5,0.07379983726606998,GODREJCP,0.07379983726606998,1,L,1325.8626,1321.8387500000001,2,-8.047699999999622,2.8068749450101995,-10.854574945009823,-20.3742831270759
2024-05-07,552.6,570.2,570.4,568.85,0.03184943901556281,CGPOWER,0.03184943901556281,1,L,570.6851999999999,568.5655750000001,5,-10.598124999999072,3.0191361133757497,-13.617261113374822,-27.173913043477825
2024-05-07,2257.0,2335.4,2388.55,2380.1,0.03473637571998234,HINDUNILVR,0.03473637571998234,1,L,2389.744275,2378.90995,1,-10.834324999999808,2.52727267935485,-13.361597679354658,-35.37711163676849
2024-05-08,1476.3,1407.15,1409.95,1407.0,-0.04684007315586258,PIDILITIND,0.04684007315586258,-1,S,1409.2450250000002,1407.7034999999998,2,3.0830500000006396,2.9875778327332996,0.09547216726733998,20.922727756303992
2024-05-08,506.6,534.2,533.5,533.0,0.054480852743782116,RECLTD,0.054480852743782116,1,L,533.76675,532.7335,6,-6.199499999999716,3.392235024339,-9.591735024338716,-9.372071227741197
2024-05-08,421.5,442.35,439.25,440.95,0.0494661921708186,PFC,0.0494661921708186,1,L,439.46962499999995,440.729525,7,8.81930000000051,3.267901444555299,5.5513985554452105,38.70233352305075
2024-05-09,1651.6,1577.2,1605.0,1597.45,-0.04504722693146035,MUTHOOTFIN,0.04504722693146035,-1,S,1604.1975,1598.248725,2,11.897550000000138,3.3973492346936993,8.500200765306438,47.04049844236779
2024-05-09,2022.45,2107.3,2069.45,2063.75,0.04195406561348869,TVSMOTOR,0.04195406561348869,1,L,2070.484725,2062.7181250000003,1,-7.766599999999471,2.1906772883441,-9.95727728834357,-27.543550218656065
2024-05-09,116.85,123.95,122.6,122.5,0.060761660248181526,ADANIPOWER,0.060761660248181526,1,L,122.66129999999998,122.43875000000001,27,-6.008849999999185,3.5082163425051,-9.517066342504286,-8.156606851549286
2024-05-10,458.0,477.1,513.1,518.1,0.04170305676855901,HINDZINC,0.04170305676855901,1,L,513.35655,517.84095,6,26.906400000000303,3.28356605781,23.622833942190304,97.44689144416397
2024-05-10,122.55,125.1,120.8,120.7,0.02080783353733162,ADANIPOWER,0.02080783353733162,1,L,120.86039999999998,120.63965,27,-5.9602499999994905,3.4566837213051,-9.416933721304591,-8.278145695364003
2024-05-10,296.5,304.7,308.3,308.9,0.02765598650927492,BPCL,0.02765598650927492,1,L,308.45414999999997,308.74555,10,2.914000000000101,3.272873821322,-0.35887382132189893,19.461563412259686
2024-05-13,142.0,133.25,138.0,135.9,-0.06161971830985913,UNIONBANK,0.06161971830985913,-1,S,137.931,135.96795,24,47.113200000000234,3.4906627239047996,43.622537276095436,152.17391304347737
2024-05-13,1047.0,966.7,962.45,960.5,-0.07669531996179557,TMPV,0.07669531996179557,-1,S,961.968775,960.98025,3,2.9655750000002854,3.05911892243895,-0.0935439224386645,20.26079276845616
2024-05-14,937.25,970.0,978.65,979.75,0.034942651373699674,JINDALSTEL,0.034942651373699674,1,L,979.1393249999999,979.260125,3,0.3624000000004344,3.1152227843271,-2.7528227843266655,11.239973432790595
2024-05-14,588.9,609.6,601.7,593.55,0.035150280183392946,VBL,0.035150280183392946,1,L,602.00085,593.253225,5,-43.738124999999854,3.1639627421047503,-46.902087742104605,-135.44955958118777
2024-05-14,1065.0,1109.0,1146.5,1162.8,0.04131455399061035,MAZDOCK,0.04131455399061035,1,L,1147.07325,1162.2186,2,30.290700000000015,2.4522251379161997,27.838474862083814,142.17182730047907
2024-05-15,134.0,138.95,138.7,138.9,0.0369402985074625,UNIONBANK,0.0369402985074625,1,L,138.76934999999997,138.83055000000002,24,1.4688000000010106,3.5327379978576,-2.0639379978565895,14.419610670513006
2024-05-15,421.8,437.7,439.05,436.55,0.03769559032716918,PFC,0.03769559032716918,1,L,439.269525,436.33172500000006,7,-20.564599999999473,3.2476037326775002,-23.812203732676974,-56.94112287894293
2024-05-16,437.0,448.95,454.25,454.7,0.027345537757436977,PFC,0.027345537757436977,1,L,454.477125,454.47265,7,-0.03132500000009486,3.37363817804405,-3.4049631780441447,9.90643918546974
2024-05-16,559.4,575.75,571.05,581.1,0.029227744011440793,HINDZINC,0.029227744011440793,1,L,571.335525,580.8094500000001,5,47.36962500000061,3.0596967663217507,44.30992823367886,175.99159443131285
2024-05-16,119.0,115.7,113.2,113.6,-0.027731092436974802,CANBK,0.027731092436974802,-1,S,113.14340000000001,113.65679999999999,29,-14.8885999999993,3.4857677765107993,-18.3743677765101,-35.33568904593665
2024-05-17,635.0,666.45,659.7,653.75,0.049527559055118076,CGPOWER,0.049527559055118076,1,L,660.02985,653.423125,5,-33.033624999999915,3.47850088686175,-36.51212588686167,-90.19251174776532
2024-05-17,2391.0,2538.0,2520.15,2517.9,0.06148055207026348,M&M,0.06148055207026348,1,L,2521.410075,2516.64105,1,-4.769024999999601,2.67078110305425,-7.439806103053851,-8.92803999761882
2024-05-21,619.7,643.7,738.1,743.6,0.03872841697595608,HINDZINC,0.03872841697595608,1,L,738.46905,743.2282,4,19.036599999999908,3.1446316503140004,15.891968349685907,74.51564828613976
2024-05-21,259.2,280.75,275.1,274.4,0.08314043209876543,BEL,0.08314043209876543,1,L,275.23755,274.26279999999997,12,-11.697000000000344,3.4950258009491995,-15.192025800949544,-25.445292620867033
2024-05-22,1237.1,1287.65,1308.4,1312.2,0.04086169266833739,LODHA,0.04086169266833739,1,L,1309.0542,1311.5439000000001,2,4.979400000000169,2.7795662303412008,2.199833769658968,29.043106083765924
2024-05-22,743.6,772.6,773.4,769.2,0.03899946207638516,HINDZINC,0.03899946207638516,1,L,773.7866999999999,768.8154000000001,4,-19.88519999999926,3.2695235922984,-23.154723592297657,-54.30566330488662
2024-05-22,490.5,504.4,500.8,501.65,0.028338430173292517,COALINDIA,0.028338430173292517,1,L,501.05039999999997,501.399175,6,2.092650000000276,3.1893791616236995,-1.0967291616234234,16.972843450477892
2024-05-23,1440.0,1551.25,1563.35,1551.65,0.07725694444444442,MAZDOCK,0.07725694444444442,1,L,1564.1316749999999,1550.8741750000002,2,-26.514999999999418,3.3003975336442,-29.81539753364362,-74.83928742763824
2024-05-23,1561.95,1474.3,1494.05,1495.8,-0.056115752744966274,SUNPHARMA,0.056115752744966274,-1,S,1493.302975,1496.5478999999998,2,-6.489849999999478,3.1698794565955,-9.659729456594977,-11.713128744017531
2024-05-23,176.0,184.85,186.3,185.6,0.05028409090909092,IRFC,0.05028409090909092,1,L,186.39315,185.5072,17,-15.061149999999657,3.3505942681446994,-18.411744268144357,-37.573805689748994
2024-05-24,1444.3,1407.7,1414.65,1415.8,-0.025340995638025277,ADANIPORTS,0.025340995638025277,-1,S,1413.9426750000002,1416.5078999999998,2,-5.1304499999992,3.0009926236599,-8.131442623659101,-8.129219241508334
2024-05-24,467.15,478.1,491.05,492.6,0.023440008562560344,PFC,0.023440008562560344,1,L,491.295525,492.35370000000006,6,6.349050000000375,3.1300367593490996,3.2190132406512753,31.56501374605547
2024-05-24,1098.0,1133.0,1109.85,1105.65,0.031876138433515555,ADANIENSOL,0.031876138433515555,1,L,1110.4049249999998,1105.097175,3,-15.923249999999143,3.5223988919237996,-19.445648891922943,-37.842951750234334
2024-05-27,2606.05,2735.0,2655.4,2655.2,0.049481015329713385,TORNTPHARM,0.049481015329713385,1,L,2656.7277,2653.8723999999997,1,-2.8553000000001703,2.8155041656225994,-5.670804165622769,-0.7531821947737161
2024-05-27,492.55,510.75,515.35,514.2,0.03695056339457925,PFC,0.03695056339457925,1,L,515.607675,513.9429000000001,6,-9.988649999999097,3.2742681475797,-13.262918147578798,-22.314931599882737
2024-05-28,1571.0,1524.75,1527.5,1519.35,-0.029439847231062966,MAZDOCK,0.029439847231062966,-1,S,1526.7362500000002,1520.109675,2,13.25315000000046,3.2324917013581,10.02065829864236,53.355155482815995
2024-05-28,704.0,732.75,717.4,717.2,0.04083806818181812,HINDZINC,0.04083806818181812,1,L,717.7587,716.8414000000001,4,-3.669199999999364,3.0422454784904,-6.711445478489765,-2.7878449958174123
2024-05-28,185.0,180.0,180.2,180.0,-0.027027027027026973,IRFC,0.027027027027026973,-1,S,180.1099,180.09,18,0.3582000000001244,3.437811741193199,-3.079611741193075,11.098779134294245
2024-05-29,1452.0,1424.2,1414.05,1413.35,-0.01914600550964185,SBILIFE,0.01914600550964185,-1,S,1413.342975,1414.0566749999998,2,-1.4273999999995794,2.9981645996418,-4.42556459964138,4.950320002828912
2024-05-29,1345.0,1308.5,1300.45,1296.55,-0.027137546468401497,LODHA,0.027137546468401497,-1,S,1299.7997750000002,1297.198275,2,5.203000000000429,2.7545641061186004,2.448435893881829,29.989618978046863
2024-05-29,1518.5,1558.15,1602.5,1676.55,0.026111294040171318,MAZDOCK,0.026111294040171318,1,L,1603.30125,1675.7117250000001,2,144.82095000000027,3.4931661718647007,141.32778382813558,462.090483619344
2024-05-30,135.65,140.9,139.6,139.6,0.03870254330998901,ADANIPOWER,0.03870254330998901,1,L,139.66979999999998,139.5302,23,-3.210799999999381,3.4045460935999996,-6.61534609359938,0.0
2024-05-30,630.0,650.45,650.5,647.9,0.03246031746031752,CGPOWER,0.03246031746031752,1,L,650.82525,647.57605,5,-16.245999999999867,3.440443578468999,-19.686443578468868,-39.96925441967725
2024-05-30,711.0,688.2,670.9,666.3,-0.03206751054852319,HINDZINC,0.03206751054852319,-1,S,670.56455,666.6331499999999,4,15.725600000000668,2.8377977667207994,12.887802233279869,68.56461469667674
2024-05-31,1329.0,1369.45,1355.0,1385.0,0.030436418359669037,LODHA,0.030436418359669037,1,L,1355.6775,1384.3075000000001,2,57.26000000000022,2.9119211732199997,54.34807882678022,221.40221402213945
2024-05-31,665.5,691.25,685.0,687.25,0.03869271224643134,HINDZINC,0.03869271224643134,1,L,685.3425,686.906375,4,6.255500000000211,2.9110962329829997,3.3444037670172113,32.84671532846728
2024-06-03,1119.95,1241.45,1226.0,1224.2,0.10848698602616191,ADANIENSOL,0.10848698602616191,1,L,1226.6129999999998,1223.5879000000002,2,-6.050199999999222,2.5976549228068,-8.647854922806022,-14.681892332789603
2024-06-03,1440.0,1581.1,1584.0,1585.0,0.09798611111111111,ADANIPORTS,0.09798611111111111,1,L,1584.792,1584.2075,2,-1.168999999999869,3.360443267773999,-4.529443267773868,6.313131313131493
2024-06-03,151.8,175.5,177.05,174.6,0.15612648221343872,ADANIPOWER,0.15612648221343872,1,L,177.13852500000002,174.5127,18,-47.264850000000365,3.3509840701832996,-50.615834070183666,-138.37898898616308
2024-06-04,1590.0,1446.65,1265.1,1255.75,-0.09015723270440246,ADANIPORTS,0.09015723270440246,-1,S,1264.4674499999999,1256.377875,2,16.179149999999936,2.6750151730868996,13.504134826913036,73.90720101177695
2024-06-04,605.45,550.0,464.25,453.45,-0.09158477165744494,RECLTD,0.09158477165744494,-1,S,464.017875,453.676725,7,72.38805000000019,3.4140614443571997,68.97398855564299,232.63327948303768
2024-06-04,3661.5,3280.75,2982.9,2974.8,-0.10398743684282397,ADANIENT,0.10398743684282397,-1,S,2981.40855,2976.2874,1,5.121149999999943,3.1594886192847,1.9616613807152432,27.154782258875798
2024-06-05,143.9,131.85,144.5,145.25,-0.08373870743571932,ADANIPOWER,0.08373870743571932,-1,S,144.42775,145.322625,23,-20.58212499999965,3.5312991599492496,-24.1134241599489,-51.9031141868509
2024-06-05,977.6,880.2,956.25,952.0,-0.0996317512274959,ADANIENSOL,0.0996317512274959,-1,S,955.771875,952.476,3,9.887625000000071,3.03649555205925,6.851129447940821,44.44444444444473
2024-06-05,630.0,578.35,627.95,629.5,-0.08198412698412694,CGPOWER,0.08198412698412694,-1,S,627.6360250000001,629.81475,5,-10.89362499999936,3.3324671743757506,-14.226092174375111,-24.683493908750354
2024-06-06,1304.0,1423.95,1382.55,1396.8,0.0919861963190185,LODHA,0.0919861963190185,1,L,1383.2412749999999,1396.1016,2,25.720650000000205,2.9501889819794997,22.770461018020704,103.07041336660605
2024-06-06,144.6,155.7,150.75,150.0,0.07676348547717837,ADANIPOWER,0.07676348547717837,1,L,150.82537499999998,149.925,22,-19.808249999999305,3.5060657958644996,-23.314315795863806,-49.7512437810943
2024-06-06,444.5,480.25,473.0,472.05,0.08042744656917877,PFC,0.08042744656917877,1,L,473.2365,471.813975,7,-9.957674999999654,3.506536987851449,-13.464211987851103,-20.08456659619462
2024-06-07,230.6,240.8,241.4,242.2,0.044232437120555135,WIPRO,0.044232437120555135,1,L,241.5207,242.0789,13,7.256599999999992,3.3342202856248,3.9223797143751917,33.14001657000798
2024-06-07,1384.0,1439.8,1424.75,1436.1,0.04031791907514437,LODHA,0.04031791907514437,1,L,1425.4623749999998,1435.38195,2,19.839150000000245,3.0359703926348995,16.803179607365344,79.66309878925992
2024-06-10,606.0,632.8,621.7,619.7,0.044224422442244116,VBL,0.044224422442244116,1,L,622.01085,619.3901500000001,5,-13.103499999999713,3.2896740481299993,-16.393174048129712,-32.169856844137534
2024-06-10,309.9,319.9,317.4,315.9,0.03226847370119401,POWERGRID,0.03226847370119401,1,L,317.5587,315.74205,10,-18.166499999999814,3.355926919695,-21.522426919694816,-47.2589792060496
2024-06-10,1436.6,1503.0,1475.1,1474.95,0.04622024223861909,LODHA,0.04622024223861909,1,L,1475.8375499999997,1474.2125250000001,2,-3.2500499999991916,3.1280289966339003,-6.378078996633092,-1.0168802115106956
2024-06-11,259.15,267.8,272.2,273.5,0.03337835230561459,ONGC,0.03337835230561459,1,L,272.3361,273.36325,12,12.325800000000072,3.4734836406371996,8.852316359362872,47.759000734755034
2024-06-11,670.85,693.0,704.0,696.15,0.03301781322203179,HINDZINC,0.03301781322203179,1,L,704.352,695.801925,4,-34.20029999999997,2.9658300271481997,-37.16613002714817,-111.50568181818255
2024-06-11,1558.1,1623.65,1605.5,1602.5,0.04207047044477252,MAZDOCK,0.04207047044477252,1,L,1606.3027499999998,1601.69875,2,-9.207999999999629,3.400918726678,-12.60891872667763,-18.685767673621847
2024-06-12,802.8,830.2,871.1,871.0,0.03413054309915298,MAXHEALTH,0.03413054309915298,1,L,871.53555,870.5645000000001,3,-2.913149999999632,2.7707997768338997,-5.683949776833532,-1.14797382619658
2024-06-12,213.9,218.5,217.52,216.8,0.021505376344086002,GAIL,0.021505376344086002,1,L,217.62876,216.69160000000002,15,-14.05739999999966,3.4527728940204003,-17.51017289402006,-33.100404560499896
2024-06-13,1356.25,1393.4,1436.0,1437.1,0.027391705069124583,CHOLAFIN,0.027391705069124583,1,L,1436.7179999999998,1436.38145,2,-0.673099999999522,3.0467100169513994,-3.7198100169509214,7.660167130918438
2024-06-13,1469.0,1528.35,1533.55,1539.9,0.04040163376446548,LODHA,0.04040163376446548,1,L,1534.3167749999998,1539.1300500000002,2,9.626550000000861,3.2603017529649003,6.366248247035961,41.40719246193525
2024-06-13,572.0,588.0,592.2,594.0,0.027972027972027913,HDFCLIFE,0.027972027972027913,1,L,592.4961000000001,593.7030000000001,5,6.034500000000094,3.145431814983,2.8890681850170936,30.395136778114118
2024-06-14,892.0,919.5,915.5,929.95,0.030829596412556004,MAXHEALTH,0.030829596412556004,1,L,915.9577499999999,929.4850250000001,3,40.581825000000435,2.9399692232014494,37.641855776798984,157.83724740578987
2024-06-18,1555.0,1631.0,1587.7,1590.3,0.04887459807073946,LODHA,0.04887459807073946,1,L,1588.49385,1589.50485,2,2.0219999999999345,3.3703374974124,-1.3483374974124653,16.37588965169634
2024-06-18,1931.5,2093.0,2066.45,2100.0,0.08361377168004136,MAZDOCK,0.08361377168004136,1,L,2067.4832249999995,2098.9500000000003,1,31.46677500000078,2.21261256840885,29.25416243159193,162.35573084275146
2024-06-19,1596.7,1550.6,1549.75,1547.25,-0.028872048600238065,LODHA,0.028872048600238065,-1,S,1548.9751250000002,1548.0236249999998,2,1.9030000000007021,3.284427848435,-1.381427848434298,16.131634134537443
2024-06-19,2084.0,1996.4,2000.95,1986.4,-0.04203454894433778,MAZDOCK,0.04203454894433778,-1,S,1999.9495250000002,1987.3932,1,12.556325000000243,2.11557397945585,10.440751020544393,72.71546015642505
2024-06-20,499.0,484.8,479.8,481.25,-0.02845691382765525,PFC,0.02845691382765525,-1,S,479.56010000000003,481.49062499999997,6,-11.583149999999591,3.056170343783099,-14.63932034378269,-30.220925385577857
2024-06-20,632.0,658.95,649.0,648.9,0.0426424050632912,HINDZINC,0.0426424050632912,1,L,649.3245,648.57555,5,-3.7447499999996126,3.4404898370564996,-7.185239837056113,-1.540832049307106
2024-06-20,349.0,357.05,353.85,353.3,0.023065902578796704,KOTAKBANK,0.023065902578796704,1,L,354.026925,353.12335,9,-8.132174999999904,3.3736506161593502,-11.505825616159255,-15.543309311855102
2024-06-21,1516.1,1555.4,1529.5,1532.4,0.025921772970120882,INFY,0.025921772970120882,1,L,1530.2647499999998,1531.6338,2,2.738100000000486,3.2472976321445994,-0.5091976321441134,18.960444589735115
2024-06-21,172.5,177.45,176.17,176.3,0.02869565217391301,IRFC,0.02869565217391301,1,L,176.25808499999997,176.21185000000003,18,-0.8322299999989013,3.36390548229558,-4.196135482294482,7.379235965261355
2024-06-24,215.0,209.15,212.4,212.87,-0.027209302325581386,GAIL,0.027209302325581386,-1,S,212.2938,212.97643499999998,15,-10.239524999999645,3.38121368659665,-13.620738686596296,-22.128060263653104
2024-06-24,1075.25,1049.75,1072.0,1070.5,-0.02371541501976282,JINDALSTEL,0.02371541501976282,-1,S,1071.4640000000002,1071.03525,3,1.2862500000007913,3.4081679094914996,-2.1219179094907084,13.992537313433084
2024-06-24,1590.0,1551.15,1557.1,1546.7,-0.024433962264150844,LODHA,0.024433962264150844,-1,S,1556.32145,1547.47335,2,17.696199999999862,3.2933719852495993,14.402828014750263,66.79082910538759
2024-06-25,1997.45,2040.0,2051.9,2059.3,0.021302160254324187,HDFCAMC,0.021302160254324187,1,L,2052.92595,2058.2703500000002,1,5.344400000000405,2.1804510533638,3.163948946636605,36.06413567912803
2024-06-26,169.22,164.7,166.66,165.31,-0.02671079068668014,VEDL,0.02671079068668014,-1,S,166.57667,165.392655,20,23.68030000000033,3.522980179348999,20.15731982065133,81.00324012960458
2024-06-26,202.6,197.4,197.5,197.05,-0.02566633761105619,ETERNAL,0.02566633761105619,-1,S,197.40125,197.148525,16,4.043599999999969,3.3476535799863996,0.6959464200135699,22.78481012658151
2024-06-26,1987.5,2079.5,2054.5,2041.95,0.04628930817610066,MAZDOCK,0.04628930817610066,1,L,2055.52725,2040.9290250000001,1,-14.598224999999957,2.17044182011815,-16.768666820118106,-61.08542224385505
2024-06-27,513.8,532.75,524.05,525.9,0.03688205527442601,RECLTD,0.03688205527442601,1,L,524.312025,525.63705,6,7.950150000000576,3.3411363059456995,4.609013694054877,35.30197500238641
2024-06-27,879.0,924.0,924.3,921.5,0.05119453924914685,MAXHEALTH,0.05119453924914685,1,L,924.7621499999999,921.03925,3,-11.168699999999603,2.9348471223491996,-14.103547122348804,-30.293194850156134
2024-06-28,119.2,124.5,123.71,123.15,0.04446308724832204,PNB,0.04446308724832204,1,L,123.77185499999999,123.08842500000002,26,-17.769179999999295,3.40123059960528,-21.170410599604576,-45.26715706086759
2024-06-28,376.6,386.3,381.0,377.65,0.02575677110993091,NTPC,0.02575677110993091,1,L,381.1905,377.461175,8,-29.834599999999682,3.2147729382284003,-33.04937293822808,-87.92650918635236
2024-07-01,379.5,370.35,368.7,370.0,-0.024110671936758865,NTPC,0.024110671936758865,-1,S,368.51565,370.185,9,-15.024150000000077,3.5234519611221007,-18.547601961122176,-35.25901817195587
2024-07-01,127.35,129.95,131.0,131.2,0.020416175893207544,MOTHERSON,0.020416175893207544,1,L,131.0655,131.1344,25,1.7225000000003376,3.475819579435,-1.7533195794346623,15.267175572517555
2024-07-02,954.55,928.3,912.15,913.05,-0.027499869048242642,MAXHEALTH,0.027499869048242642,-1,S,911.693925,913.5065249999999,3,-5.437799999999584,2.9027080434050996,-8.340508043404682,-9.866798223976403
2024-07-02,997.0,1023.35,1031.45,1024.0,0.026429287863590778,ADANIENSOL,0.026429287863590778,1,L,1031.965725,1023.488,3,-25.433174999999892,3.26676737112555,-28.69994237112544,-72.22841630714072
2024-07-03,502.5,527.25,528.6,531.35,0.04925373134328348,PFC,0.04925373134328348,1,L,528.8643,531.084325,6,13.320150000000467,3.3735391343355,9.946610865664967,52.024214907302465
2024-07-03,1073.0,1111.1,1093.1,1094.95,0.0355079217148182,ZYDUSLIFE,0.0355079217148182,1,L,1093.64655,1094.4025250000002,3,2.267925000000787,3.48073099827285,-1.2128059982720631,16.92434360991868
2024-07-03,539.3,561.0,559.3,562.75,0.04023734470610063,RECLTD,0.04023734470610063,1,L,559.5796499999999,562.468625,5,14.444875000000366,2.9762847795507494,11.468590220449617,61.68424816735296
2024-07-04,600.0,617.7,612.1,612.5,0.02950000000000008,INDHOTEL,0.02950000000000008,1,L,612.4060499999999,612.19375,5,-1.061499999999569,3.2464565027739996,-4.3079565027735685,6.5348799215803055
2024-07-04,2345.0,2478.35,2781.5,2804.0,0.056865671641791016,MAZDOCK,0.056865671641791016,1,L,2782.89075,2802.598,1,19.70724999999993,2.9637391554574997,16.74351084454243,80.89160524896721
2024-07-05,864.0,831.5,822.4,823.95,-0.0376157407407407,HDFCBANK,0.0376157407407407,-1,S,821.9888,824.361975,4,-9.49270000000024,3.490707747100599,-12.98340774710084,-18.847276264593038
2024-07-05,1139.45,1159.75,1165.0,1163.15,0.01781561279564703,ZYDUSLIFE,0.01781561279564703,1,L,1165.5825,1162.5684250000002,2,-6.028149999999641,2.4682292082181,-8.496379208217741,-15.879828326179624
2024-07-05,177.69,183.27,188.99,188.41,0.031403005233834325,IRFC,0.031403005233834325,1,L,189.084495,188.315795,17,-13.067899999999923,3.4003891158141792,-16.468289115814102,-30.68945446849103
2024-07-08,3272.5,3141.4,3152.7,3154.7,-0.040061115355232935,TITAN,0.040061115355232935,-1,S,3151.12365,3156.27735,1,-5.153699999999844,3.343781095626,-8.497481095625844,-6.3437688330636455
2024-07-08,273.9,265.6,262.6,262.5,-0.030303030303030165,BANKBARODA,0.030303030303030165,-1,S,262.4687,262.63124999999997,12,-1.9505999999994401,3.3408451870644003,-5.29144518706384,3.808073115004751
2024-07-08,188.0,202.73,203.9,201.99,0.07835106382978707,IRFC,0.07835106382978707,1,L,204.00195,201.88900500000003,16,-33.807119999999486,3.43970421689328,-37.24682421689277,-93.67336929867575
2024-07-09,139.55,147.0,145.4,144.6,0.05338588319598703,ADANIPOWER,0.05338588319598703,1,L,145.4727,144.5277,22,-20.78999999999985,3.3805596459887997,-24.17055964598865,-55.02063273727708
2024-07-09,639.4,656.0,647.1,644.8,0.025961839224272865,VBL,0.025961839224272865,1,L,647.42355,644.4775999999999,5,-14.729750000000195,3.4233776232995,-18.153127623299696,-35.54319270592021
2024-07-10,2915.05,2788.0,2730.15,2736.3,-0.04358415807619087,M&M,0.04358415807619087,-1,S,2728.7849250000004,2737.66815,1,-8.883224999999584,2.89747839339495,-11.780703393394534,-22.526234822262126
2024-07-10,196.98,203.36,203.85,203.77,0.03238907503299848,IRFC,0.03238907503299848,1,L,203.951925,203.66811500000003,16,-4.540959999999359,3.4575923876646404,-7.998552387663999,-3.9244542555794126
2024-07-11,665.0,680.05,676.6,679.7,0.022631578947368336,AMBUJACEM,0.022631578947368336,1,L,676.9383,679.3601500000001,4,9.687400000000252,2.8776444217988,6.809755578201452,45.817321903636184
2024-07-12,1474.0,1427.6,1396.0,1397.8,-0.03147896879240164,LODHA,0.03147896879240164,-1,S,1395.3020000000001,1398.4988999999998,2,-6.3937999999993735,2.9619884340067992,-9.355788434006172,-12.89398280802212
2024-07-12,174.4,169.05,167.05,167.01,-0.030676605504587173,IOC,0.030676605504587173,-1,S,166.96647500000003,167.093505,19,-2.4135699999992823,3.3651529594541203,-5.778722959453402,2.3944926668673094
2024-07-15,1560.2,1611.2,1572.05,1569.3,0.032688116908088816,HCLTECH,0.032688116908088816,1,L,1572.8360249999998,1568.5153500000001,2,-8.64134999999942,3.3303017998215,-11.97165179982092,-17.49308228109814
2024-07-15,216.5,222.61,218.65,216.65,0.028221709006928553,IRFC,0.028221709006928553,1,L,218.759325,216.54167500000003,15,-33.26474999999945,3.4584594978900003,-36.72320949788945,-91.47038646238227
2024-07-16,355.8,348.3,344.9,344.35,-0.021079258010118007,JIOFIN,0.021079258010118007,-1,S,344.72755,344.522175,9,1.8483750000000327,3.28932644344065,-1.4409514434406172,15.946651203245787
2024-07-16,229.21,223.7,218.39,218.0,-0.024039090790105244,ETERNAL,0.024039090790105244,-1,S,218.280805,218.10899999999998,15,2.577075000000093,3.4710617894389495,-0.8939867894388565,17.8579605293272
2024-07-16,1737.2,1786.95,1761.55,1760.75,0.028638038222426943,ADANIGREEN,0.028638038222426943,1,L,1762.4307749999998,1759.869625,1,-2.5611499999997704,1.8673335253903998,-4.42848352539017,-4.541454968635117
2024-07-18,212.5,205.07,206.8,205.98,-0.03496470588235301,IRFC,0.03496470588235301,-1,S,206.69660000000002,206.08298999999997,16,9.817760000000817,3.5029434877974395,6.314816512203377,39.65183752417944
2024-07-19,220.98,215.8,219.08,219.0,-0.023441035387817832,ETERNAL,0.023441035387817832,-1,S,218.97046000000003,219.1095,15,-2.085599999999488,3.4839913570644003,-5.569591357063889,3.651634106263124
2024-07-19,2593.5,2683.4,2597.5,2561.5,0.03466358203200315,MAZDOCK,0.03466358203200315,1,L,2598.79875,2560.21925,1,-38.579499999999825,2.731201733068,-41.31070173306782,-138.5948026948991
2024-07-19,1492.05,1455.25,1433.65,1444.7,-0.024664052813243464,LODHA,0.024664052813243464,-1,S,1432.9331750000001,1445.42235,2,-24.978349999999864,3.0496102546973,-28.027960254697163,-77.07599483834926
2024-07-22,1558.45,1515.55,1500.6,1500.0,-0.0275273508935161,RELIANCE,0.0275273508935161,-1,S,1499.8497,1500.75,2,-1.8006000000000313,3.1817938870643996,-4.982393887064431,3.998400639743105
2024-07-22,278.5,255.0,253.25,252.8,-0.08438061041292644,WIPRO,0.08438061041292644,-1,S,253.123375,252.9264,13,2.560675000000117,3.4884513982389493,-0.9277763982388323,17.769002961499638
2024-07-22,598.5,613.1,617.95,618.6,0.0243943191311613,RECLTD,0.0243943191311613,1,L,618.258975,618.2907,5,0.15862500000025648,3.2782713886327497,-3.119646388632493,10.518650376243333
2024-07-23,139.8,143.5,140.65,138.95,0.026466380543633594,ADANIPOWER,0.026466380543633594,1,L,140.720325,138.880525,23,-42.315399999999926,3.4051330327183,-45.72053303271822,-120.8674013508726
2024-07-23,1718.85,1775.9,1740.9,1718.3,0.03319079617185916,ADANIGREEN,0.03319079617185916,1,L,1741.77045,1717.44085,1,-24.329600000000028,1.8314875147537997,-26.161087514753827,-129.81791027629419
2024-07-23,168.55,161.03,163.37,162.45,-0.04461584099673688,VEDL,0.04461584099673688,-1,S,163.288315,162.53122499999998,20,15.141800000000671,3.4568254263208003,11.68497457367987,56.31388871885967
2024-07-24,2766.0,2690.05,2720.95,2715.0,-0.027458423716558156,HINDUNILVR,0.027458423716558156,-1,S,2719.589525,2716.3575,1,3.232024999999794,2.88263597002765,0.34938902997214427,21.86736250206711
2024-07-24,1334.7,1395.2,1387.85,1378.95,0.045328538248295525,UNITDSPR,0.045328538248295525,1,L,1388.543925,1378.2605250000001,2,-20.566799999999603,2.9318009646114,-23.498600964611004,-64.12796771985363
2024-07-24,3162.0,3032.35,3178.0,3148.45,-0.04100253004427579,TORNTPHARM,0.04100253004427579,-1,S,3176.411,3150.0242249999997,1,26.386775000000398,3.35734298886085,23.029432011139548,92.9830081812466
2024-07-25,1026.0,1054.0,1088.75,1089.65,0.02729044834308003,TMPV,0.02729044834308003,1,L,1089.294375,1089.1051750000001,3,-0.5675999999994019,3.4650698033949,-4.0326698033943025,8.266360505166936
2024-07-25,1242.55,1168.2,1170.7,1175.1,-0.059836626292704476,AXISBANK,0.059836626292704476,-1,S,1170.1146500000002,1175.6875499999999,2,-11.145799999999326,2.4863845965944003,-13.632184596593726,-37.584351242845315
2024-07-25,699.95,720.35,733.8,727.95,0.029144938924208885,CGPOWER,0.029144938924208885,1,L,734.1668999999999,727.5860250000001,4,-26.323499999999513,3.0973420406441994,-29.420842040643713,-79.72199509402978
2024-07-26,424.6,436.15,443.75,445.1,0.027202072538859978,TATAPOWER,0.027202072538859978,1,L,443.97187499999995,444.87745000000007,7,6.339025000000788,3.29973444813215,3.039290551868638,30.422535211267476
2024-07-26,927.55,956.75,947.7,948.25,0.03148078270713173,MAXHEALTH,0.03148078270713173,1,L,948.17385,947.775875,3,-1.193924999999922,3.01571418491355,-4.209639184913472,5.803524322043341
2024-07-29,828.0,862.5,870.0,870.4,0.04166666666666674,DLF,0.04166666666666674,1,L,870.435,869.9648000000001,3,-1.4105999999995902,2.7682605070644,-4.17886050706399,4.597701149424704
2024-07-29,1044.1,1079.05,1060.2,1051.6,0.03347380519107368,ADANIENSOL,0.03347380519107368,1,L,1060.7301,1051.0742,3,-28.967699999999923,3.3560141933154,-32.323714193315325,-81.1167704206761
2024-07-29,119.75,127.2,127.35,126.98,0.062212943632567796,PNB,0.062212943632567796,1,L,127.41367499999998,126.91651000000002,26,-12.926289999999142,3.50474250156706,-16.4310325015662,-29.053788771102873
2024-07-30,394.3,408.55,408.8,407.25,0.03613999492771991,NTPC,0.03613999492771991,1,L,409.0044,407.046375,8,-15.66419999999971,3.4598076438012,-19.12400764380091,-37.915851272015686
2024-07-30,342.85,355.6,353.05,349.75,0.03718827475572417,POWERGRID,0.03718827475572417,1,L,353.226525,349.575125,9,-32.8625999999997,3.3501784830561,-36.2127784830558,-93.4711797195864
2024-07-30,2671.95,2760.35,2703.35,2686.0,0.033084451430603234,MAZDOCK,0.033084451430603234,1,L,2704.701675,2684.657,1,-20.044674999999643,2.8553731785605496,-22.90004817856019,-64.17962897885876
2024-07-31,233.49,244.8,239.24,241.18,0.04843890530643713,GAIL,0.04843890530643713,1,L,239.35962,241.05941,13,22.097270000000094,3.31392928751014,18.783340712489952,81.0901187092461
2024-07-31,630.4,642.4,632.7,630.7,0.019035532994923887,VBL,0.019035532994923887,1,L,633.01635,630.3846500000001,5,-13.158499999999549,3.34799285813,-16.506492858129548,-31.610557926347038
2024-07-31,406.65,414.75,415.15,416.2,0.01991884913316122,NTPC,0.01991884913316122,1,L,415.35757499999994,415.9919,8,5.074600000000373,3.5269830598507994,1.5476169401495738,25.292063109718654
2024-08-01,1133.5,1187.9,1277.2,1274.45,0.04799294221438033,ADANIENSOL,0.04799294221438033,1,L,1277.8386,1273.812775,2,-8.051649999999881,2.7050181224214995,-10.756668122421381,-21.53147510178477
2024-08-01,522.45,536.25,539.2,541.55,0.026414010910134955,COALINDIA,0.026414010910134955,1,L,539.4696,541.279225,6,10.857749999999896,3.4394411114066994,7.418308888593197,43.583086053411435
2024-08-01,1310.0,1281.95,1272.5,1272.15,-0.021412213740457986,LODHA,0.021412213740457986,-1,S,1271.86375,1272.786075,2,-1.8446500000000015,2.6982760847209,-4.542926084720902,2.750491159134727
2024-08-02,237.99,257.0,264.27,262.24,0.07987730576914998,ETERNAL,0.07987730576914998,1,L,264.402135,262.10888,12,-27.519059999999854,3.347010856672679,-30.866070856672533,-76.8153782116765
2024-08-02,1143.0,1105.9,1095.6,1098.65,-0.03245844269466314,TMPV,0.03245844269466314,-1,S,1095.0521999999999,1099.199325,3,-12.441375000000562,3.48897907603395,-15.930354076034511,-27.83862723621855
2024-08-05,647.3,621.05,616.95,614.05,-0.040553066584273156,HINDALCO,0.040553066584273156,-1,S,616.6415250000001,614.3570249999999,5,11.422500000001037,3.2647936608614994,8.157706339139537,47.00542993759771
2024-08-05,1095.0,1050.75,1023.5,1015.45,-0.04041095890410962,TMPV,0.04041095890410962,-1,S,1022.9882500000001,1015.957725,3,21.091575000000375,3.24562657887105,17.845948421129325,78.65168539325839
2024-08-05,128.75,120.5,117.15,116.65,-0.06407766990291264,MOTHERSON,0.06407766990291264,-1,S,117.09142500000002,116.708325,28,10.726800000000367,3.4722477228179995,7.254552277182367,42.68032437046543
2024-08-06,1164.6,1126.15,1116.85,1118.85,-0.033015627683324555,ADANIENSOL,0.033015627683324555,-1,S,1116.291575,1119.4094249999998,2,-6.235699999999724,2.370167669852,-8.605867669851724,-17.90750772261207
2024-08-06,117.9,121.85,117.45,116.65,0.03350296861747237,MOTHERSON,0.03350296861747237,1,L,117.508725,116.59167500000001,28,-25.677399999999693,3.4727068093312,-29.150106809330893,-68.1140911025968
2024-08-06,807.8,837.35,821.9,818.3,0.03658083684080227,DLF,0.03658083684080227,1,L,822.3109499999999,817.89085,4,-17.680399999999736,3.4767657144272,-21.157165714426934,-43.80094902056264
2024-08-07,568.0,588.95,588.45,589.85,0.0368838028169014,RECLTD,0.0368838028169014,1,L,588.744225,589.5550750000001,5,4.054250000000366,3.124270590709,0.9299794092913656,23.791316169596843
2024-08-07,307.2,325.3,328.0,328.3,0.05891927083333348,ONGC,0.05891927083333348,1,L,328.164,328.13585,10,-0.28149999999982356,3.4798414776610005,-3.761341477660824,9.146341463415197
2024-08-07,476.65,496.0,490.2,491.45,0.04059582502884718,PFC,0.04059582502884718,1,L,490.44509999999997,491.204275,6,4.555050000000165,3.1234771845525,1.431572815447665,25.499796001631214
2024-08-08,1494.1,1440.0,1474.05,1463.5,-0.03620908908372933,GODREJCP,0.03620908908372933,-1,S,1473.312975,1464.23175,2,18.162450000000263,3.1171230482156997,15.045326951784563,71.57152064041216
2024-08-08,1577.2,1633.9,1587.0,1585.1,0.035949784428100484,PIDILITIND,0.035949784428100484,1,L,1587.7935,1584.30745,2,-6.972099999999955,3.3630938656294,-10.335193865629355,-11.972274732199306
2024-08-09,2445.0,2552.05,2465.0,2456.15,0.04378323108384463,MAZDOCK,0.04378323108384463,1,L,2466.2325,2454.921925,1,-11.310574999999972,2.60807986290005,-13.918654862900022,-35.90263691683582
2024-08-09,1187.0,1234.25,1247.55,1246.6,0.03980623420387541,LODHA,0.03980623420387541,1,L,1248.173775,1245.9767,2,-4.3941500000000815,2.6444435030147,-7.0385935030147815,-7.614925253497384
2024-08-12,1242.0,1303.85,1295.9,1300.0,0.04979871175523343,LODHA,0.04979871175523343,1,L,1296.5479500000001,1299.3500000000001,2,5.604100000000017,2.7534416238734,2.8506583761266167,31.63824369164292
2024-08-12,138.4,132.95,138.0,138.3,-0.03937861271676313,ADANIPOWER,0.03937861271676313,-1,S,137.931,138.36915,24,-10.515599999999495,3.5148798440136,-14.030479844013094,-21.739130434783593
2024-08-12,3186.5,3065.55,3159.1,3153.0,-0.03795700611956687,ADANIENT,0.03795700611956687,-1,S,3157.52045,3154.5764999999997,1,2.9439500000003136,3.3471617519106998,-0.40321175191038616,19.309296951662837
2024-08-13,184.0,188.59,183.3,181.1,0.02494565217391309,IRFC,0.02494565217391309,1,L,183.39165,181.00945000000002,18,-42.8795999999997,3.4731521216748007,-46.3527521216745,-120.02182214948309
2024-08-13,1064.8,1120.7,1079.55,1072.0,0.052498121712997836,ADANIENSOL,0.052498121712997836,1,L,1080.089775,1071.4640000000002,3,-25.877324999999246,3.4195827499594498,-29.296907749958695,-69.93654763558843
2024-08-13,830.4,810.6,803.3,801.35,-0.023843930635838118,HDFCBANK,0.023843930635838118,-1,S,802.89835,801.750675,4,4.590700000000197,3.4038115127186006,1.1868884872815966,24.274866177018684
2024-08-14,586.0,568.85,582.85,573.0,-0.029266211604095482,HINDZINC,0.029266211604095482,-1,S,582.558575,573.2864999999999,5,46.36037500000043,3.0693951949347498,43.29097980506568,168.99716908295503
2024-08-14,1852.6,1812.0,1816.15,1816.1,-0.02191514628090252,MUTHOOTFIN,0.02191514628090252,-1,S,1815.2419250000003,1817.00805,1,-1.7661249999996471,1.92571910149435,-3.691844101493997,0.2753076563066781
2024-08-16,2749.45,2831.8,2828.95,2842.1,0.02995144483442158,M&M,0.02995144483442158,1,L,2830.364475,2840.67895,1,10.31447500000013,3.0080692633140496,7.30640573668608,46.4836776896016
2024-08-16,821.25,856.4,873.75,869.9,0.04280060882800596,DLF,0.04280060882800596,1,L,874.186875,869.46505,3,-14.165474999999901,2.7720305545051502,-16.93750555450505,-44.06294706723934
2024-08-16,576.0,538.0,523.4,518.5,-0.06597222222222221,HINDZINC,0.06597222222222221,-1,S,523.1383,518.75925,6,26.27430000000004,3.3175371950777994,22.95676280492224,93.61864730607516
2024-08-19,594.0,610.5,614.6,614.8,0.02777777777777768,SHRIRAMFIN,0.02777777777777768,1,L,614.9073,614.4926,5,-2.073499999999626,3.2590708718869994,-5.332570871886626,3.254149040023968
2024-08-19,518.0,493.8,497.95,496.0,-0.04671814671814667,HINDZINC,0.04671814671814667,-1,S,497.701025,496.248,6,8.71815000000015,3.1630646908778997,5.555085309122251,39.160558288984234
2024-08-19,107.65,110.67,109.67,110.08,0.02805387830933581,CANBK,0.02805387830933581,1,L,109.724835,110.02496000000001,30,9.003750000000252,3.4965020566101,5.507247943390152,37.38488191848299
2024-08-20,2362.45,2242.95,2160.5,2151.9,-0.050583081123410034,MAZDOCK,0.050583081123410034,-1,S,2159.41975,2152.97595,1,6.44380000000001,2.2872531404282,4.15654685957181,39.805600555427034
2024-08-20,1672.75,1700.9,1753.75,1761.65,0.016828575698699888,SBILIFE,0.016828575698699888,1,L,1754.626875,1760.7691750000001,1,6.142300000000205,1.8646300390073003,4.277669960992904,45.046329294369244
2024-08-20,343.6,352.0,350.9,349.85,0.024447031431897415,BPCL,0.024447031431897415,1,L,351.07544999999993,349.67507500000005,9,-12.603374999998948,3.34261895956785,-15.945993959566799,-29.923055001424004
2024-08-21,2148.0,2260.3,2292.0,2274.0,0.052281191806331506,MAZDOCK,0.052281191806331506,1,L,2293.1459999999997,2272.8630000000003,1,-20.282999999999447,2.4187855580339996,-22.701785558033446,-78.53403141361292
2024-08-21,1874.0,1931.6,1914.05,1917.7,0.03073639274279616,MUTHOOTFIN,0.03073639274279616,1,L,1915.0070249999999,1916.74115,1,1.7341250000001764,2.03188326158755,-0.2977582615873735,19.069512290692536
2024-08-22,619.2,633.65,635.85,637.6,0.02333656330749334,VBL,0.02333656330749334,1,L,636.167925,637.2812,5,5.566375000000221,3.3766914800112495,2.1896835199889715,27.52221435873281
2024-08-22,2689.9,2744.9,2753.2,2759.4,0.020446856760474308,GRASIM,0.020446856760474308,1,L,2754.5766,2758.0203,1,3.4437000000002627,2.9233010108994,0.5203989891008627,22.519250326893392
2024-08-23,181.2,186.05,183.68,183.66,0.02676600441501109,IRFC,0.02676600441501109,1,L,183.77184,183.56817,18,-3.6660599999997885,3.5055147679606793,-7.171574767960468,-1.0888501742167822
2024-08-23,257.85,265.35,262.85,262.32,0.02908667830133793,ETERNAL,0.02908667830133793,1,L,262.981425,262.18884,12,-9.51101999999969,3.34046093495868,-12.851480934958369,-20.163591401941574
2024-08-23,2704.55,2793.95,2782.0,2767.0,0.03305540662956852,TVSMOTOR,0.03305540662956852,1,L,2783.3909999999996,2765.6165,1,-17.774499999999534,2.940272855695,-20.714772855694534,-53.9180445722498
2024-08-26,318.6,325.95,328.45,327.8,0.02306967984934083,ONGC,0.02306967984934083,1,L,328.614225,327.63610000000006,10,-9.781249999999204,3.4785339107345004,-13.259783910733704,-19.7899223626119
2024-08-26,1182.0,1128.0,1112.4,1108.0,-0.045685279187817285,ZYDUSLIFE,0.045685279187817285,-1,S,1111.8438,1108.5539999999999,2,6.579600000000482,2.3553490438056,4.224250956194883,39.55411722402103
2024-08-27,1217.0,1242.0,1236.95,1240.5,0.020542317173377178,LODHA,0.020542317173377178,1,L,1237.568475,1239.87975,2,4.622550000000047,2.6277234055977,1.9948265944023467,28.699624075345653
2024-08-27,350.75,345.0,348.85,349.4,-0.016393442622950838,BPCL,0.016393442622950838,-1,S,348.67557500000004,349.57469999999995,9,-8.092124999999214,3.33118391905935,-11.423308919058565,-15.76608857675188
2024-08-28,532.45,512.6,511.3,511.4,-0.03728049582120396,HINDZINC,0.03728049582120396,-1,S,511.04435000000007,511.65569999999997,6,-3.668099999999413,3.253169449267799,-6.921269449267212,-1.9557989438689916
2024-08-29,618.0,631.65,619.9,625.35,0.0220873786407767,RECLTD,0.0220873786407767,1,L,620.2099499999999,625.037325,5,24.136875000000373,3.3039674644207504,20.832907535579622,87.91740603323106
2024-08-29,511.4,498.8,494.4,496.3,-0.024638247946812575,HINDZINC,0.024638247946812575,-1,S,494.1528,496.54814999999996,6,-14.372099999999705,3.1501914804882003,-17.522291480487905,-38.430420711974556
2024-08-30,356.5,362.1,358.1,358.7,0.015708274894810748,BPCL,0.015708274894810748,1,L,358.27905,358.52065,9,2.1744000000000483,3.4208317235897994,-1.246431723589751,16.755096341802833
2024-08-30,1458.0,1432.4,1458.75,1457.0,-0.017558299039780456,CHOLAFIN,0.017558299039780456,-1,S,1458.020625,1457.7285,2,0.5842500000003383,3.0920762586045,-2.5078262586041618,11.996572407882988
2024-08-30,173.49,176.3,174.95,175.34,0.01619689895671228,VEDL,0.01619689895671228,1,L,175.03747499999997,175.25233,19,4.08224500000054,3.52937152772267,0.5528734722778705,22.2920834524154
2024-09-02,1830.0,1873.7,1934.1,1943.75,0.023879781420764967,ADANIGREEN,0.023879781420764967,1,L,1935.0670499999999,1942.778125,1,7.711075000000164,2.05698255400955,5.654092445990615,49.89400754873196
2024-09-02,862.0,880.95,880.95,883.0,0.021983758700696132,MAXHEALTH,0.021983758700696132,1,L,881.390475,882.5585000000001,3,3.504075000000171,2.8062602759050503,0.6978147240951205,23.270333163061263
2024-09-03,2098.5,2169.0,2230.65,2221.0,0.03359542530378845,MAZDOCK,0.03359542530378845,1,L,2231.765325,2219.8895,1,-11.875824999999622,2.35907679049045,-14.234901790490072,-43.26093291193156
2024-09-04,3150.1,3225.7,3228.45,3234.55,0.023999238119424726,ASIANPAINT,0.023999238119424726,1,L,3230.0642249999996,3232.9327250000006,1,2.8685000000009495,3.4271645558107,-0.5586645558097505,18.894515944185564
2024-09-04,111.45,109.0,108.25,108.62,-0.021982951996410982,CANBK,0.021982951996410982,-1,S,108.195875,108.67431,30,-14.353050000000138,3.4481274858543003,-17.80117748585444,-34.180138568129514
2024-09-05,1488.1,1537.1,1535.6,1533.35,0.0329278946307372,CHOLAFIN,0.0329278946307372,1,L,1536.3677999999998,1532.583325,2,-7.568949999999404,3.2536427739084997,-10.822592773907903,-14.652253190935438
2024-09-05,243.75,255.3,255.25,254.8,0.04738461538461536,ETERNAL,0.04738461538461536,1,L,255.377625,254.67260000000002,13,-9.165324999999712,3.5147363920610504,-12.680061392060761,-17.6297747306553
2024-09-05,878.7,896.15,895.2,884.65,0.01985888243996814,MAXHEALTH,0.01985888243996814,1,L,895.6476,884.207675,3,-34.31977500000005,2.8274014538764503,-37.1471764538765,-117.85075960679237
2024-09-06,723.5,736.75,727.4,730.8,0.018313752591568866,BAJFINANCE,0.018313752591568866,1,L,727.7637,730.4346,4,10.683600000000297,3.0938738032632,7.589726196737097,46.74182018146844
2024-09-06,290.55,285.85,282.3,283.5,-0.016176217518499403,BEL,0.016176217518499403,-1,S,282.15885000000003,283.64175,11,-16.311899999999696,3.2982297692916003,-19.610129769291298,-42.507970244420875
2024-09-09,308.6,297.75,297.55,299.4,-0.03515878159429686,ONGC,0.03515878159429686,-1,S,297.401225,299.5497,11,-23.633224999999584,3.4791082579995503,-27.112333257999133,-62.17442446647459
2024-09-09,607.0,591.45,585.35,590.6,-0.02561779242174622,RECLTD,0.02561779242174622,-1,S,585.0573250000001,590.8953,5,-29.189874999999574,3.1143923964662505,-32.304267396465825,-89.68992910224571
2024-09-09,545.1,528.5,520.6,524.65,-0.030453127866446605,PFC,0.030453127866446605,-1,S,520.3397000000001,524.9123249999999,6,-27.435749999998734,3.3223008687459004,-30.758050868744633,-77.79485209373772
2024-09-10,878.4,899.4,888.95,878.0,0.02390710382513661,MAXHEALTH,0.02390710382513661,1,L,889.3944749999999,877.561,3,-35.50042499999972,2.8067521543120497,-38.30717715431177,-123.17903144158926
2024-09-10,172.46,165.09,164.64,164.71,-0.04273454714136615,VEDL,0.04273454714136615,-1,S,164.55768,164.792355,20,-4.693499999999631,3.4920827481582,-8.185582748157831,-4.251700680273363
2024-09-11,126.65,123.5,122.25,122.4,-0.024871693643900517,MOTHERSON,0.024871693643900517,-1,S,122.18887500000001,122.4612,27,-7.352774999999866,3.5016266227576502,-10.854401622757516,-12.269938650306678
2024-09-11,1035.0,992.8,976.65,976.4,-0.0407729468599034,TMPV,0.0407729468599034,-1,S,976.1616750000001,976.8881999999999,3,-2.1795749999994314,3.1064337158152497,-5.286008715814681,2.5597706445501522
2024-09-11,267.1,278.05,274.1,271.5,0.04099588169224999,ETERNAL,0.04099588169224999,1,L,274.23705,271.36425,12,-34.473599999999806,3.4677118427256,-37.941311842725405,-94.85589201021605
2024-09-12,1525.5,1553.45,1568.75,1576.35,0.01832186168469363,CHOLAFIN,0.01832186168469363,1,L,1569.534375,1575.561825,2,12.054900000000089,3.3365495944824,8.71835040551769,48.446215139441584
2024-09-12,629.1,658.0,650.0,645.05,0.045938642505165994,VBL,0.045938642505165994,1,L,650.3249999999999,644.727475,5,-27.987624999999525,3.43027382929675,-31.417898829296277,-76.1538461538469
2024-09-13,126.15,123.0,126.65,126.7,-0.024970273483947758,MOTHERSON,0.024970273483947758,-1,S,126.58667500000001,126.76335,26,-4.593549999999709,3.4921467387468996,-8.08569673874661,-3.9478878799847905
2024-09-13,264.25,269.5,274.9,275.4,0.019867549668874274,WIPRO,0.019867549668874274,1,L,275.03745,275.2623,12,2.6982000000000426,3.5016956249219993,-0.8034956249219567,18.188432157149048
2024-09-13,1190.6,1218.9,1222.35,1227.7,0.023769527969091264,LODHA,0.023769527969091264,1,L,1222.961175,1227.08615,2,8.249950000000354,2.5990650803908992,5.650884919609455,43.7681515114341
2024-09-16,126.8,135.05,133.5,133.55,0.06506309148264999,ADANIPOWER,0.06506309148264999,1,L,133.56674999999998,133.48322500000003,24,-2.0045999999988453,3.398103655064401,-5.402703655063246,3.745318352059712
2024-09-16,120.15,125.88,123.34,123.09,0.04769038701622952,UNIONBANK,0.04769038701622952,1,L,123.40167,123.02845500000001,27,-10.076804999999666,3.5268103568227502,-13.603615356822417,-20.269174639209186
2024-09-16,1787.0,1887.5,1927.4,1930.9,0.05623950755456075,ADANIGREEN,0.05623950755456075,1,L,1928.3636999999999,1929.9345500000002,1,1.5708500000002914,2.0459428414045,-0.4750928414042086,18.159178167480583
2024-09-17,133.6,130.95,133.6,133.25,-0.019835329341317376,ADANIPOWER,0.019835329341317376,-1,S,133.5332,133.316625,24,5.197800000000143,3.3963489254508,1.8014510745493428,26.197604790418882
2024-09-17,1275.0,1246.8,1274.85,1282.95,-0.022117647058823575,LODHA,0.022117647058823575,-1,S,1274.212575,1283.591475,2,-18.75779999999986,2.7103650624305993,-21.46816506243046,-63.53688669255231
2024-09-17,988.45,966.4,978.95,974.5,-0.022307653396732352,TMPV,0.022307653396732352,-1,S,978.4605250000001,974.9872499999999,3,10.419825000000515,3.10845258059145,7.311372419409064,45.45686705143326
2024-09-18,1652.95,1608.9,1597.15,1606.45,-0.026649323935993174,TECHM,0.026649323935993174,-1,S,1596.3514250000003,1607.253225,2,-21.80359999999928,3.3948705623018,-25.19847056230108,-58.22871990733391
2024-09-18,484.15,495.95,490.15,492.25,0.02437261179386563,PFC,0.02437261179386563,1,L,490.39507499999996,492.00387500000005,6,9.652800000000525,3.1264226019762,6.526377398024325,42.84402733857107
2024-09-19,158.9,155.62,154.94,155.59,-0.020641913152926405,IRFC,0.020641913152926405,-1,S,154.86253,155.66779499999998,21,-16.91056499999982,3.4558161320224494,-20.36638113202227,-41.95172324770846
2024-09-19,413.8,429.9,423.3,424.5,0.03890768487191876,NTPC,0.03890768487191876,1,L,423.51165,424.28775,7,5.432700000000295,3.1472745896508,2.2854254103494953,28.348688873138794
2024-09-19,2014.0,2057.0,2035.05,2034.35,0.021350546176762686,MUTHOOTFIN,0.021350546176762686,1,L,2036.067525,2033.332825,1,-2.7346999999999753,2.1574010529790995,-4.892101052979075,-3.4397189258250638
2024-09-20,2035.0,1962.8,1990.0,1988.7,-0.03547911547911553,MUTHOOTFIN,0.03547911547911553,-1,S,1989.005,1989.69435,1,-0.6893499999998767,2.1095340130531,-2.7988840130529766,6.532663316582976
2024-09-20,278.55,287.7,288.2,290.15,0.03284868066774349,ETERNAL,0.03284868066774349,1,L,288.34409999999997,290.004925,11,18.269075000000498,3.37522218967615,14.893852810324349,67.66134628729992
2024-09-20,1302.0,1349.95,1370.0,1384.2,0.036827956989247346,LODHA,0.036827956989247346,1,L,1370.685,1383.5079,2,25.645800000000236,2.9235104071907996,22.722289592809435,103.64963503649571
2024-09-23,135.2,139.15,138.0,138.25,0.029215976331361082,MOTHERSON,0.029215976331361082,1,L,138.069,138.18087500000001,24,2.6850000000006276,3.515692139322,-0.8306921393213726,18.115942028984477
2024-09-23,443.7,454.65,453.45,454.65,0.024678837052062086,TATAPOWER,0.024678837052062086,1,L,453.676725,454.422675,7,5.221650000000352,3.3710597687508,1.850590231249552,26.463777704266445
2024-09-23,1085.75,1038.15,1036.9,1058.7,-0.043840663136080926,MAXHEALTH,0.043840663136080926,-1,S,1036.38155,1059.22935,3,-68.54340000000002,3.3259023811901995,-71.86930238119022,-210.24206770180243
2024-09-24,1024.0,1051.0,1054.8,1050.8,0.0263671875,ADANIENSOL,0.0263671875,1,L,1055.3274,1050.2746,3,-15.158399999999801,3.3476673541559996,-18.5060673541558,-37.92188092529347
2024-09-24,153.9,157.68,160.66,160.46,0.024561403508772006,TATASTEEL,0.024561403508772006,1,L,160.74033,160.37977,20,-7.211199999999849,3.404531290852,-10.615731290851848,-12.4486493215481
2024-09-24,1050.0,1099.0,1041.45,1025.9,0.046666666666666634,MAXHEALTH,0.046666666666666634,1,L,1041.970725,1025.38705,3,-49.75102499999957,3.283027918071449,-53.03405291807102,-149.3110566997935
2024-09-25,107.89,104.46,105.07,105.16,-0.03179163963295961,PNB,0.03179163963295961,-1,S,105.017465,105.21257999999999,31,-6.0485649999995985,3.4548871688952696,-9.503452168894867,-8.565718092701236
2024-09-25,1035.1,997.0,985.5,991.0,-0.036808037870737054,MAXHEALTH,0.036808037870737054,-1,S,985.00725,991.4955,3,-19.46474999999998,3.1418383188645,-22.606588318864482,-55.809233891426224
2024-09-25,175.92,181.29,179.65,179.8,0.030525238744883998,VEDL,0.030525238744883998,1,L,179.739825,179.7101,18,-0.5350499999997282,3.4305556712948997,-3.965605671294628,8.349568605623414
2024-09-26,298.55,292.35,296.0,295.0,-0.020767040696700656,ONGC,0.020767040696700656,-1,S,295.85200000000003,295.1475,11,7.74950000000058,3.4478487547570005,4.30165124524358,33.783783783783996
2024-09-27,270.1,277.9,271.85,270.9,0.02887819326175478,WIPRO,0.02887819326175478,1,L,271.985925,270.76455,12,-14.656500000000278,3.4517527452881995,-18.10825274528848,-34.94574213721013
2024-09-27,1421.0,1370.3,1381.55,1387.9,-0.03567909922589729,GODREJCP,0.03567909922589729,-1,S,1380.859225,1388.59395,2,-15.469450000000052,2.9351705188350996,-18.404620518835152,-45.962867793420955
2024-09-27,1645.0,1583.0,1590.65,1599.2,-0.03768996960486326,UNITDSPR,0.03768996960486326,-1,S,1589.8546750000003,1599.9995999999999,2,-20.289849999999205,3.3804554621323004,-23.670305462131505,-53.75161097664449
2024-09-30,710.2,691.55,683.95,684.25,-0.026260208392002382,INDHOTEL,0.026260208392002382,-1,S,683.6080250000001,684.592125,4,-3.936399999999594,2.9013881669356008,-6.837788166935194,-4.386285547188784
2024-09-30,2930.0,2857.6,2817.15,2839.05,-0.024709897610921572,TVSMOTOR,0.024709897610921572,-1,S,2815.741425,2840.469525,1,-24.728099999999813,2.9963500161747,-27.72445001617451,-77.73813960918031
2024-10-01,1578.0,1631.55,1623.0,1623.4,0.03393536121672991,TECHM,0.03393536121672991,1,L,1623.8115,1622.5883000000001,2,-2.4463999999998123,3.4423820567096004,-5.888782056709413,2.464571780653735
2024-10-01,553.15,567.0,556.2,556.6,0.025038416342764158,RECLTD,0.025038416342764158,1,L,556.4781,556.3217000000001,5,-0.7819999999998117,2.9500909137740003,-3.732090913773812,7.191657677094732
2024-10-01,488.0,503.45,494.9,493.45,0.031659836065573765,PFC,0.031659836065573765,1,L,495.14744999999994,493.203275,6,-11.665049999999496,3.1430123535831,-14.808062353582596,-29.29884825217166
2024-10-03,612.9,595.35,587.7,587.85,-0.028634361233480066,VBL,0.028634361233480066,-1,S,587.40615,588.143925,5,-3.6888749999997117,3.1161302940847495,-6.805005294084461,-2.552322613578184
2024-10-03,367.75,357.75,347.9,348.9,-0.027192386131883017,BPCL,0.027192386131883017,-1,S,347.72605,349.07444999999996,9,-12.135599999999727,3.3238207612169997,-15.459420761216727,-28.743891922966558
2024-10-04,1175.0,1128.15,1160.1,1175.7,-0.03987234042553178,LODHA,0.03987234042553178,-1,S,1159.5199499999999,1176.28785,2,-33.53580000000011,2.4733231151255994,-36.00912311512571,-134.4711662787712
2024-10-04,349.85,337.75,341.15,339.8,-0.03458625125053605,BPCL,0.03458625125053605,-1,S,340.979425,339.9699,9,9.085724999999968,3.25051276092705,5.835212239072918,39.572035761393785
2024-10-07,580.0,557.5,542.0,540.1,-0.03879310344827591,VBL,0.03879310344827591,-1,S,541.729,540.37005,6,8.153700000000299,3.4434392123118003,4.710260787688499,35.05535055350562
2024-10-08,1020.55,988.3,997.0,997.7,-0.03160060751555538,JSWSTEEL,0.03160060751555538,-1,S,996.5015000000001,998.19885,3,-5.092049999999745,3.1723658378373005,-8.264415837837046,-7.021063189569521
2024-10-08,164.1,157.44,159.08,159.53,-0.04058500914076779,TATASTEEL,0.04058500914076779,-1,S,159.00046000000003,159.60976499999998,20,-12.186099999998987,3.377368032217,-15.563468032215987,-28.287654010559216
2024-10-08,1000.75,974.7,980.3,984.4,-0.02603047714214335,JINDALSTEL,0.02603047714214335,-1,S,979.80985,984.8921999999999,3,-15.247049999999717,3.1235311519898996,-18.37058115198962,-41.8239314495561
2024-10-09,1170.2,1211.0,1209.15,1208.95,0.034865834900017045,LODHA,0.034865834900017045,1,L,1209.754575,1208.3455250000002,2,-2.818099999999504,2.5639690962452,-5.382069096244704,-1.6540545010956809
2024-10-10,3152.4,3070.6,3102.75,3173.7,-0.02594848369496261,ADANIENT,0.02594848369496261,-1,S,3101.198625,3175.2868499999995,1,-74.08822499999951,3.31980608271735,-77.40803108271686,-228.66811699298938
2024-10-10,137.45,142.15,139.95,140.3,0.03419425245543839,MOTHERSON,0.03419425245543839,1,L,140.019975,140.22985000000003,23,4.827125000000905,3.41823308909035,1.4088919109105547,25.008931761345554
2024-10-10,532.0,547.05,545.3,544.75,0.02828947368421053,RECLTD,0.02828947368421053,1,L,545.57265,544.477625,6,-6.570149999999785,3.467115266172899,-10.037265266172684,-10.086191087473884
2024-10-11,842.0,865.75,864.0,859.6,0.028206650831353874,CGPOWER,0.028206650831353874,1,L,864.4319999999999,859.1702,3,-15.78539999999964,2.7399597062915997,-18.52535970629124,-50.92592592592538
2024-10-14,264.2,269.25,275.5,274.65,0.019114307342922077,WIPRO,0.019114307342922077,1,L,275.63775,274.512675,12,-13.500899999999774,3.4989636119526,-16.999863611952374,-30.85299455535484
2024-10-15,339.85,349.25,346.4,347.8,0.027659261438869986,BPCL,0.027659261438869986,1,L,346.5732,347.6261,9,9.476100000000201,3.3137850333762002,6.162314966624001,40.41570438799269
2024-10-15,463.0,471.6,462.95,463.55,0.018574514038876888,TATAPOWER,0.018574514038876888,1,L,463.181475,463.31822500000004,7,0.9572500000004425,3.4388849070254,-2.4816349070249575,12.960362890162003
2024-10-15,851.7,833.75,831.75,832.9,-0.021075496066690236,CGPOWER,0.021075496066690236,-1,S,831.3341250000001,833.3164499999999,4,-7.92929999999933,3.5296918401198,-11.458991840119129,-13.826269912833311
2024-10-16,2282.5,2362.0,2425.0,2418.2,0.03483023001095287,HDFCAMC,0.03483023001095287,1,L,2426.2125,2416.9909,1,-9.221600000000308,2.5669779899683998,-11.788577989968708,-28.041237113403117
2024-10-16,1006.0,1025.15,1030.9,1032.65,0.019035785288270546,ADANIENSOL,0.019035785288270546,1,L,1031.41545,1032.133675,3,2.154675000000225,3.2826792093067496,-1.1280042093065248,16.975458337376015
2024-10-17,2766.35,2636.6,2676.85,2682.0,-0.04690295877238959,TVSMOTOR,0.04690295877238959,-1,S,2675.511575,2683.341,1,-7.829424999999901,2.8405417286819503,-10.669966728681851,-19.239030950557456
2024-10-18,1576.9,1637.45,1593.2,1591.6,0.03839812289935951,PIDILITIND,0.03839812289935951,1,L,1593.9966,1590.8042,2,-6.384799999999814,3.3766260499615997,-9.761426049961413,-10.042681395933117
2024-10-18,264.4,276.7,276.1,274.0,0.046520423600605154,WIPRO,0.046520423600605154,1,L,276.23805,273.863,12,-28.50059999999985,3.4969994860475992,-31.99759948604745,-76.05939876856316
2024-10-21,374.35,357.55,357.3,358.0,-0.04487778816615473,KOTAKBANK,0.04487778816615473,-1,S,357.12135,358.179,9,-9.518849999999702,3.4123905169118998,-12.931240516911602,-19.591379792891495
2024-10-21,1097.0,1008.95,1020.7,1016.0,-0.08026435733819504,TATACONSUM,0.08026435733819504,-1,S,1020.1896500000001,1016.5079999999999,3,11.044950000000654,3.2409450890067006,7.804004910993953,46.04683060644654
2024-10-21,2275.0,2374.45,2357.3,2337.5,0.043714285714285595,MAZDOCK,0.043714285714285595,1,L,2358.47865,2336.33125,1,-22.147399999999834,2.4868740600373997,-24.634274060037235,-83.99440037330952
2024-10-22,501.7,518.15,509.25,512.2,0.03278851903528013,HINDZINC,0.03278851903528013,1,L,509.504625,511.9439000000001,6,14.635650000000737,3.2512013151999,11.384448684800837,57.92832596956288
2024-10-22,858.0,843.0,821.0,813.3,-0.0174825174825175,DLF,0.0174825174825175,-1,S,820.5895,813.7066499999999,4,27.531400000000758,3.4692136957195996,24.06218630428116,93.78806333739442
2024-10-22,2327.0,2232.7,2072.2,2065.0,-0.040524280189084716,MAZDOCK,0.040524280189084716,-1,S,2071.1639,2066.0325,1,5.1314000000002125,2.1942135523863997,2.9371864476138128,34.74568091882957
2024-10-23,155.6,150.88,153.2,152.76,-0.030334190231362412,IOC,0.030334190231362412,-1,S,153.1234,152.83638,21,6.027420000000262,3.4074474527158802,2.619972547284382,28.72062663185404
2024-10-23,664.6,690.2,701.1,699.0,0.03851941017153182,BAJFINANCE,0.03851941017153182,1,L,701.45055,698.6505000000001,4,-11.200199999999768,2.9682478953492004,-14.168447895348969,-29.95293110825914
2024-10-23,444.3,427.7,438.3,438.1,-0.03736214269637639,PFC,0.03736214269637639,-1,S,438.08085000000005,438.31905,7,-1.6673999999996454,3.2526466796417997,-4.920046679641445,4.563084645219373
2024-10-24,718.25,680.55,690.35,690.95,-0.052488687782805465,HINDALCO,0.052488687782805465,-1,S,690.0048250000001,691.295475,4,-5.162599999999657,2.929037445471201,-8.091637445470857,-8.691243572100937
2024-10-24,1711.7,1641.65,1636.6,1635.1,-0.04092422737629253,SBILIFE,0.04092422737629253,-1,S,1635.7817,1635.91755,2,-0.27169999999978245,3.4694501260609996,-3.741150126060782,9.165342783820085
2024-10-24,2659.35,2514.95,2499.95,2500.0,-0.054298982834151244,HINDUNILVR,0.054298982834151244,-1,S,2498.700025,2501.25,1,-2.549974999999904,2.65082300470565,-5.200798004705554,-0.20000400008157726
2024-10-25,436.8,424.5,420.65,422.15,-0.02815934065934067,TATAPOWER,0.02815934065934067,-1,S,420.439675,422.36107499999997,7,-13.449799999999641,3.1266446152864997,-16.576444615286142,-35.659099013432005
2024-10-25,470.7,490.0,482.1,482.25,0.04100276184406204,ITC,0.04100276184406204,1,L,482.34105,482.00887500000005,6,-1.9930499999996982,3.0677211844983,-5.060771184497998,3.11138767890462
2024-10-25,534.0,519.35,505.0,510.95,-0.027434456928838946,HINDZINC,0.027434456928838946,-1,S,504.7475,511.205475,6,-38.74784999999986,3.2278458292341,-41.975695829233956,-117.82178217821793
2024-10-28,777.7,809.3,824.8,824.45,0.04063263469204048,DLF,0.04063263469204048,1,L,825.2123999999999,824.0377750000001,4,-4.698499999999058,3.4973844581582,-8.195884458157257,-4.243452958291316
2024-10-28,459.95,435.4,444.4,442.35,-0.05337536688770517,COALINDIA,0.05337536688770517,-1,S,444.1778,442.571175,7,11.246375000000057,3.29247863537845,7.953896364621608,46.129612961295365
2024-10-29,2007.5,2066.8,2000.0,2005.8,0.029539227895392317,MAZDOCK,0.029539227895392317,1,L,2001.0,2004.7971,1,3.7971000000000004,2.1243954541446,1.6727045458554004,28.999999999999027
2024-10-29,1507.1,1464.0,1476.25,1478.4,-0.0285979696105102,CIPLA,0.0285979696105102,-1,S,1475.5118750000001,1479.1392,2,-7.254649999999856,3.1324676302859,-10.387117630285756,-14.563928873836396
2024-10-29,1104.95,1136.9,1189.5,1186.9,0.028915335535544706,LODHA,0.028915335535544706,1,L,1190.09475,1186.3065500000002,2,-7.576399999999467,2.5192261073876003,-10.095626107387067,-21.857923497267116
2024-10-30,550.95,571.3,561.85,560.65,0.036936201107178324,HINDZINC,0.036936201107178324,1,L,562.130925,560.369675,5,-8.806250000000091,2.974926328178,-11.781176328178091,-21.358013704726453
2024-10-30,283.25,290.9,288.75,288.75,0.027007943512797894,BEL,0.027007943512797894,1,L,288.89437499999997,288.60562500000003,11,-3.1762499999992997,3.3679112775,-6.5441612774993,0.0
2024-10-30,1479.0,1422.0,1423.1,1419.8,-0.03853955375253548,CIPLA,0.03853955375253548,-1,S,1422.38845,1420.5098999999998,2,3.757100000000264,3.0151705220541993,0.7419294779460648,23.18881315438115
2024-10-31,1686.0,1629.0,1609.0,1608.75,-0.03380782918149461,TECHM,0.03380782918149461,-1,S,1608.1955,1609.554375,2,-2.7177499999997963,3.4119703379434996,-6.129720337943295,1.5537600994408596
2024-10-31,1418.0,1532.4,1552.0,1555.05,0.0806770098730607,CIPLA,0.0806770098730607,1,L,1552.7759999999998,1554.272475,2,2.9929500000002918,3.2952049939106995,-0.3022549939104078,19.65206185567059
2024-11-04,145.49,139.33,138.75,138.98,-0.0423396797030724,IOC,0.0423396797030724,-1,S,138.68062500000002,139.04949,24,-8.852759999999307,3.53325966734376,-12.386019667343067,-16.57657657657685
2024-11-04,2750.0,2905.0,2889.6,2880.7,0.056363636363636394,M&M,0.056363636363636394,1,L,2891.0447999999997,2879.25965,1,-11.785149999999703,3.0582690808057,-14.843419080805404,-30.800110741971977
2024-11-05,443.45,431.3,434.6,436.2,-0.027398804825797707,COALINDIA,0.027398804825797707,-1,S,434.38270000000006,436.4181,7,-14.247799999999472,3.2304813168656,-17.478281316865072,-36.815462494246276
2024-11-05,1195.0,1163.7,1170.1,1158.3,-0.026192468619246845,LODHA,0.026192468619246845,-1,S,1169.51495,1158.87915,2,21.271600000000035,2.4714900561331996,18.800109943866836,100.84608153149266
2024-11-06,3231.0,3133.9,3171.1,3174.0,-0.030052615289384077,TITAN,0.030052615289384077,-1,S,3169.51445,3175.587,1,-6.072549999999865,3.3636697809277,-9.436219780927566,-9.145091608591116
2024-11-06,558.3,515.45,514.9,513.35,-0.07675085079706234,HINDZINC,0.07675085079706234,-1,S,514.64255,513.606675,6,6.2152500000001965,3.2719105189491,2.9433394810510967,30.10293260827246
2024-11-06,196.8,207.7,208.4,208.95,0.05538617886178843,GAIL,0.05538617886178843,1,L,208.5042,208.845525,15,5.119875000000178,3.31990831556775,1.799966684432428,26.39155470249399
2024-11-07,1073.0,980.85,972.5,967.15,-0.08588070829450134,ADANIENSOL,0.08588070829450134,-1,S,972.0137500000001,967.633575,3,13.140525000000366,3.08679978538635,10.053725214614015,55.01285347043749
2024-11-07,707.35,665.5,647.9,646.75,-0.059164487170424884,HINDALCO,0.059164487170424884,-1,S,647.57605,647.0733749999999,5,2.5133750000003374,3.4325604013502504,-0.919185401349913,17.74965272418494
2024-11-08,688.3,716.8,740.55,733.5,0.04140636350428584,INDHOTEL,0.04140636350428584,1,L,740.920275,733.1332500000001,4,-31.14809999999943,3.1228997263866,-34.27099972638603,-95.19951387482183
2024-11-11,803.35,828.05,806.8,804.7,0.030746250077799075,TMPV,0.030746250077799075,1,L,807.2033999999999,804.2976500000001,4,-11.622999999999138,3.4165604929491993,-15.039560492948336,-26.028755577589546
2024-11-11,450.55,472.0,484.4,481.95,0.04760847852624561,PFC,0.04760847852624561,1,L,484.64219999999995,481.709025,6,-17.599049999999693,3.0723713722610992,-20.67142137226079,-50.578034682080556
2024-11-11,2767.3,2518.45,2541.7,2541.1,-0.08992519784627628,ASIANPAINT,0.08992519784627628,-1,S,2540.42915,2542.3705499999996,1,-1.9413999999997031,2.6948189997321994,-4.636218999731902,2.360624778691145
2024-11-12,1189.95,1254.75,1240.5,1242.0,0.05445606958275562,LODHA,0.05445606958275562,1,L,1241.12025,1241.3790000000001,2,0.517500000000382,2.632628219661,-2.115128219660618,12.091898428052694
2024-11-13,1820.0,1719.25,1741.25,1734.15,-0.05535714285714288,HYUNDAI,0.05535714285714288,-1,S,1740.3793750000002,1735.017075,1,5.362300000000232,1.8433354110977,3.518964588902532,40.77530509691285
2024-11-13,1030.0,996.95,1003.6,1002.25,-0.03208737864077671,MAXHEALTH,0.03208737864077671,-1,S,1003.0982000000001,1002.7511249999999,3,1.0412250000007361,3.19077492734235,-2.1495499273416137,13.451574332403737
2024-11-13,111.8,115.85,109.85,109.55,0.03622540250447215,ADANIPOWER,0.03622540250447215,1,L,109.90492499999999,109.495225,30,-12.290999999999599,3.4885979080169993,-15.779597908016598,-27.309968138370387
2024-11-14,300.4,312.3,317.15,318.35,0.039613848202396884,JIOFIN,0.039613848202396884,1,L,317.30857499999996,318.190825,10,8.82250000000056,3.370553523644,5.451946476356559,37.83698565347882
2024-11-18,1765.0,1691.0,1725.15,1734.6,-0.04192634560906516,HYUNDAI,0.04192634560906516,-1,S,1724.2874250000002,1735.4672999999998,1,-11.179874999999583,1.8332221225678498,-13.013097122567434,-54.77784540474539
2024-11-18,1790.0,1874.95,1890.3,1886.0,0.04745810055865918,MUTHOOTFIN,0.04745810055865918,1,L,1891.2451499999997,1885.057,1,-6.188149999999723,2.0016128872858996,-8.189762887285623,-22.747712003385878
2024-11-19,138.35,142.79,145.2,144.62,0.032092518973617645,IRFC,0.032092518973617645,1,L,145.27259999999998,144.54769000000002,22,-15.948019999999246,3.3789912856818796,-19.327011285681127,-39.94490358126601
2024-11-19,1222.0,1275.85,1268.05,1254.25,0.044067103109656225,LODHA,0.044067103109656225,1,L,1268.6840249999998,1253.622875,2,-30.12229999999954,2.6714719437188004,-32.79377194371834,-108.82851622570078
2024-11-19,1995.2,2063.0,2050.0,2033.55,0.03398155573376105,MAZDOCK,0.03398155573376105,1,L,2051.025,2032.5332250000001,1,-18.49177499999996,2.1631746481588503,-20.654949648158812,-80.24390243902447
2024-11-21,104.5,90.5,95.75,95.25,-0.13397129186602874,ADANIPOWER,0.13397129186602874,-1,S,95.70212500000001,95.297625,34,13.75300000000044,3.444795967079,10.308204032921441,52.21932114882533
2024-11-21,1407.0,1153.0,1170.8,1148.75,-0.1805259417199716,ADANIGREEN,0.1805259417199716,-1,S,1170.2146,1149.324375,2,41.7804500000002,2.4643555946166993,39.3160944053835,188.33276392210442
2024-11-21,869.5,697.25,697.25,697.25,-0.1981023576768257,ADANIENSOL,0.1981023576768257,-1,S,696.901375,697.598625,4,-2.78899999999976,2.957293838,-5.74629383799976,-0.0
2024-11-22,453.45,469.35,477.05,478.25,0.035064505458154205,PFC,0.035064505458154205,1,L,477.288525,478.010875,6,4.334100000000035,3.0396242289864,1.294475771013635,25.154595954302028
2024-11-22,1148.0,1067.65,1064.85,1051.8,-0.0699912891986062,ADANIGREEN,0.0699912891986062,-1,S,1064.317575,1052.3258999999998,3,35.97502500000064,3.370855462276049,32.604169537724594,122.5524721791793
2024-11-22,697.25,656.6,652.6,648.0,-0.05830046611688777,ADANIENSOL,0.05830046611688777,-1,S,652.2737000000001,648.324,5,19.748500000000604,3.450225915401,16.298274084599605,70.48728164266049
2024-11-25,264.89,278.04,278.41,273.57,0.04964324814073784,ETERNAL,0.04964324814073784,1,L,278.54920500000003,273.433215,11,-56.27589000000012,3.21323938899612,-59.48912938899624,-173.84433030422917
2024-11-25,285.9,301.95,295.7,296.5,0.056138509968520545,BPCL,0.056138509968520545,1,L,295.84785,296.35175000000004,11,5.542900000000486,3.4546055952056003,2.088294404794886,27.05444707473914
2024-11-26,2086.0,2207.45,2119.25,2114.5,0.05822147651006704,MAZDOCK,0.05822147651006704,1,L,2120.309625,2113.44275,1,-6.866874999999709,2.24409023053675,-9.11096523053646,-22.41358971334151
2024-11-26,950.5,926.9,904.45,899.05,-0.02482903734876385,ADANIGREEN,0.02482903734876385,-1,S,903.997775,899.499525,3,13.494750000000295,2.8702679006694,10.624482099330894,59.704792968102716
2024-11-26,1232.7,1292.0,1276.35,1274.25,0.04810578405126953,LODHA,0.04810578405126953,1,L,1276.9881749999997,1273.612875,2,-6.750599999999395,2.7040474186745995,-9.454647418673995,-16.453167234692366
2024-11-27,2127.4,2178.7,2203.95,2238.4,0.02411394190091176,MAZDOCK,0.02411394190091176,1,L,2205.051975,2237.2808,1,32.22882500000014,2.3589855087071503,29.869839491292993,156.3102611220768
2024-11-27,600.8,620.05,660.8,660.8,0.032040612516644584,ADANIENSOL,0.032040612516644584,1,L,661.1303999999999,660.4696,5,-3.303999999999405,3.5033699679999994,-6.807369967999405,0.0
2024-11-28,105.05,113.1,112.2,112.7,0.07663017610661593,ADANIPOWER,0.07663017610661593,1,L,112.2561,112.64365000000001,29,11.23895000000013,3.4594194349615,7.77953056503863,44.56327985739694
2024-11-28,988.4,1087.2,1087.2,1087.2,0.09995953055443141,ADANIGREEN,0.09995953055443141,1,L,1087.7436,1086.6564,3,-3.2615999999998166,3.4584114672000004,-6.720011467199817,0.0
2024-11-28,660.8,726.85,726.85,726.85,0.09995460048426152,ADANIENSOL,0.09995460048426152,1,L,727.213425,726.486575,4,-2.9074000000000524,3.0828383307999996,-5.990238330800052,0.0
2024-11-29,726.85,799.5,861.85,836.4,0.09995184701107518,ADANIENSOL,0.09995184701107518,1,L,862.280925,835.9818,3,-78.89737500000001,2.69271044362755,-81.59008544362756,-295.29500493125306
2024-11-29,1087.2,1195.9,1337.2,1314.4,0.09998160412067691,ADANIGREEN,0.09998160412067691,1,L,1337.8686,1313.7428000000002,2,-48.2515999999996,2.8065989363528,-51.0581989363524,-170.50553395154046
2024-11-29,111.3,116.7,113.0,111.1,0.04851752021563338,ADANIPOWER,0.04851752021563338,1,L,113.0565,111.04445,29,-58.34945000000006,3.4394819196263,-61.788931919626364,-168.14159292035447
2024-12-02,1246.0,1284.1,1289.45,1292.75,0.03057784911717487,LODHA,0.03057784911717487,1,L,1290.094725,1292.103625,2,4.017800000000079,2.7387393626541994,1.27906063734588,25.5923067974706
2024-12-02,625.0,641.55,637.9,631.95,0.026479999999999837,VBL,0.026479999999999837,1,L,638.21895,631.6340250000001,5,-32.92462499999942,3.36292360886175,-36.28754860886117,-93.27480796362919
2024-12-02,1318.75,1401.3,1331.2,1332.65,0.06259715639810426,ADANIGREEN,0.06259715639810426,1,L,1331.8656,1331.9836750000002,2,0.23615000000017972,2.8249102678723,-2.58876026787212,10.892427884616751
2024-12-03,101.75,105.0,105.0,105.1,0.03194103194103204,CANBK,0.03194103194103204,1,L,105.0525,105.04745,31,-0.15654999999991048,3.4533969182497,-3.6099469182496104,9.523809523808158
2024-12-03,119.75,123.88,124.99,125.85,0.034488517745302705,UNIONBANK,0.034488517745302705,1,L,125.052495,125.787075,26,19.099080000000214,3.46014410671332,15.638935893286893,68.80550444035461
2024-12-04,539.5,552.1,544.8,543.55,0.023354958294717454,RECLTD,0.023354958294717454,1,L,545.0723999999999,543.278225,6,-10.765049999999292,3.4612466354475,-14.226296635446792,-22.944199706314006
2024-12-04,1312.0,1281.15,1261.8,1263.5,-0.023513719512195053,ADANIGREEN,0.023513719512195053,-1,S,1261.1691,1264.13175,2,-5.925299999999879,2.6773085539841994,-8.602608553984078,-13.472816611190819
2024-12-04,148.18,151.8,150.87,151.21,0.024429747604265195,IRFC,0.024429747604265195,1,L,150.945435,151.134395,22,4.157120000000191,3.52421004191476,0.6329099580854307,22.535958109630716
2024-12-05,286.0,297.6,297.75,298.85,0.04055944055944072,ETERNAL,0.04055944055944072,1,L,297.898875,298.700575,11,8.818700000000433,3.4806279967327,5.338072003267733,36.9437447523091
2024-12-06,111.75,114.0,112.9,113.55,0.020134228187919545,MOTHERSON,0.020134228187919545,1,L,112.95645,113.49322500000001,29,15.566475000000167,3.4837279681699496,12.082747031830218,57.57307351638596
2024-12-09,975.0,946.55,934.8,933.2,-0.029179487179487262,TATACONSUM,0.029179487179487262,-1,S,934.3326,933.6666,3,1.99799999999982,2.9716050114576,-0.9736050114577801,17.11596063328935
2024-12-09,2485.0,2390.95,2404.0,2400.15,-0.03784708249496993,HINDUNILVR,0.03784708249496993,-1,S,2402.7980000000002,2401.350075,1,1.4479250000003958,2.54744348896495,-1.0995184889645544,16.01497504159721
2024-12-09,1230.65,1120.25,1121.5,1127.6,-0.08970869052939512,GODREJCP,0.08970869052939512,-1,S,1120.9392500000001,1128.1637999999998,2,-14.449099999999362,2.3834764265785995,-16.832576426577962,-54.39144003566598
2024-12-10,1990.2,2047.25,2031.95,2033.9,0.028665460757712813,MUTHOOTFIN,0.028665460757712813,1,L,2032.9659749999998,2032.8830500000001,1,-0.0829249999997046,2.15580974337965,-2.2387347433793545,9.596692832007925
2024-12-10,1283.0,1323.2,1332.45,1337.35,0.031332813717848795,CHOLAFIN,0.031332813717848795,1,L,1333.116225,1336.681325,2,7.130200000000059,2.8319764734926003,4.298223526507458,36.77436301549708
2024-12-10,621.0,637.55,635.6,637.9,0.026650563607085287,SHRIRAMFIN,0.026650563607085287,1,L,635.9177999999999,637.58105,5,8.31625000000031,3.3771257937005,4.939124206299809,36.18628067967311
2024-12-11,187.09,191.14,192.99,192.73,0.021647335506975063,VEDL,0.021647335506975063,1,L,193.08649499999999,192.633635,17,-7.698619999999778,3.47597345983946,-11.174593459839238,-13.472200632158593
2024-12-12,1755.15,1801.5,1788.4,1789.1,0.02640799931629778,TECHM,0.02640799931629778,1,L,1789.2942,1788.20545,1,-1.0887500000001182,1.8967635669209,-2.985513566921018,3.9141131737863155
2024-12-12,1129.0,1153.65,1162.65,1167.2,0.02183348095659876,MAXHEALTH,0.02183348095659876,1,L,1163.231325,1166.6164,2,6.770150000000285,2.4714363961716996,4.298713603828586,39.13473530297029
2024-12-12,1149.0,1126.15,1218.85,1219.35,-0.019886858137510788,ADANIGREEN,0.019886858137510788,-1,S,1218.240575,1219.9596749999998,2,-3.438199999999597,2.585216129513,-6.023416129512597,-4.1022275095370375
2024-12-13,650.4,635.05,631.8,632.0,-0.02360086100861014,SHRIRAMFIN,0.02360086100861014,-1,S,631.4841,632.3159999999999,5,-4.159499999999525,3.350040814113,-7.509540814112525,-3.1655587211143477
2024-12-13,150.4,146.52,148.65,148.85,-0.02579787234042552,TATASTEEL,0.02579787234042552,-1,S,148.57567500000002,148.92442499999999,22,-7.672499999999275,3.4694863614972005,-11.141986361496475,-13.45442314160783
2024-12-13,1002.4,979.0,996.05,1001.45,-0.023343974461292882,JSWSTEEL,0.023343974461292882,-1,S,995.551975,1001.950725,3,-19.19625000000019,3.1752720123305997,-22.37152201233079,-54.21414587621243
2024-12-16,1413.9,1461.9,1468.5,1465.1,0.03394865266284741,LODHA,0.03394865266284741,1,L,1469.23425,1464.36745,2,-9.733600000000024,3.1098730939683996,-12.843473093968424,-23.152877085461654
2024-12-16,2418.0,2494.95,2496.0,2512.0,0.03182382133995021,MAZDOCK,0.03182382133995021,1,L,2497.248,2510.744,1,13.496000000000095,2.6568521261919997,10.839147873808095,64.10256410256387
2024-12-16,869.45,890.75,894.75,894.0,0.024498246017597314,DLF,0.024498246017597314,1,L,895.197375,893.553,3,-4.9331249999999045,2.8447832252542504,-7.777908225254155,-8.382229673092878
2024-12-17,1469.0,1507.0,1495.25,1492.85,0.02586793737236226,LODHA,0.02586793737236226,1,L,1495.997625,1492.103575,2,-7.788099999999758,3.1678812027423997,-10.955981202742159,-16.050827620799346
2024-12-17,626.0,613.4,595.65,595.85,-0.0201277955271566,SHRIRAMFIN,0.0201277955271566,-1,S,595.352175,596.147925,5,-3.978749999999991,3.158383997613,-7.137133997612991,-3.3576764878717746
2024-12-17,1285.05,1264.0,1246.95,1246.5,-0.016380685576436682,CHOLAFIN,0.016380685576436682,-1,S,1246.3265250000002,1247.1232499999999,2,-1.5934499999993932,2.6440085212983,-4.237458521297693,3.6088054853844476
2024-12-18,1450.0,1472.6,1475.3,1471.55,0.015586206896551769,CIPLA,0.015586206896551769,1,L,1476.03765,1470.814225,2,-10.446849999999813,3.1238458110475,-13.570695811047313,-25.418558937165827
2024-12-18,1251.8,1274.9,1275.4,1275.35,0.018453427065026506,DRREDDY,0.018453427065026506,1,L,1276.0377,1274.712325,2,-2.6507500000002437,2.7046563830113,-5.355406383011544,-0.3920338717278149
2024-12-18,779.9,763.8,757.0,754.7,-0.020643672265675095,TMPV,0.020643672265675095,-1,S,756.6215000000001,755.07735,4,6.176600000000235,3.2068475637604,2.969752436239835,30.383091149273067
2024-12-19,2345.0,2293.5,2291.3,2291.7,-0.02196162046908312,ASIANPAINT,0.02196162046908312,-1,S,2290.1543500000002,2292.8458499999997,1,-2.6914999999994507,2.4297297990452,-5.1212297990446505,-1.7457338628701358
2024-12-20,1074.85,1104.35,1048.5,1034.15,0.027445690096292497,ADANIGREEN,0.027445690096292497,1,L,1049.02425,1033.6329250000001,3,-46.17397499999947,3.3077578125646503,-49.481732812564125,-136.86218407248373
2024-12-20,337.95,343.8,335.1,332.2,0.017310252996005415,NTPC,0.017310252996005415,1,L,335.26755,332.0339,9,-29.102850000000103,3.1811838941493003,-32.2840338941494,-86.54133094598726
2024-12-20,101.5,104.25,101.85,99.3,0.027093596059113212,ADANIPOWER,0.027093596059113212,1,L,101.90092499999999,99.25035,32,-84.81839999999966,3.4036503260207995,-88.22205032602045,-250.36818851251863
2024-12-23,575.7,587.65,575.95,577.45,0.020757338891783883,SHRIRAMFIN,0.020757338891783883,1,L,576.237975,577.161275,5,4.616500000000201,3.0583191686525004,1.5581808313477006,26.04392742425521
2024-12-23,1400.05,1458.0,1443.85,1440.95,0.04139137887932587,LODHA,0.04139137887932587,1,L,1444.5719249999997,1440.2295250000002,2,-8.684799999999086,3.0582381392554,-11.743038139254486,-20.08518890466382
2024-12-24,178.04,173.21,172.93,172.91,-0.02712873511570424,VEDL,0.02712873511570424,-1,S,172.843535,172.996455,19,-2.9054799999998977,3.483774133417059,-6.389254133416957,1.156537327242635
2024-12-24,194.39,197.91,197.43,197.98,0.01810792736251865,GAIL,0.01810792736251865,1,L,197.528715,197.88101,16,5.636719999999968,3.3551243087655997,2.2815956912343687,27.857974978473532
2024-12-26,291.6,298.55,295.1,295.95,0.023834019204389545,BPCL,0.023834019204389545,1,L,295.24755,295.802025,11,6.099225000000274,3.4479592862434503,2.651265713756824,28.803795323617543
2024-12-26,712.9,726.8,737.9,745.15,0.019497825782017086,CGPOWER,0.019497825782017086,1,L,738.2689499999999,744.777425,4,26.033900000000358,3.148262717922999,22.885637282077358,98.25179563626607
2024-12-27,2366.5,2314.3,2325.85,2318.0,-0.02205789140080283,MAZDOCK,0.02205789140080283,-1,S,2324.687075,2319.1589999999997,1,5.528075000000172,2.4628960172129495,3.0651789827872222,33.75110174774765
2024-12-27,1354.05,1380.2,1395.0,1389.95,0.01931243307115693,DRREDDY,0.01931243307115693,1,L,1395.6975,1389.2550250000002,2,-12.884949999999662,2.9518911305413003,-15.836841130540963,-36.20071684587778
2024-12-30,2312.5,2255.65,2248.0,2274.8,-0.024583783783783786,MAZDOCK,0.024583783783783786,-1,S,2246.876,2275.9374000000003,1,-29.06140000000005,2.3949165038284,-31.45631650382845,-119.21708185053559
2024-12-30,2420.0,2475.55,2570.35,2590.45,0.02295454545454545,ADANIENT,0.02295454545454545,1,L,2571.635175,2589.154775,1,17.519600000000082,2.7383121680287,14.781287831971383,78.19946699865632
2024-12-31,1400.0,1357.2,1397.15,1390.85,-0.030571428571428583,LODHA,0.030571428571428583,-1,S,1396.4514250000002,1391.5454249999998,2,9.812000000000808,2.9576161555761997,6.854383844424608,45.091794009234356
2024-12-31,157.6,147.07,148.84,148.91,-0.06681472081218276,IRFC,0.06681472081218276,-1,S,148.76558,148.984455,22,-4.815249999999935,3.47271614377402,-8.287966143773955,-4.703036818058948
2025-01-01,298.9,303.05,305.5,304.35,0.013884242221478882,JIOFIN,0.013884242221478882,1,L,305.65274999999997,304.197825,10,-14.54924999999946,3.2319858922994995,-17.78123589229896,-37.643207855972975
2025-01-01,3278.95,3233.2,3235.1,3233.6,-0.013952637277177105,CUMMINSIND,0.013952637277177105,-1,S,3233.48245,3235.2167999999997,1,-1.734349999999722,3.4296817500304995,-5.1640317500302215,4.636641834874222
2025-01-02,694.0,715.5,737.5,738.9,0.03097982708933711,BAJFINANCE,0.03097982708933711,1,L,737.86875,738.5305500000001,4,2.647200000000339,3.1315923729671997,-0.48439237296686066,18.98305084745644
2025-01-02,1577.0,1612.5,1696.05,1700.2,0.02251109701965759,BAJAJFINSV,0.02251109701965759,1,L,1696.898025,1699.3499000000002,1,2.4518750000002,1.8010486585310501,0.65082634146915,24.46861826007618
2025-01-02,1186.95,1220.0,1271.6,1271.55,0.02784447533594503,CHOLAFIN,0.02784447533594503,1,L,1272.2358,1270.914225,2,-2.6431499999998778,2.6965977838113,-5.339747783811178,-0.39320541050602564
2025-01-03,1269.95,1309.6,1325.05,1320.35,0.03122170164179683,CHOLAFIN,0.03122170164179683,1,L,1325.712525,1319.689825,2,-12.045399999999972,2.8039972188621998,-14.849397218862173,-35.47035960907219
2025-01-03,246.07,254.58,259.82,259.15,0.03458365505750405,ONGC,0.03458365505750405,1,L,259.94991,259.020425,12,-11.153819999999996,3.3008318579485194,-14.454651857948516,-25.78708336540725
2025-01-06,241.79,231.81,228.21,227.91,-0.041275486992845,BANKBARODA,0.041275486992845,-1,S,228.095895,228.02395499999997,14,1.0071600000005674,3.3859632378053997,-2.3788032378048323,13.145786775339285
2025-01-06,124.0,116.06,114.41,114.97,-0.06403225806451607,UNIONBANK,0.06403225806451607,-1,S,114.352795,115.027485,29,-19.56600999999995,3.52492600085512,-23.09093600085507,-48.94677038720374
2025-01-06,483.9,455.6,444.1,442.15,-0.05848315767720591,ITC,0.05848315767720591,-1,S,443.87795000000006,442.37107499999996,7,10.548125000000653,3.2905462224575492,7.257578777543103,43.90902949786168
2025-01-07,264.8,257.0,252.15,252.45,-0.02945619335347438,ETERNAL,0.02945619335347438,-1,S,252.02392500000002,252.57622499999997,13,-7.179899999999293,3.4773877597407,-10.657287759739994,-11.897679952408424
2025-01-07,254.99,264.8,265.16,263.53,0.03847209694497833,ONGC,0.03847209694497833,1,L,265.29258,263.398235,12,-22.732139999999845,3.3614068574902793,-26.093546857490125,-61.47231860009206
2025-01-07,99.7,103.8,102.45,102.15,0.04112337011033085,ADANIPOWER,0.04112337011033085,1,L,102.50122499999999,102.09892500000001,32,-12.873599999999442,3.4700821162847997,-16.343682116284242,-29.28257686676372
2025-01-08,1625.0,1584.95,1579.05,1577.4,-0.024646153846153873,UNITDSPR,0.024646153846153873,-1,S,1578.260475,1578.1887,2,0.1435500000002321,3.3472786310271,-3.203728631026868,10.449320794148065
2025-01-08,1352.75,1379.65,1373.75,1369.8,0.01988541859175763,DRREDDY,0.01988541859175763,1,L,1374.4368749999999,1369.1151,2,-10.643549999999777,2.9082343884927,-13.551784388492477,-28.753412192903394
2025-01-09,1805.0,1769.55,1786.0,1785.1,-0.01963988919667592,HYUNDAI,0.01963988919667592,-1,S,1785.1070000000002,1785.9925499999997,1,-0.8855499999995118,1.8933924194983,-2.778942419497812,5.039193729003966
2025-01-09,980.0,1018.5,1013.0,1010.75,0.03928571428571437,ZYDUSLIFE,0.03928571428571437,1,L,1013.5065,1010.244625,3,-9.785624999999754,3.21805997326275,-13.003684973262505,-22.211253701875933
2025-01-10,565.75,543.35,532.7,532.9,-0.03959346000883779,SHRIRAMFIN,0.03959346000883779,-1,S,532.4336500000001,533.1664499999999,6,-4.396799999999303,3.3895696237356003,-7.7863696237349025,-3.754458419371609
2025-01-13,1149.95,1104.75,1085.75,1083.7,-0.0393060567850777,MAXHEALTH,0.0393060567850777,-1,S,1085.2071250000001,1084.2418499999999,3,2.895825000000741,3.45121329740505,-0.555388297404309,18.880957863227632
2025-01-13,130.65,125.98,121.99,122.07,-0.0357443551473402,IOC,0.0357443551473402,-1,S,121.929005,122.13103499999998,27,-5.454809999999441,3.49338839766408,-8.948198397663521,-6.557914583162905
2025-01-13,1281.95,1222.6,1174.3,1169.05,-0.04629665743593758,LODHA,0.04629665743593758,-1,S,1173.7128500000001,1169.634525,2,8.156650000000354,2.4859046420135003,5.6707453579868545,44.70748531039792
2025-01-14,1975.0,1813.95,1824.4,1811.8,-0.08154430379746835,HCLTECH,0.08154430379746835,-1,S,1823.4878,1812.7059,1,10.781900000000178,1.9291904497761998,8.852709550223977,69.06380179785177
2025-01-14,894.0,953.7,1003.35,1007.1,0.06677852348993296,ADANIGREEN,0.06677852348993296,1,L,1003.851675,1006.5964500000001,3,8.234325000000354,3.19888137832875,5.035443621671604,37.37479443863157
2025-01-14,90.5,97.6,105.85,107.1,0.0784530386740332,ADANIPOWER,0.0784530386740332,1,L,105.90292499999998,107.04645000000001,31,35.44927500000078,3.5041495748212497,31.945125425179533,118.0916391119502
2025-01-15,773.0,798.9,779.9,780.0,0.033505821474773656,ADANIENSOL,0.033505821474773656,1,L,780.28995,779.61,4,-2.71979999999985,3.3080988655548,-6.027898865554651,1.2822156686764785
2025-01-15,1010.0,1067.3,1032.5,1035.0,0.05673267326732678,ADANIGREEN,0.05673267326732678,1,L,1033.01625,1034.4825,3,4.398750000000518,3.2892086391524993,1.1095413608480191,24.21307506053294
2025-01-15,107.95,112.05,109.85,109.95,0.037980546549328364,ADANIPOWER,0.037980546549328364,1,L,109.90492499999999,109.895025,30,-0.29699999999962756,3.4962767786609996,-3.793276778660627,9.10332271279124
2025-01-16,1038.0,1091.2,1066.25,1069.15,0.05125240847784207,ADANIGREEN,0.05125240847784207,1,L,1066.783125,1068.6154250000002,3,5.496900000000778,3.3973361537169002,2.099563846283878,27.198124267293622
2025-01-16,109.4,114.05,112.35,112.55,0.0425045703839122,ADANIPOWER,0.0425045703839122,1,L,112.40617499999999,112.493725,29,2.538950000000213,3.4584647414445997,-0.9195147414443867,17.801513128616886
2025-01-16,593.7,651.25,641.35,641.05,0.09693447869294247,HDFCLIFE,0.09693447869294247,1,L,641.670675,640.729475,5,-4.705999999999904,3.3992918496695,-8.105291849669403,-4.677633117643465
2025-01-17,1920.05,1821.8,1816.7,1813.85,-0.05117054243379082,INFY,0.05117054243379082,-1,S,1815.7916500000001,1814.756925,1,1.0347250000002077,1.92512506847795,-0.8904000684777422,15.687785545219768
2025-01-17,1128.3,1181.05,1176.5,1178.2,0.04675175042098734,LODHA,0.04675175042098734,1,L,1177.08825,1177.6109000000001,2,1.0453000000002248,2.4971604060158006,-1.4518604060155758,14.449638759030936
2025-01-17,1044.0,985.9,991.5,991.7,-0.05565134099616864,AXISBANK,0.05565134099616864,-1,S,991.0042500000001,992.19585,3,-3.574799999999641,3.1542395406678,-6.729039540667441,-2.0171457387796465
2025-01-20,526.5,503.7,517.6,515.75,-0.0433048433048433,SHRIRAMFIN,0.0433048433048433,-1,S,517.3412000000001,516.007875,6,7.999950000000354,3.2883312743457003,4.711618725654653,35.74188562596614
2025-01-20,281.7,302.75,299.6,300.4,0.07472488462903804,WIPRO,0.07472488462903804,1,L,299.7498,300.2498,11,5.5,3.5000942670056,1.9999057329943999,26.702269692922
2025-01-20,351.8,385.4,384.4,384.55,0.09550881182490034,KOTAKBANK,0.09550881182490034,1,L,384.59219999999993,384.357725,8,-1.8757999999993444,3.2615316054643997,-5.137331605463745,3.9021852237253185
2025-01-21,277.6,285.95,280.55,280.25,0.030079250720461026,BPCL,0.030079250720461026,1,L,280.690275,280.109875,11,-6.384399999999971,3.2701567396728994,-9.65455673967287,-10.693281055070836
2025-01-21,230.0,221.1,214.4,215.55,-0.03869565217391302,ETERNAL,0.03869565217391302,-1,S,214.29280000000003,215.657775,15,-20.474624999999378,3.41731239494925,-23.891937394948627,-53.638059701492935
2025-01-22,215.5,207.6,213.9,216.3,-0.036658932714617176,ETERNAL,0.036658932714617176,-1,S,213.79305000000002,216.40815,15,-39.22649999999976,3.4172430070679995,-42.64374300706776,-112.20196353436185
2025-01-22,1146.0,1095.8,1080.15,1076.35,-0.04380453752181501,LODHA,0.04380453752181501,-1,S,1079.6099250000002,1076.8881749999998,3,8.165250000001151,3.4311922622117996,4.734057737789351,35.18029903254338
2025-01-23,309.95,323.0,317.95,317.7,0.04210356509114388,WIPRO,0.04210356509114388,1,L,318.108975,317.54115,10,-5.678249999999707,3.3697576242825,-9.048007624282207,-7.8628715206796596
2025-01-23,1375.0,1487.0,1450.3,1456.15,0.08145454545454545,PIDILITIND,0.08145454545454545,1,L,1451.02515,1455.421925,2,8.793550000000323,3.0831149040779,5.710435095922423,40.33648210715057
2025-01-24,550.3,560.75,549.7,551.1,0.018989642013447217,AMBUJACEM,0.018989642013447217,1,L,549.9748500000001,550.8244500000001,6,5.097600000000057,3.5025951938508006,1.595004806149256,25.468437329452254
2025-01-24,1293.95,1235.15,1220.5,1224.3,-0.045442250473356705,DRREDDY,0.045442250473356705,-1,S,1219.88975,1224.9121499999999,2,-10.044799999999668,2.5914901364588,-12.636290136458468,-31.13478082752863
2025-01-24,989.75,967.5,955.75,957.75,-0.022480424349583195,ZYDUSLIFE,0.022480424349583195,-1,S,955.2721250000001,958.2288749999999,3,-8.870249999999487,3.042788216178,-11.913038216177487,-20.925974365682
2025-01-27,692.8,721.8,701.85,704.4,0.04185912240184764,DLF,0.04185912240184764,1,L,702.200925,704.0478,4,7.387500000000273,2.9833311708474,4.404168829152873,36.33254969010346
2025-01-27,2302.0,2232.2,2215.0,2227.0,-0.0303214596003476,MAZDOCK,0.0303214596003476,-1,S,2213.8925,2228.1135,1,-14.221000000000004,2.3537027633560004,-16.574702763356004,-54.17607223476395
2025-01-27,881.55,854.45,844.15,842.8,-0.03074130792354368,JINDALSTEL,0.03074130792354368,-1,S,843.727925,843.2213999999999,3,1.5195750000003727,2.68356033164235,-1.1639853316419773,15.992418409050968
2025-01-28,1787.95,1709.25,1706.85,1706.6,-0.04401689085265248,SUNPHARMA,0.04401689085265248,-1,S,1705.996575,1707.4533,1,-1.4567250000000058,1.8097396336717504,-3.266464633671756,1.4646864106393487
2025-01-28,596.3,560.2,575.55,576.85,-0.06053999664598342,CGPOWER,0.06053999664598342,-1,S,575.262225,577.138425,5,-9.3810000000002,3.0541320252345,-12.435132025234699,-22.587090608983118
2025-01-28,2212.0,2132.75,2298.6,2331.65,-0.03582730560578662,MAZDOCK,0.03582730560578662,-1,S,2297.4507,2332.815825,1,-35.36512500000026,2.4511975347346495,-37.81632253473491,-143.78317236578786
2025-01-29,2350.0,2478.7,2475.0,2467.1,0.054765957446808455,TVSMOTOR,0.054765957446808455,1,L,2476.2374999999997,2465.86645,1,-10.371049999999741,2.6192911934926997,-12.99034119349244,-31.919191919191903
2025-01-29,573.9,618.3,621.5,629.65,0.07736539466806058,CGPOWER,0.07736539466806058,1,L,621.81075,629.335175,5,37.622125000000324,3.3210889298952497,34.30103607010508,131.13435237328997
2025-01-30,754.8,695.15,694.8,696.75,-0.07902755696873343,TMPV,0.07902755696873343,-1,S,694.4526,697.0983749999999,4,-10.583099999999831,2.9501818880814,-13.53328188808123,-28.065630397238195
2025-01-30,776.0,812.1,789.9,789.6,0.04652061855670109,BAJFINANCE,0.04652061855670109,1,L,790.29495,789.2052000000001,4,-4.358999999999469,3.3494886961356,-7.708488696135069,-3.7979491074813243
2025-01-31,832.1,760.25,794.5,791.7,-0.08634779473620957,JINDALSTEL,0.08634779473620957,-1,S,794.10275,792.09585,4,8.027599999999893,3.3650579915343997,4.662542008465493,35.242290748898064
2025-01-31,223.0,213.5,213.2,213.26,-0.04260089686098656,BANKBARODA,0.04260089686098656,-1,S,213.0934,213.36663,15,-4.098449999999758,3.391352108501699,-7.489802108501458,-2.814258911820744
2025-01-31,1643.05,1578.1,1631.8,1625.95,-0.03953014211375194,BHARTIARTL,0.03953014211375194,-1,S,1630.9841000000001,1626.7629749999999,2,8.442250000000513,3.4556130486779004,4.9866369513226125,35.84998161539343
2025-02-01,1006.0,1043.1,999.3,998.25,0.03687872763419464,ADANIGREEN,0.03687872763419464,1,L,999.7996499999999,997.7508750000001,3,-6.146324999999592,3.17678357825595,-9.323108578255543,-10.507355148603459
2025-02-01,2495.0,2578.8,2395.5,2392.0,0.03358717434869751,MAZDOCK,0.03358717434869751,1,L,2396.69775,2390.804,1,-5.893749999999727,2.5378095903955002,-8.431559590395228,-14.61072844917588
2025-02-01,102.9,106.55,103.7,103.35,0.0354713313896986,ADANIPOWER,0.0354713313896986,1,L,103.75184999999999,103.298325,32,-14.512799999999515,3.5114719468655995,-18.024271946865113,-33.751205400193165
2025-02-03,95.05,88.55,86.5,86.95,-0.06838506049447657,MOTHERSON,0.06838506049447657,-1,S,86.45675,86.993475,38,-20.395550000000156,3.4925336115323002,-23.88808361153246,-52.02312138728349
2025-02-03,164.28,154.37,156.76,157.79,-0.06032383735086433,VEDL,0.06032383735086433,-1,S,156.68162,157.86889499999998,21,-24.932774999999396,3.49969748344419,-28.432472483443586,-65.70553712681892
2025-02-04,87.0,92.3,92.1,92.0,0.060919540229884994,MOTHERSON,0.060919540229884994,1,L,92.14604999999999,91.95400000000001,36,-6.9137999999992985,3.5133662740067995,-10.427166274006098,-10.857763300758938
2025-02-04,158.11,165.28,163.48,163.84,0.04534817532097901,VEDL,0.04534817532097901,1,L,163.56174,163.75808,20,3.926800000000412,3.4715015255863997,0.4552984744140125,22.02104232933877
2025-02-05,437.9,456.4,466.4,467.55,0.042247088376341724,HINDZINC,0.042247088376341724,1,L,466.63319999999993,467.31622500000003,7,4.781175000000701,3.4669558039903503,1.3142191960103506,24.656946826759896
2025-02-05,2350.0,2251.9,2281.5,2273.0,-0.041744680851063753,ASIANPAINT,0.041744680851063753,-1,S,2280.35925,2274.1365,1,6.222749999999905,2.4155965660395,3.8071534339604054,37.256191102345014
2025-02-05,113.81,118.99,119.43,119.16,0.04551445391441877,UNIONBANK,0.04551445391441877,1,L,119.489715,119.10042,27,-10.510965000000112,3.4145245027037703,-13.925489502703883,-22.60738507912641
2025-02-06,1172.0,1144.15,1130.6,1125.6,-0.023762798634812232,MAXHEALTH,0.023762798634812232,-1,S,1130.0347,1126.1627999999998,2,7.743800000000192,2.3934409692699994,5.350359030730193,44.22430567840085
2025-02-06,1266.9,1237.5,1207.35,1197.1,-0.02320625147999056,LODHA,0.02320625147999056,-1,S,1206.746325,1197.6985499999998,2,18.095550000000458,2.5517888870834993,15.543761112916958,84.89667453513871
2025-02-07,256.5,249.75,247.95,249.0,-0.02631578947368418,ONGC,0.02631578947368418,-1,S,247.82602500000002,249.12449999999998,13,-16.880174999999582,3.42359233864245,-20.303767338642032,-42.34724742891771
2025-02-07,1622.0,1689.5,1670.15,1678.6,0.041615289765721375,BHARTIARTL,0.041615289765721375,1,L,1670.985075,1677.7607,1,6.775624999999991,1.77633739604515,4.999287603954841,50.594258000777884
2025-02-07,178.9,171.93,170.59,171.27,-0.0389603130240358,GAIL,0.0389603130240358,-1,S,170.504705,171.355635,19,-16.1676700000001,3.4422231283999594,-19.60989312840006,-39.86165660355256
2025-02-10,441.2,425.15,422.45,423.6,-0.03637805983680875,RECLTD,0.03637805983680875,-1,S,422.23877500000003,423.8118,7,-11.01117499999981,3.1389748560096504,-14.15014985600946,-27.222156468222902
2025-02-10,170.65,163.2,163.33,162.97,-0.043656607090536315,VEDL,0.043656607090536315,-1,S,163.24833500000003,163.05148499999999,20,3.9370000000008076,3.4606860371864,0.4763139628144075,22.041266148289385
2025-02-10,1140.0,1101.75,1075.0,1072.3,-0.03355263157894739,MAXHEALTH,0.03355263157894739,-1,S,1074.4625,1072.8361499999999,3,4.879050000000689,3.4161974174847,1.4628525825159886,25.116279069767877
2025-02-11,2287.0,2379.1,2321.0,2322.6,0.0402710975076519,ADANIENT,0.0402710975076519,1,L,2322.1605,2321.4387,1,-0.7217999999998028,2.4620776314192,-3.1838776314190027,6.893580353295459
2025-02-12,2173.8,2074.15,2158.1,2188.05,-0.04584138375195512,MAZDOCK,0.04584138375195512,-1,S,2157.02095,2189.144025,1,-32.12307499999997,2.3009161317843496,-34.42399113178432,-138.7794819517185
2025-02-12,85.75,82.05,85.15,85.8,-0.04314868804664729,MOTHERSON,0.04314868804664729,-1,S,85.107425,85.84289999999999,39,-28.683524999999207,3.53189478616455,-32.21541978616376,-76.33587786259443
2025-02-12,708.25,679.05,676.7,679.35,-0.041228379809389426,DLF,0.041228379809389426,-1,S,676.36165,679.689675,4,-13.312099999999646,2.8745903483978,-16.186690348397445,-39.16063248115886
2025-02-13,1351.0,1392.3,1387.7,1390.4,0.030569948186528473,CHOLAFIN,0.030569948186528473,1,L,1388.39385,1389.7048000000002,2,2.621900000000551,2.9463286785898,-0.3244286785892494,19.45665489659243
2025-02-13,2176.5,2303.9,2317.85,2317.7,0.05853434413048486,MUTHOOTFIN,0.05853434413048486,1,L,2319.0089249999996,2316.54115,1,-2.4677749999996195,2.45761771881695,-4.925392718816569,-0.6471514550121515
2025-02-13,348.35,356.85,347.5,347.8,0.024400746375771387,TATAPOWER,0.024400746375771387,1,L,347.67375,347.6261,9,-0.4288499999997839,3.3179473508948996,-3.7467973508946835,8.633093525181046
2025-02-14,2237.0,2185.0,2160.9,2155.0,-0.023245417970496174,ADANIENT,0.023245417970496174,-1,S,2159.81955,2156.0775,1,3.7420500000002903,2.2888124547332995,1.4532375452669908,27.303438382155765
2025-02-14,2320.1,2253.0,2255.55,2256.5,-0.028921167191069297,MUTHOOTFIN,0.028921167191069297,-1,S,2254.4222250000003,2257.6282499999998,1,-3.2060249999994994,2.39205381240735,-5.5980788124068495,-4.211833034071244
2025-02-17,882.0,859.6,876.15,891.0,-0.025396825396825418,ADANIGREEN,0.025396825396825418,-1,S,875.7119250000001,891.4454999999999,3,-47.20072499999958,2.80578635873415,-50.00651135873373,-169.49152542372838
2025-02-17,1008.15,985.35,1017.85,1015.95,-0.0226156821901502,MAXHEALTH,0.0226156821901502,-1,S,1017.341075,1016.457975,3,2.6493000000000393,3.2354108282559,-0.5861108282558609,18.666797661738286
2025-02-17,2939.55,2823.75,2823.05,2830.4,-0.03939378476297395,M&M,0.03939378476297395,-1,S,2821.638475,2831.8152,1,-10.176724999999806,2.9964886885305497,-13.173213688530355,-26.03567063991008
2025-02-18,704.0,679.05,679.7,677.6,-0.035440340909090984,ADANIENSOL,0.035440340909090984,-1,S,679.3601500000001,677.9388,4,5.6854000000003,2.8793261662508,2.8060738337494997,30.895983522142288
2025-02-19,1953.85,2073.6,2170.0,2177.7,0.061289249430611425,MAZDOCK,0.061289249430611425,1,L,2171.085,2176.6111499999997,1,5.526149999999689,2.3058694153298998,3.220280584669789,35.48387096774075
2025-02-19,1197.95,1150.0,1160.6,1164.25,-0.04002671230017951,DRREDDY,0.04002671230017951,-1,S,1160.0197,1164.832125,2,-9.624849999999697,2.4643350340249,-12.089185034024597,-31.44925038773172
2025-02-19,915.25,872.55,889.45,892.0,-0.04665391969407273,ZYDUSLIFE,0.04665391969407273,-1,S,889.0052750000001,892.4459999999999,3,-10.322174999999447,2.8325799119644497,-13.154754911963897,-28.66940243970939
2025-02-20,556.5,568.9,580.0,581.85,0.022282120395327842,SHRIRAMFIN,0.022282120395327842,1,L,580.29,581.559075,5,6.345375000000217,3.08091092945475,3.2644640705454675,31.896551724137634
2025-02-20,867.0,849.75,867.3,865.5,-0.019896193771626325,ADANIGREEN,0.019896193771626325,-1,S,866.86635,865.9327499999999,3,2.8008000000002085,2.7566334947897992,0.04416650521040921,20.75406433759919
2025-02-21,2832.35,2765.05,2668.2,2670.75,-0.023761187706321518,M&M,0.023761187706321518,-1,S,2666.8659,2672.0853749999997,1,-5.219474999999875,2.8302766364881498,-8.049751636488025,-9.557004722284823
2025-02-21,2277.7,2232.65,2207.55,2215.65,-0.019778724151556237,MUTHOOTFIN,0.019778724151556237,-1,S,2206.446225,2216.757825,1,-10.311599999999999,2.3441635146152997,-12.655763514615298,-36.69226065094789
2025-02-24,845.0,820.9,837.0,836.1,-0.028520710059171672,ADANIGREEN,0.028520710059171672,-1,S,836.5815,836.51805,3,0.1903499999999667,2.6613835844948994,-2.4710335844949327,10.752688172043223
2025-02-24,1385.0,1342.75,1375.75,1378.15,-0.030505415162454863,CHOLAFIN,0.030505415162454863,-1,S,1375.0621250000002,1378.839075,2,-7.553899999999885,2.9195491063423997,-10.473449106342285,-17.445029983647053
2025-02-25,989.85,1017.0,1022.6,1023.1,0.027428398242157925,MAXHEALTH,0.027428398242157925,1,L,1023.1112999999999,1022.5884500000001,3,-1.5685499999995045,3.2538770464304996,-4.822427046430004,4.889497359672479
2025-02-25,640.9,625.05,620.8,618.25,-0.024730847246060228,HINDALCO,0.024730847246060228,-1,S,620.4896,618.559125,5,9.652375000000006,3.2859410075592503,6.366433992440756,41.07603092783463
2025-02-25,93.8,98.5,100.5,99.45,0.05010660980810244,ADANIPOWER,0.05010660980810244,1,L,100.55024999999999,99.40027500000001,33,-37.94917499999946,3.4944515040154496,-41.44362650401491,-104.47761194029792
2025-02-27,575.2,599.9,604.75,607.5,0.04294158553546579,SHRIRAMFIN,0.04294158553546579,1,L,605.052375,607.1962500000001,5,10.719375000000468,3.21500782844625,7.504367171554218,45.473336089292275
2025-02-27,1370.0,1430.5,1434.0,1440.5,0.044160583941605935,CHOLAFIN,0.044160583941605935,1,L,1434.7169999999999,1439.7797500000001,2,10.125500000000557,3.049379632531,7.0761203674695565,45.327754532775714
2025-02-28,293.4,282.4,278.7,277.1,-0.03749147920927065,WIPRO,0.03749147920927065,-1,S,278.56065,277.23855000000003,11,14.543099999999754,3.243290793811201,11.299809206188552,57.40940078937773
2025-02-28,82.0,79.05,78.15,79.05,-0.03597560975609759,MOTHERSON,0.03597560975609759,-1,S,78.11092500000001,79.089525,42,-41.10119999999941,3.4962530316714,-44.59745303167081,-115.16314779270509
2025-02-28,2720.0,2602.25,2581.1,2583.15,-0.04329044117647063,M&M,0.04329044117647063,-1,S,2579.80945,2584.441575,1,-4.632124999999633,2.73771063023165,-7.369835630231282,-7.942350160785594
2025-03-03,112.82,109.18,109.79,109.1,-0.03226378301719546,UNIONBANK,0.03226378301719546,-1,S,109.73510500000002,109.15454999999999,30,17.41665000000097,3.4837454178609,13.93290458214007,62.84725384825718
2025-03-03,207.89,202.38,200.95,200.7,-0.02650440136610699,JIOFIN,0.02650440136610699,-1,S,200.849525,200.80034999999998,16,0.7868000000003121,3.4075298539479997,-2.6207298539476875,12.440905697934657
2025-03-04,808.0,783.5,770.85,770.1,-0.030321782178217793,ADANIGREEN,0.030321782178217793,-1,S,770.4645750000001,770.48505,4,-0.08189999999967768,3.2681972144609994,-3.350097214460677,9.729519361743044
2025-03-04,109.1,112.18,112.52,112.5,0.02823098075160413,UNIONBANK,0.02823098075160413,1,L,112.57625999999999,112.44375000000001,29,-3.842789999999482,3.45960962794554,-7.302399627945022,-1.777461784571166
2025-03-05,768.9,795.7,837.15,848.6,0.03485498764468731,ADANIGREEN,0.03485498764468731,1,L,837.5685749999999,848.1757000000001,3,31.82137500000067,2.68497668311845,29.13639831688222,136.77357701726177
2025-03-05,112.75,116.5,116.07,115.87,0.03325942350332589,UNIONBANK,0.03325942350332589,1,L,116.12803499999998,115.812065,28,-8.847159999999405,3.4424856133527997,-12.289645613352205,-17.23098130438472
2025-03-05,206.25,214.29,217.1,217.1,0.03898181818181823,JIOFIN,0.03898181818181823,1,L,217.20854999999997,216.99145000000001,15,-3.2564999999993915,3.4530037229999997,-6.709503722999392,0.0
2025-03-06,82.45,85.8,85.3,85.3,0.040630685263796096,MOTHERSON,0.040630685263796096,1,L,85.34264999999999,85.25735,39,-3.3266999999995903,3.5274397313999994,-6.85413973139959,0.0
2025-03-06,887.45,917.65,908.7,908.5,0.03403008620203951,ZYDUSLIFE,0.03403008620203951,1,L,909.15435,908.04575,3,-3.325800000000072,2.8902143826677995,-6.216014382667872,-2.2009464069550067
2025-03-06,402.0,413.95,414.5,413.6,0.02972636815920393,RECLTD,0.02972636815920393,1,L,414.70725,413.39320000000004,8,-10.512399999999616,3.5114867496135993,-14.023886749613215,-21.71290711700746
2025-03-07,272.4,277.93,277.53,277.54,0.020301027900146984,BEL,0.020301027900146984,1,L,277.66876499999995,277.40123000000006,12,-3.2104199999987486,3.53139737182644,-6.741817371825189,0.3603214066960625
2025-03-07,120.6,123.4,123.88,123.54,0.02321724709784423,IRFC,0.02321724709784423,1,L,123.94193999999999,123.47823000000001,26,-12.056459999999419,3.40957757291892,-15.466037572918339,-27.445915402001255
2025-03-07,427.0,435.45,431.0,429.4,0.01978922716627629,HINDZINC,0.01978922716627629,1,L,431.21549999999996,429.1853,7,-14.211399999999855,3.1918848680655993,-17.403284868065455,-37.12296983758745
2025-03-10,263.4,272.8,270.85,271.55,0.03568716780561898,POWERGRID,0.03568716780561898,1,L,270.985425,271.41422500000004,12,5.145600000000286,3.4516987778508,1.6939012221494858,25.844563411481225
2025-03-10,351.0,359.35,353.0,353.0,0.02378917378917378,TATAPOWER,0.02378917378917378,1,L,353.1765,352.8235,9,-3.176999999999566,3.3687065339999998,-6.5457065339995655,0.0
2025-03-10,1839.0,1886.1,1844.3,1840.95,0.025611745513866246,BAJAJFINSV,0.025611745513866246,1,L,1845.2221499999998,1840.0295250000001,1,-5.19262499999968,1.9534450658785498,-7.14607006587823,-18.164073090061184
2025-03-11,2699.0,2622.7,2642.6,2644.3,-0.02826972952945539,M&M,0.02826972952945539,-1,S,2641.2787,2645.62215,1,-4.343450000000303,2.8027745105920996,-7.146224510592402,-6.433058351624776
2025-03-11,1701.0,1640.95,1662.75,1660.3,-0.03530276308054081,INFY,0.03530276308054081,-1,S,1661.918625,1661.13015,2,1.5769500000001244,3.5241071840462994,-1.947157184046175,14.734626371973869
2025-03-11,211.5,205.35,208.38,207.99,-0.02907801418439715,ETERNAL,0.02907801418439715,-1,S,208.27581,208.093995,16,2.9090400000000045,3.53264153401488,-0.6236015340148753,18.715807659083204
2025-03-12,1667.0,1601.65,1587.35,1588.05,-0.03920215956808637,INFY,0.03920215956808637,-1,S,1586.556325,1588.8440249999999,2,-4.575399999999718,3.3668563579582,-7.942256357957918,-4.40986549910205
2025-03-12,648.9,667.0,668.45,667.8,0.027893357990445455,TMPV,0.027893357990445455,1,L,668.784225,667.4661,4,-5.272500000000036,2.8334786842937993,-8.105978684293836,-9.723988331215017
2025-03-12,278.7,268.35,268.55,268.5,-0.03713670613562958,WIPRO,0.03713670613562958,-1,S,268.415725,268.63425,12,-2.6222999999999956,3.416805867532199,-6.039105867532195,1.861850679576449
2025-03-13,224.2,229.0,225.18,225.45,0.02140945584299736,ONGC,0.02140945584299736,1,L,225.29259,225.337275,14,0.6255900000002157,3.3451682060928594,-2.7195782060926437,11.990407673860837
2025-03-13,855.0,884.6,872.9,874.4,0.03461988304093566,ADANIGREEN,0.03461988304093566,1,L,873.3364499999999,873.9628,3,1.8790500000003476,2.7795971718915,-0.9005471718911524,17.184098980409512
2025-03-17,2191.0,2305.0,2290.0,2293.95,0.052031036056595203,MUTHOOTFIN,0.052031036056595203,1,L,2291.145,2292.803025,1,1.6580250000001797,2.4307108082536497,-0.77268580825347,17.248908296942922
2025-03-17,1106.35,1145.15,1150.45,1150.7,0.035070276133231104,DRREDDY,0.035070276133231104,1,L,1151.025225,1150.1246500000002,2,-1.8011499999997795,2.4400608607435004,-4.24121086074328,2.173062714589946
2025-03-18,752.15,774.35,783.1,786.3,0.02951538921757635,INDHOTEL,0.02951538921757635,1,L,783.49155,785.90685,4,9.661200000000008,3.3296060761536,6.331593923846408,40.86323585748897
2025-03-18,507.75,522.75,533.15,532.4,0.02954209748892178,VBL,0.02954209748892178,1,L,533.416575,532.1338,6,-7.696650000000091,3.3890484473084985,-11.085698447308589,-14.067335646628099
2025-03-18,656.2,676.5,673.75,675.25,0.03093569033831134,DLF,0.03093569033831134,1,L,674.086875,674.912375,4,3.3020000000001346,2.861461125322,0.44053887467813446,22.263450834878462
2025-03-19,790.0,808.85,814.4,810.75,0.023860759493670836,INDHOTEL,0.023860759493670836,1,L,814.8072,810.3446250000001,4,-17.850299999999606,3.4448274732498003,-21.29512747324941,-44.81827111984305
2025-03-19,1017.5,1056.0,1087.9,1088.45,0.037837837837837895,MAXHEALTH,0.037837837837837895,1,L,1088.44395,1087.9057750000002,3,-1.6145249999997304,3.4616940301135504,-5.076219030113281,5.055611729019027
2025-03-20,265.9,273.8,268.1,268.1,0.029710417450169446,WIPRO,0.029710417450169446,1,L,268.23405,267.96595,12,-3.217200000000048,3.4113322824,-6.628532282400048,0.0
2025-03-20,1589.2,1630.0,1615.65,1617.3,0.025673294739491537,INFY,0.025673294739491537,1,L,1616.457825,1616.49135,2,0.06705000000010841,3.4283947940270996,-3.361344794026991,10.212607928696826
2025-03-21,2343.0,2407.5,2424.4,2412.6,0.027528809218950068,TVSMOTOR,0.027528809218950068,1,L,2425.6122,2411.3937,1,-14.218499999999949,2.5631422553334,-16.78164225533335,-48.671836330639316
2025-03-21,1134.15,1180.9,1170.0,1173.0,0.04122029713882647,MAXHEALTH,0.04122029713882647,1,L,1170.585,1172.4135,2,3.657000000000153,2.4850397153220003,1.1719602846781525,25.64102564102555
2025-03-21,868.0,893.0,892.4,892.7,0.02880184331797242,BAJFINANCE,0.02880184331797242,1,L,892.8462,892.2536500000001,3,-1.7776499999995394,2.8393235176982996,-4.616973517697839,3.361721201255996
2025-03-24,414.8,426.8,434.95,434.85,0.028929604628736838,KOTAKBANK,0.028929604628736838,1,L,435.16747499999997,434.63257500000003,7,-3.744299999999555,3.2279223361790996,-6.972222336178655,-2.299114840785821
2025-03-24,175.5,183.3,181.89,181.1,0.04444444444444451,GAIL,0.04444444444444451,1,L,181.98094499999996,181.00945000000002,18,-17.486909999999057,3.46248145312686,-20.949391453125916,-43.43284402660852
2025-03-25,517.8,530.55,522.0,520.85,0.024623406720741592,AMBUJACEM,0.024623406720741592,1,L,522.261,520.5895750000001,6,-10.028549999999314,3.3165757933797004,-13.345125793379014,-22.030651340996243
2025-03-25,1602.85,1646.65,1627.5,1626.2,0.027326324983623085,HCLTECH,0.027326324983623085,1,L,1628.3137499999998,1625.3869000000002,2,-5.853699999999208,3.4497494546938006,-9.303449454693009,-7.987711213517379
2025-03-26,209.82,204.07,202.27,203.3,-0.027404441902583176,ETERNAL,0.027404441902583176,-1,S,202.168865,203.40165,16,-19.724559999999656,3.43853480858224,-23.163094808581896,-50.92203490384195
2025-03-26,1205.0,1231.8,1202.05,1199.0,0.022240663900414903,LODHA,0.022240663900414903,1,L,1202.651025,1198.4005,2,-8.50104999999985,2.5452647762892995,-11.04631477628915,-25.373320577346536
2025-03-27,707.4,670.0,667.8,669.75,-0.05286966355668643,TMPV,0.05286966355668643,-1,S,667.4661,670.084875,4,-10.475100000000111,2.8356649520813995,-13.310764952081511,-29.200359389038866
2025-03-27,219.75,226.8,228.61,231.2,0.03208191126279858,BANKBARODA,0.03208191126279858,1,L,228.724305,231.0844,14,33.041330000000016,3.4168699721426194,29.624460027857396,113.29338174183023
2025-03-27,90.0,86.35,87.4,87.85,-0.04055555555555557,MOTHERSON,0.04055555555555557,-1,S,87.3563,87.893925,38,-20.42974999999967,3.528797307932299,-23.958547307931973,-51.48741418764091
2025-03-28,977.45,1013.15,1002.9,1002.95,0.036523607345644304,TATACONSUM,0.036523607345644304,1,L,1003.40145,1002.4485250000001,3,-2.8587749999994685,3.19034696128305,-6.049121961282518,0.4985541928403947
2025-03-28,441.9,464.8,463.8,462.3,0.05182167911292157,HINDZINC,0.05182167911292157,1,L,464.0319,462.06885000000005,7,-13.74134999999967,3.4357873253865,-17.17713732538617,-32.34152652005218
2025-03-28,2734.0,2640.95,2668.5,2665.5,-0.034034381858083496,M&M,0.034034381858083496,-1,S,2667.16575,2666.83275,1,0.3330000000000837,2.828261318661,-2.4952613186609165,11.242270938729426
2025-04-02,290.9,278.75,282.05,282.3,-0.04176693021656919,BEL,0.04176693021656919,-1,S,281.90897500000005,282.44115,11,-5.853924999999322,3.29092027141075,-9.144845271410071,-8.863676653074748
2025-04-02,992.4,1044.6,1064.2,1063.3,0.05259975816203144,TATACONSUM,0.05259975816203144,1,L,1064.7321,1062.76835,3,-5.891249999999673,3.3835201233050998,-9.274770123304773,-8.457056944184416
2025-04-02,1156.0,1193.2,1212.75,1219.9,0.03217993079584769,LODHA,0.03217993079584769,1,L,1213.3563749999998,1219.29005,2,11.867350000000442,2.5810101751840997,9.286339824816343,58.956916099774936
2025-04-03,888.6,923.6,902.7,902.8,0.03938780103533657,ZYDUSLIFE,0.03938780103533657,1,L,903.15135,902.3486,3,-2.408249999999839,2.8717041419660996,-5.279954141965939,1.1077877478671283
2025-04-03,1713.95,1794.15,1767.25,1769.0,0.046792496863969246,SUNPHARMA,0.046792496863969246,1,L,1768.133625,1768.1155,1,-0.018124999999827196,1.8750092348022498,-1.893134234802077,9.902390720044618
2025-04-04,653.1,618.5,599.4,600.0,-0.0529781044250498,HINDALCO,0.0529781044250498,-1,S,599.1003000000001,600.3,5,-5.998499999999467,3.179106282339,-9.177606282338466,-10.010010010010895
2025-04-04,2738.0,2556.45,2548.8,2544.7,-0.06630752373995619,MAZDOCK,0.06630752373995619,-1,S,2547.5256000000004,2545.9723499999996,1,1.553250000000844,2.7008759015367003,-1.1476259015358563,16.086001255494196
2025-04-04,243.58,229.37,225.33,225.77,-0.05833812299860419,ONGC,0.05833812299860419,-1,S,225.21733500000002,225.882885,14,-9.317699999999547,3.3475659664960795,-12.665265966495626,-19.526916078640433
2025-04-07,4905.0,2450.0,2812.5,2805.5,-0.5005096839959225,SIEMENS,0.5005096839959225,-1,S,2811.09375,2806.9027499999997,1,4.191000000000258,2.9792688222089994,1.211731177791259,24.888888888888737
2025-04-07,615.0,552.65,574.65,580.5,-0.10138211382113826,TMPV,0.10138211382113826,-1,S,574.362675,580.79025,5,-32.137875000000236,3.0589254078052495,-35.19680040780548,-101.80109631949819
2025-04-07,3711.95,3106.15,3137.0,3168.65,-0.16320262934576157,TRENT,0.16320262934576157,-1,S,3135.4315,3170.234325,1,-34.80282499999976,3.3395996569764494,-38.1424246569762,-100.89257252151818
2025-04-08,1851.1,1927.55,1901.15,1902.25,0.04129976770568855,BAJAJFINSV,0.04129976770568855,1,L,1902.100575,1901.2988750000002,1,-0.8016999999997552,2.0165730897757,-2.818273089775455,5.785971648737398
2025-04-08,619.0,644.45,640.0,640.65,0.04111470113085636,SHRIRAMFIN,0.04111470113085636,1,L,640.3199999999999,640.3296750000001,5,0.04837500000064665,3.3951740941327495,-3.346799094132103,10.156249999999645
2025-04-08,3046.1,3168.45,3132.95,3120.6,0.0401661140474705,TITAN,0.0401661140474705,1,L,3134.5164749999994,3119.0397000000003,1,-15.47677499999918,3.314095631195549,-18.79087063119473,-39.419716241880785
2025-04-09,1314.85,1278.4,1272.55,1273.05,-0.027721793360459213,TECHM,0.027721793360459213,-1,S,1271.913725,1273.6865249999998,2,-3.5455999999994674,2.699096860313,-6.244696860312468,-3.9291186986756266
2025-04-09,289.15,297.3,293.55,293.65,0.02818606259726808,POWERGRID,0.02818606259726808,1,L,293.696775,293.503175,11,-2.129600000000039,3.4246012315757,-5.554201231575739,3.4065746891487336
2025-04-09,247.2,237.2,236.2,236.65,-0.04045307443365698,WIPRO,0.04045307443365698,-1,S,236.0819,236.768325,14,-9.609950000000197,3.5089876731118994,-13.118937673112097,-19.05165114310048
2025-04-11,2137.2,2027.65,2016.0,2017.95,-0.05125865618566339,MUTHOOTFIN,0.05125865618566339,-1,S,2014.9920000000002,2018.958975,1,-3.9669749999998203,2.13846932242035,-6.105444322420171,-9.67261904761818
2025-04-11,127.35,133.79,133.19,133.49,0.05056929721240677,TATASTEEL,0.05056929721240677,1,L,133.256595,133.423255,25,4.166500000000184,3.5354730686524998,0.6310269313476842,22.52421352954448
2025-04-11,138.63,145.01,142.52,142.22,0.04602178460650652,VEDL,0.04602178460650652,1,L,142.59126,142.14889,23,-10.174510000000254,3.4713433116997003,-13.645853311699954,-21.049677238282882
2025-04-15,78.8,84.7,84.8,85.05,0.0748730964467006,MOTHERSON,0.0748730964467006,1,L,84.8424,85.007475,39,6.437925000000064,3.5130021447982505,2.9249228552018134,29.48113207547065
2025-04-15,2435.0,2581.6,2660.0,2663.0,0.06020533880903489,MAZDOCK,0.06020533880903489,1,L,2661.33,2661.6685,1,0.3385000000002947,2.8224294376610004,-2.4839294376607057,11.278195488721998
2025-04-15,623.2,653.6,662.2,662.8,0.04878048780487809,DLF,0.04878048780487809,1,L,662.5311,662.4686,5,-0.3125,3.5127120796609996,-3.8252120796609996,9.06070673512449
2025-04-16,588.1,598.85,598.75,598.5,0.018279204216969935,CGPOWER,0.018279204216969935,1,L,599.0493749999999,598.2007500000001,5,-4.2431249999992815,3.17359898014125,-7.416723980140532,-4.1753653444676075
2025-04-16,1215.9,1242.0,1241.0,1240.3,0.0214655810510731,LODHA,0.0214655810510731,1,L,1241.6205,1239.67985,2,-3.88130000000001,2.6308729757581997,-6.51217297575821,-5.640612409347767
2025-04-17,247.9,234.3,237.35,237.2,-0.05486083098023398,WIPRO,0.05486083098023398,-1,S,237.231325,237.31859999999998,14,-1.2218499999996766,3.5225275159626994,-4.744377515962376,6.31978091426233
2025-04-17,1434.0,1394.0,1433.4,1440.4,-0.02789400278940024,HCLTECH,0.02789400278940024,-1,S,1432.6833000000001,1441.1202,2,-16.873799999999846,3.045674551182,-19.919474551181846,-48.83493790986515
2025-04-21,1304.8,1358.5,1373.5,1373.0,0.04115573267933792,TECHM,0.04115573267933792,1,L,1374.1867499999998,1372.3135,2,-3.7464999999997417,2.9121195681129994,-6.658619568112741,-3.6403349108116156
2025-04-21,187.0,195.7,195.69,195.36,0.04652406417112287,GAIL,0.04652406417112287,1,L,195.78784499999998,195.26232000000002,17,-8.933924999999306,3.5238816696339295,-12.457806669633236,-16.86340640809414
2025-04-22,1659.9,1613.0,1567.1,1567.3,-0.028254714139406056,CHOLAFIN,0.028254714139406056,-1,S,1566.31645,1568.0836499999998,2,-3.5343999999995503,3.3234920708451994,-6.85789207084475,-1.2762427413703925
2025-04-22,1071.5,1104.1,1125.5,1129.4,0.03042463835744269,MAXHEALTH,0.03042463835744269,1,L,1126.06275,1128.8353000000002,2,5.545100000000275,2.3918211079185996,3.1532788920816754,34.65126610395552
2025-04-22,234.21,241.6,236.25,237.83,0.03155287989411204,ETERNAL,0.03155287989411204,1,L,236.368125,237.71108500000003,14,18.80144000000047,3.5212358832204402,15.280204116780029,66.87830687830632
2025-04-23,1370.1,1434.4,1439.4,1438.3,0.04693088095759457,TECHM,0.04693088095759457,1,L,1440.1197,1437.58085,2,-5.0776999999998225,3.0511047566485994,-8.128804756648421,-7.642073086009393
2025-04-23,1477.0,1584.9,1594.3,1594.2,0.07305348679756274,HCLTECH,0.07305348679756274,1,L,1595.0971499999998,1593.4029,2,-3.388499999999567,3.3808785200225997,-6.769378520022167,-0.6272345229874077
2025-04-24,2770.0,2835.2,2735.0,2719.8,0.023537906137184095,MAZDOCK,0.023537906137184095,1,L,2736.3675,2718.4401000000003,1,-17.92739999999958,2.8903088005176,-20.81770880051718,-55.575868372942374
2025-04-24,1367.0,1334.5,1320.1,1317.3,-0.023774689100219404,LODHA,0.023774689100219404,-1,S,1319.43995,1317.9586499999998,2,2.962600000000293,2.7971605061671996,0.16543949383309364,21.210514354972343
2025-04-25,1615.0,1692.8,1690.6,1695.8,0.048173374613003084,SBILIFE,0.048173374613003084,1,L,1691.4452999999999,1694.9521,1,3.506800000000112,1.7959416958123997,1.7108583041877123,30.758310658938193
2025-04-25,971.4,942.5,914.95,913.1,-0.029750875025736034,ADANIGREEN,0.029750875025736034,-1,S,914.4925250000001,913.55655,3,2.8079250000002958,2.9081463182728498,-0.10022131827255398,20.21968413574493
2025-04-25,1208.5,1164.9,1168.4,1165.8,-0.036077782374844825,AXISBANK,0.036077782374844825,-1,S,1167.8158,1166.3828999999998,2,2.8658000000004904,2.4756209178124,0.3901790821880904,22.25265320095926
2025-04-28,2642.0,2765.0,2777.9,2785.0,0.04655563966691889,MAZDOCK,0.04655563966691889,1,L,2779.28895,2783.6075,1,4.318549999999959,2.9500673735977,1.3684826264022592,25.55887540948154
2025-04-28,640.7,600.4,617.85,623.05,-0.06289995317621366,SHRIRAMFIN,0.06289995317621366,-1,S,617.5410750000001,623.3615249999999,5,-29.102249999999117,3.2865928624380003,-32.388842862437116,-84.16282269159137
2025-04-29,2788.0,2864.0,2994.4,3034.0,0.027259684361549574,MAZDOCK,0.027259684361549574,1,L,2995.8972,3032.483,1,36.58580000000029,3.2004283579252,33.38537164207509,132.24686080683944
2025-04-29,2778.2,2710.0,2707.9,2704.1,-0.024548268663163175,TVSMOTOR,0.024548268663163175,-1,S,2706.5460500000004,2705.45205,1,1.0940000000005057,2.8697024445706,-1.7757024445700944,14.033014513091802
2025-04-30,2063.8,1945.0,1952.3,1954.3,-0.05756371741447819,BAJAJFINSV,0.05756371741447819,-1,S,1951.32385,1955.27715,1,-3.9532999999998992,2.070946558826,-6.024246558825899,-10.244327203809966
2025-04-30,910.0,867.4,864.8,863.4,-0.0468131868131868,BAJFINANCE,0.0468131868131868,-1,S,864.3676,863.8317,3,1.60770000000025,2.7491854531254,-1.1414854531251502,16.188714153561044
2025-05-02,1215.8,1271.9,1267.2,1268.0,0.0461424576410594,ADANIPORTS,0.0461424576410594,1,L,1267.8336,1267.366,2,-0.9351999999998952,2.6883546142192003,-3.6235546142190955,6.313131313131493
2025-05-02,137.25,143.02,143.4,143.31,0.04204007285974498,IOC,0.04204007285974498,1,L,143.4717,143.238345,23,-5.367164999999744,3.49589537921391,-8.863060379213653,-6.27615062761544
2025-05-02,620.55,646.4,633.15,632.4,0.04165659495608742,HINDALCO,0.04165659495608742,1,L,633.4665749999999,632.0838,5,-6.913874999999621,3.3543780394237492,-10.26825303942337,-11.845534233594357
2025-05-05,143.23,148.78,148.47,148.53,0.03874886546114653,IOC,0.03874886546114653,1,L,148.544235,148.455735,22,-1.9469999999996048,3.4642821640508403,-5.411282164050445,4.041220448576244
2025-05-05,311.45,323.9,321.45,321.0,0.03997431369401183,BPCL,0.03997431369401183,1,L,321.61072499999995,320.83950000000004,10,-7.712249999999017,3.4055897825084998,-11.117839782507517,-13.999066728884735
2025-05-05,436.0,415.0,418.2,416.5,-0.04816513761467889,KOTAKBANK,0.04816513761467889,-1,S,417.9909,416.70824999999996,7,8.978550000000325,3.0990419810553,5.8795080189450255,40.650406504064705
2025-05-06,1132.6,1164.9,1157.1,1154.3,0.028518453116722853,MAXHEALTH,0.028518453116722853,1,L,1157.6785499999999,1153.72285,2,-7.911399999999503,2.4502599834327996,-10.361659983432302,-24.19842710223774
2025-05-06,2941.0,2797.0,2784.0,2786.1,-0.04896293777626659,CUMMINSIND,0.04896293777626659,-1,S,2782.608,2787.4930499999996,1,-4.88504999999941,2.9528750438373,-7.8379250438367105,-7.543103448275357
2025-05-06,3024.0,3132.2,3066.3,3072.1,0.0357804232804233,M&M,0.0357804232804233,1,L,3067.83315,3070.56395,1,2.730800000000272,3.2550381287446,-0.5242381287443281,18.915305090825285
2025-05-07,647.55,670.6,678.15,679.3,0.035595706895220625,TMPV,0.035595706895220625,1,L,678.489075,678.96035,4,1.8850999999999658,2.8792272762802,-0.994127276280234,16.957900169578544
2025-05-07,2958.0,3029.6,2808.9,2810.9,0.024205544286680203,MAZDOCK,0.024205544286680203,1,L,2810.30445,2809.4945500000003,1,-0.8098999999997432,2.9796744555740005,-3.7895744555737436,7.1202249991109134
2025-05-07,596.0,619.0,610.8,609.95,0.038590604026845554,CGPOWER,0.038590604026845554,1,L,611.1053999999999,609.645025,5,-7.301874999999427,3.235564867980249,-10.537439867979677,-13.916175507530104
2025-05-08,681.65,698.2,685.0,684.45,0.02427932223281748,TMPV,0.02427932223281748,1,L,685.3425,684.1077750000001,4,-4.938899999999649,2.9039292870486,-7.842829287048248,-8.029197080291484
2025-05-08,95.0,97.3,95.0,94.5,0.02421052631578946,MOTHERSON,0.02421052631578946,1,L,95.0475,94.45275000000001,35,-20.81624999999967,3.5144387969775,-24.33068879697717,-52.63157894736858
2025-05-08,1148.9,1126.8,1120.1,1114.2,-0.019235790756375826,MAXHEALTH,0.019235790756375826,-1,S,1119.5399499999999,1114.7571,2,9.565699999999651,2.370417002266599,7.195282997733052,52.67386840460575
2025-05-09,115.0,121.1,122.35,122.96,0.053043478260869525,UNIONBANK,0.053043478260869525,1,L,122.41117499999999,122.89852,27,13.158315000000513,3.5133260298588898,9.644988970141624,49.856967715569134
2025-05-09,305.0,319.75,315.45,315.9,0.04836065573770498,BEL,0.04836065573770498,1,L,315.60772499999996,315.74205,10,1.3432500000004666,3.347728415491499,-2.0044784154910325,14.265335235377208
2025-05-12,883.9,932.85,943.5,941.55,0.055379567824414666,ADANIGREEN,0.055379567824414666,1,L,943.9717499999999,941.079225,3,-8.677574999999933,2.99755458156105,-11.675129581560984,-20.66772655007987
2025-05-12,384.95,405.8,411.55,412.85,0.05416287829588273,RECLTD,0.05416287829588273,1,L,411.75577499999997,412.64357500000006,8,7.102400000000671,3.4977250220247997,3.604674977975871,31.58789940469031
2025-05-13,322.2,332.5,336.2,335.6,0.03196772191185593,BEL,0.03196772191185593,1,L,336.36809999999997,335.4322,9,-8.423099999999522,3.2049273318101994,-11.628027331809722,-17.846519928612636
2025-05-13,227.0,233.5,232.75,232.73,0.028634361233480066,BANKBARODA,0.028634361233480066,1,L,232.86637499999998,232.61363500000002,14,-3.538359999999443,3.45494523335164,-6.993305233351084,-0.8592910848559399
2025-05-13,1194.0,1237.0,1210.4,1205.9,0.03601340033500833,DRREDDY,0.03601340033500833,1,L,1211.0052,1205.2970500000001,2,-11.416299999999865,2.5611167606169998,-13.977416760616865,-37.177792465300506
2025-05-14,3011.0,3102.0,3086.6,3071.7,0.030222517436067742,MAZDOCK,0.030222517436067742,1,L,3088.1432999999997,3070.16415,1,-17.979149999999663,3.2633170194836993,-21.242467019483364,-48.27318084623889
2025-05-14,633.2,652.7,652.15,652.55,0.030795957043588063,SHRIRAMFIN,0.030795957043588063,1,L,652.4760749999999,652.223725,5,-1.2617499999998927,3.4587899882739994,-4.720539988273892,6.133558230467795
2025-05-14,149.6,156.67,155.15,155.42,0.047259358288769926,TATASTEEL,0.047259358288769926,1,L,155.227575,155.34229,21,2.4090149999997834,3.4583815536792897,-1.0493665536795063,17.40251369642065
2025-05-15,990.8,1009.2,1035.9,1037.2,0.01857085183689966,JSWSTEEL,0.01857085183689966,1,L,1036.41795,1036.6814000000002,3,0.7903500000004442,3.2977204663592996,-2.5073704663588554,12.549473887439877
2025-05-15,2266.0,2158.3,2107.0,2102.1,-0.04752868490732565,MUTHOOTFIN,0.04752868490732565,-1,S,2105.9465,2103.15105,1,2.7954500000000735,2.2320804570462998,0.5633695429537737,23.255813953488857
2025-05-16,394.3,408.9,407.3,406.4,0.03702764392594471,RECLTD,0.03702764392594471,1,L,407.50365,406.1968,8,-10.454799999999977,3.4504110504136003,-13.905211050413577,-22.096734593666234
2025-05-16,407.25,421.9,415.1,417.4,0.03597298956414963,PFC,0.03597298956414963,1,L,415.30755,417.1913,8,15.070000000000164,3.532957981920799,11.537042018079365,55.40833534088074
2025-05-19,138.79,141.88,141.39,141.7,0.02226385186252622,IRFC,0.02226385186252622,1,L,141.460695,141.62915,23,3.8744650000005265,3.45276290271431,0.42170209728621666,21.925171511423258
2025-05-20,141.25,137.62,137.1,136.83,-0.02569911504424771,IRFC,0.02569911504424771,-1,S,137.03145,136.898415,24,3.19284000000016,3.48622489078776,-0.2933848907875998,19.693654266956795
2025-05-20,1187.2,1141.7,1154.9,1164.0,-0.03832547169811318,MAXHEALTH,0.03832547169811318,-1,S,1154.32255,1164.5819999999999,2,-20.518899999999576,2.4568298888566,-22.975729888856176,-78.79470083989926
2025-05-20,738.15,765.95,753.5,752.4,0.037661721872248366,DLF,0.037661721872248366,1,L,753.8767499999999,752.0238,4,-7.411799999999403,3.1930552020971996,-10.604855202096601,-14.598540145985828
2025-05-21,3233.1,3319.8,3294.8,3285.2,0.026816368191519002,TORNTPHARM,0.026816368191519002,1,L,3296.4474,3283.5574,1,-12.889999999999873,3.4874717250848004,-16.377471725084675,-29.136821658372057
2025-05-21,659.7,644.75,658.2,657.3,-0.022661815976959265,SHRIRAMFIN,0.022661815976959265,-1,S,657.8709000000001,657.6286499999999,5,1.2112500000012005,3.4876935594915,-2.2764435594902994,13.673655423884767
2025-05-21,364.25,375.4,382.2,382.9,0.030610844200411824,BEL,0.030610844200411824,1,L,382.3911,382.70855,8,2.539600000000064,3.2456851721671995,-0.7060851721671355,18.31501831501825
2025-05-22,295.85,288.55,290.25,291.2,-0.024674666215987906,POWERGRID,0.024674666215987906,-1,S,290.104875,291.3456,11,-13.647974999999974,3.3898004778808497,-17.037775477880825,-32.73040482342671
2025-05-22,1596.1,1568.0,1564.1,1565.0,-0.017605413194661912,TECHM,0.017605413194661912,-1,S,1563.3179499999999,1565.7825,2,-4.92910000000029,3.3177186294034,-8.24681862940369,-5.754107793620733
2025-05-23,229.87,235.34,238.46,237.58,0.02379605864184109,ETERNAL,0.02379605864184109,1,L,238.57923,237.46121000000002,13,-14.534259999999648,3.2797184698127193,-17.81397846981237,-36.90346389331523
2025-05-23,1551.0,1578.0,1567.2,1564.4,0.01740812379110257,INFY,0.01740812379110257,1,L,1567.9836,1563.6178000000002,2,-8.731599999999617,3.3199524918328,-12.051552491832418,-17.866258295048397
2025-05-23,1724.7,1664.8,1673.1,1682.7,-0.0347306777990376,SUNPHARMA,0.0347306777990376,-1,S,1672.26345,1683.54135,1,-11.277900000000045,1.7780943868847998,-13.055994386884844,-57.37851891698176
2025-05-26,1411.2,1457.5,1443.8,1439.7,0.03280895691609964,LODHA,0.03280895691609964,1,L,1444.5219,1438.98015,2,-11.08349999999973,3.0565963309265998,-14.14009633092633,-28.397284942511813
2025-05-26,237.16,228.77,227.13,227.02,-0.035376960701635984,ETERNAL,0.035376960701635984,-1,S,227.016435,227.13351,14,-1.6390499999999975,3.3710492268259795,-5.010099226825977,4.843041430017125
2025-05-28,1450.1,1468.8,1468.3,1469.0,0.012895662368112681,LODHA,0.012895662368112681,1,L,1469.03415,1468.2655,2,-1.5372999999999593,3.1146961854417996,-4.651996185441758,4.767418102566978
2025-05-28,434.7,420.4,421.4,420.05,-0.03289625028755461,ITC,0.03289625028755461,-1,S,421.1893,420.260025,7,6.504925000000128,3.12382371033215,3.381101289667978,32.03607024204969
2025-05-29,2960.0,3045.9,3168.3,3167.5,0.02902027027027021,CUMMINSIND,0.02902027027027021,1,L,3169.88415,3165.91625,1,-3.967899999999645,3.3589696338904003,-7.326869633890045,-2.5250134141341363
2025-05-30,3172.7,3265.0,3269.2,3270.8,0.029091940618400702,CUMMINSIND,0.029091940618400702,1,L,3270.8345999999997,3269.1646000000005,1,-1.6699999999991633,3.4674939158192006,-5.137493915818364,4.894163709776578
2025-05-30,101.4,104.35,102.55,102.05,0.02909270216962523,MOTHERSON,0.02909270216962523,1,L,102.60127499999999,101.998975,32,-19.273599999999533,3.4693798130079996,-22.742979813007533,-48.756704046806206
2025-06-02,1231.2,1270.9,1266.1,1264.9,0.032244964262508224,GODREJCP,0.032244964262508224,1,L,1266.7330499999998,1264.2675500000003,2,-4.9309999999991305,2.6834622382712006,-7.614462238270331,-9.477924334568844
2025-06-02,105.8,108.87,108.37,108.46,0.029017013232514266,PNB,0.029017013232514266,1,L,108.424185,108.40577,30,-0.552449999999709,3.4490056220948992,-4.001455622094609,8.304881424747723
2025-06-02,147.0,152.51,153.62,153.44,0.03748299319727888,UNIONBANK,0.03748299319727888,1,L,153.69681,153.36328,21,-7.004129999999918,3.4182656545871404,-10.422395654587058,-11.71722431975053
2025-06-03,1430.2,1463.0,1455.1,1447.1,0.022933855404838388,LODHA,0.022933855404838388,1,L,1455.8275499999997,1446.37645,2,-18.90219999999954,3.0755687942079994,-21.977768794207538,-54.97903924128966
2025-06-03,452.7,466.6,469.3,468.4,0.03070466092334878,HINDZINC,0.03070466092334878,1,L,469.53465,468.1658,7,-9.581950000000063,3.4792980971118994,-13.061248097111962,-19.177498401875546
2025-06-04,468.25,457.45,466.55,467.3,-0.02306460224239193,HINDZINC,0.02306460224239193,-1,S,466.316725,467.53364999999997,7,-8.518474999999626,3.4651252102932495,-11.983600210292876,-16.075447433285817
2025-06-04,1565.6,1532.9,1511.2,1512.4,-0.02088656106285114,CHOLAFIN,0.02088656106285114,-1,S,1510.4444,1513.1562,2,-5.423599999999624,3.2057867074711996,-8.629386707470823,-7.9407093700378795
2025-06-04,191.5,187.2,189.97,189.23,-0.022454308093994846,GAIL,0.022454308093994846,-1,S,189.87501500000002,189.32461499999997,17,9.356800000000902,3.4190747992784605,5.937725200722442,38.95351897668098
2025-06-05,245.33,253.95,257.82,256.31,0.0351363469612358,ETERNAL,0.0351363469612358,1,L,257.94890999999996,256.181845,12,-21.204779999999346,3.268933398607559,-24.473713398606904,-58.567993173531676
2025-06-05,1251.0,1284.4,1290.0,1291.5,0.02669864108713038,DRREDDY,0.02669864108713038,1,L,1290.645,1290.85425,2,0.4185000000002219,2.7376020776609997,-2.319102077660778,11.627906976743319
2025-06-06,251.25,243.3,246.04,246.24,-0.031641791044776046,BANKBARODA,0.031641791044776046,-1,S,245.91698,246.36312,13,-5.799820000000182,3.3926182277337995,-9.19243822773398,-8.128759551293552
2025-06-06,158.05,154.92,157.23,157.7,-0.019803859538121027,TATASTEEL,0.019803859538121027,-1,S,157.151385,157.77884999999998,21,-13.17676499999942,3.5052187302953097,-16.681983730294732,-29.892514151244054
2025-06-09,1858.0,1932.9,1947.6,1953.3,0.04031216361679224,HYUNDAI,0.04031216361679224,1,L,1948.5738,1952.3233500000001,1,3.7495500000002266,2.0687695427559,1.6807804572443268,29.266789895256995
2025-06-09,153.0,157.28,155.42,155.51,0.027973856209150272,UNIONBANK,0.027973856209150272,1,L,155.49770999999998,155.432245,21,-1.374764999999769,3.4619748485664292,-4.836739848566198,5.790760519881477
2025-06-09,414.4,426.15,427.15,427.5,0.028354247104247055,KOTAKBANK,0.028354247104247055,1,L,427.36357499999997,427.28625,7,-0.5412749999998141,3.17204336652315,-3.713318366522964,8.193842912327387
2025-06-10,2606.2,2702.3,2711.7,2708.5,0.03687360908602577,GRASIM,0.03687360908602577,1,L,2713.0558499999997,2707.14575,1,-5.910099999999602,2.8732817025615995,-8.7833817025612,-11.80071541837191
2025-06-10,525.9,540.2,533.7,534.35,0.027191481270203655,HINDZINC,0.027191481270203655,1,L,533.96685,534.0828250000001,6,0.6958500000002914,3.3979227853593006,-2.702072785359009,12.179126850289101
2025-06-11,142.15,145.26,145.05,145.15,0.021878297572986094,IOC,0.021878297572986094,1,L,145.122525,145.077425,22,-0.9921999999997979,3.3850651491513997,-4.377265149151198,6.894174422611421
2025-06-11,320.2,329.75,333.0,333.7,0.02982510930668325,BPCL,0.02982510930668325,1,L,333.1665,333.53315000000003,10,3.6665000000004966,3.535418201209,0.1310817987914965,21.021021021021546
2025-06-11,1605.0,1510.4,1504.9,1504.0,-0.05894080996884732,UNITDSPR,0.05894080996884732,-1,S,1504.1475500000001,1504.752,2,-1.2088999999996304,3.1906605665965997,-4.3995605665962305,5.980463818194837
2025-06-12,2207.6,2252.9,2215.0,2220.9,0.02052002174306944,ASIANPAINT,0.02052002174306944,1,L,2216.1075,2219.7895500000004,1,3.682050000000345,2.3524329747333,1.3296170252670447,26.63656884875909
2025-06-12,334.05,325.35,320.0,319.0,-0.026044005388414893,BPCL,0.026044005388414893,-1,S,319.84000000000003,319.1595,10,6.805000000000518,3.3888900388700005,3.416109961130518,31.250000000000444
2025-06-12,247.45,252.54,247.98,248.15,0.02056981208324915,ONGC,0.02056981208324915,1,L,248.10398999999998,248.02592500000003,13,-1.014844999999383,3.4196811110902705,-4.434526111089653,6.855391563835855
2025-06-13,115.48,111.1,111.05,111.45,-0.03792864565292697,CANBK,0.03792864565292697,-1,S,110.99447500000001,111.505725,30,-15.337499999999693,3.5375746063560007,-18.875074606355692,-36.01981089599305
2025-06-13,319.2,306.2,311.1,312.55,-0.0407268170426065,BPCL,0.0407268170426065,-1,S,310.94445,312.706275,10,-17.618249999999875,3.3048202856385,-20.923070285638374,-46.608807457408915
2025-06-16,713.75,677.8,688.9,687.7,-0.05036777583187402,TMPV,0.05036777583187402,-1,S,688.55555,688.04385,4,2.0468000000000757,2.9198603218576,-0.8730603218575244,17.419073885903693
2025-06-16,3206.6,3097.6,3152.0,3170.9,-0.03399239069419324,MAZDOCK,0.03399239069419324,-1,S,3150.424,3172.48545,1,-22.06145000000015,3.3501442265357,-25.41159422653585,-59.961928934011425
2025-06-17,3166.0,3269.3,3313.3,3302.4,0.03262792166771966,MAZDOCK,0.03262792166771966,1,L,3314.95665,3300.7488000000003,1,-14.20784999999978,3.5062561744317,-17.71410617443148,-32.89771526876595
2025-06-17,513.7,501.85,485.55,486.75,-0.023067938485497375,HINDZINC,0.023067938485497375,-1,S,485.307225,486.99337499999996,6,-10.116899999999646,3.0921214886135995,-13.209021488613246,-24.714241581711427
2025-06-17,859.35,872.8,852.2,852.35,0.01565136440332804,DLF,0.01565136440332804,1,L,852.6261,851.9238250000001,3,-2.106824999999617,2.71115831484915,-4.817983314848767,1.7601501994835012
2025-06-18,485.95,459.35,454.1,453.4,-0.05473814178413405,HINDZINC,0.05473814178413405,-1,S,453.87295000000006,453.62669999999997,7,1.7237500000006207,3.3684489784463,-1.6446989784456791,15.415106804669287
2025-06-19,468.55,459.95,448.6,449.6,-0.018354497919112256,VBL,0.018354497919112256,-1,S,448.37570000000005,449.8248,7,-10.143699999999512,3.332629001191,-13.476329001190512,-22.291573785109264
2025-06-19,170.65,167.18,164.7,164.57,-0.02033401699384707,VEDL,0.02033401699384707,-1,S,164.61765,164.65228499999998,20,-0.6926999999996042,3.4916734141061996,-4.184373414105804,7.893139040680008
2025-06-20,447.5,461.3,455.25,460.3,0.030837988826815765,VBL,0.030837988826815765,1,L,455.477625,460.06985000000003,7,32.14557500000029,3.4016655416054498,28.743909458394842,110.92806150466706
2025-06-20,382.85,398.2,394.75,394.3,0.04009403160506708,RECLTD,0.04009403160506708,1,L,394.94737499999997,394.10285000000005,8,-6.756199999999353,3.3462563748068,-10.102456374806152,-11.399620012666478
2025-06-20,389.5,408.65,409.0,409.0,0.04916559691912692,PFC,0.04916559691912692,1,L,409.2045,408.7955,8,-3.2719999999999345,3.4694390239999997,-6.741439023999934,0.0
2025-06-23,663.95,650.05,660.7,661.65,-0.020935311393930456,SHRIRAMFIN,0.020935311393930456,-1,S,660.3696500000001,661.980825,5,-8.055874999999446,3.50483686853675,-11.560711868536195,-14.378689268956801
2025-06-23,3208.7,3110.6,3099.0,3095.0,-0.030573129304702795,SIEMENS,0.030573129304702795,-1,S,3097.4505000000004,3096.5474999999997,1,0.9030000000007021,3.284318113548,-2.381318113547298,12.907389480477649
2025-06-23,2720.0,2629.0,2624.2,2625.0,-0.03345588235294117,ENRIN,0.03345588235294117,-1,S,2622.8879,2626.3125,1,-3.4245999999998276,2.7828858252904003,-6.207485825290227,-3.048548128954387
2025-06-24,1351.1,1408.9,1392.0,1389.9,0.04277995707201554,ADANIPORTS,0.04277995707201554,1,L,1392.696,1389.2050500000003,2,-6.981899999999314,2.9493045232746,-9.931204523273914,-15.086206896550713
2025-06-24,313.25,323.6,318.8,319.35,0.03304070231444545,BPCL,0.03304070231444545,1,L,318.9594,319.19032500000003,10,2.3092500000001337,3.3838897783785002,-1.0746397783783666,17.252195734003273
2025-06-25,763.4,781.0,782.65,781.9,0.023054755043227626,INDHOTEL,0.023054755043227626,1,L,783.0413249999999,781.50905,4,-6.129099999999653,3.3175869475389996,-9.446686947538652,-9.582827572989228
2025-06-25,1187.0,1206.1,1202.4,1203.05,0.016090985678180125,NESTLEIND,0.016090985678180125,1,L,1203.0012,1202.448475,2,-1.105450000000019,2.5507423192530996,-3.6561923192531185,5.405854956752609
2025-06-25,2064.2,2124.0,2125.2,2124.9,0.02897006104059696,HYUNDAI,0.02897006104059696,1,L,2126.2625999999996,2123.83755,1,-2.4250499999993735,2.2532468466338997,-4.678296846633273,-1.4116318464130195
2025-06-26,303.5,311.95,311.55,312.25,0.02784184514003285,JIOFIN,0.02784184514003285,1,L,311.705775,312.093875,10,3.8810000000000855,3.3079748422089996,0.5730251577910859,22.46830364307506
2025-06-26,926.0,946.5,949.0,952.0,0.022138228941684712,BAJFINANCE,0.022138228941684712,1,L,949.4744999999999,951.524,3,6.14850000000024,3.024552826983,3.12394717301724,31.612223393044925
2025-06-26,318.8,326.5,327.6,329.9,0.02415307402760347,BPCL,0.02415307402760347,1,L,327.7638,329.73505,10,19.712499999999977,3.4883982274010004,16.224101772598978,70.20757020756774
2025-06-27,991.0,1021.0,1017.9,1014.1,0.030272452068617506,ADANIGREEN,0.030272452068617506,1,L,1018.4089499999999,1013.5929500000001,3,-14.44799999999941,3.2306714382881996,-17.67867143828761,-37.331761469692196
2025-06-27,115.8,119.45,117.15,116.9,0.031519861830742624,ADANIPOWER,0.031519861830742624,1,L,117.208575,116.84155000000001,28,-10.27669999999955,3.473654487191,-13.75035448719055,-21.340162185232714
2025-06-27,170.23,174.97,173.36,173.71,0.0278446807260766,VEDL,0.0278446807260766,1,L,173.44668000000001,173.62314500000002,19,3.352835000000141,3.4968522674285496,-0.1440172674284086,20.189201661282574
2025-06-30,1424.6,1396.7,1389.5,1384.3,-0.019584444756422736,LODHA,0.019584444756422736,-1,S,1388.8052500000001,1384.9921499999998,2,7.626200000000608,2.9423178824247995,4.683882117575809,37.423533645196684
2025-06-30,3198.0,3261.9,3253.0,3249.3,0.019981238273921287,SIEMENS,0.019981238273921287,1,L,3254.6265,3247.6753500000004,1,-6.951149999999416,3.4469248742181,-10.398074874217516,-11.37411620042994
2025-07-01,422.8,434.25,432.85,431.9,0.027081362346262905,BEL,0.027081362346262905,1,L,433.066425,431.68405,7,-9.676624999999774,3.2085278687514505,-12.885152868751224,-21.947556890379303
2025-07-01,117.15,119.7,118.55,118.35,0.02176696542893719,ADANIPOWER,0.02176696542893719,1,L,118.609275,118.290825,28,-8.91659999999996,3.5161157618327996,-12.43271576183276,-16.87051876845258
2025-07-02,1603.0,1642.0,1608.5,1612.0,0.0243293824079851,INFY,0.0243293824079851,1,L,1609.30425,1611.1940000000002,2,3.779500000000553,3.415599555209,0.36390044479155303,21.759403170655833
2025-07-02,1600.0,1578.6,1548.8,1556.4,-0.013375000000000026,CHOLAFIN,0.013375000000000026,-1,S,1548.0256,1557.1782,2,-18.30520000000024,3.2909060081175996,-21.59610600811784,-49.07024793388448
2025-07-03,922.7,906.55,908.8,909.05,-0.01750298038365672,BAJFINANCE,0.01750298038365672,-1,S,908.3456,909.504525,3,-3.4767749999998614,2.89123175588475,-6.368006755884611,-2.7508802816900157
2025-07-03,406.65,397.75,399.1,400.0,-0.021886142874707915,TATAPOWER,0.021886142874707915,-1,S,398.90045000000003,400.2,8,-10.39639999999963,3.3884870776136,-13.78488707761323,-22.55073916311634
2025-07-04,912.5,937.25,925.8,925.5,0.027123287671232843,BAJFINANCE,0.027123287671232843,1,L,926.2629,925.0372500000001,3,-3.6769499999995787,2.9444179555016996,-6.621367955501278,-3.240440699934233
2025-07-07,3325.0,3264.2,3282.8,3283.1,-0.01828571428571435,MAZDOCK,0.01828571428571435,-1,S,3281.1586,3284.7415499999997,1,-3.582949999999528,3.4810168484339,-7.063966848433427,-0.9138540270492435
2025-07-07,1198.0,1249.5,1269.3,1268.6,0.04298831385642732,GODREJCP,0.04298831385642732,1,L,1269.93465,1267.9657,2,-3.9378999999998996,2.6908883329581994,-6.6287883329580986,-5.514850705113927
2025-07-07,427.55,417.4,417.05,416.9,-0.02373991346041404,BEL,0.02373991346041404,-1,S,416.84147500000006,417.10844999999995,7,-1.8688249999992195,3.09506795978135,-4.963892959780569,3.5966910442397637
2025-07-08,3001.1,3087.0,3036.0,3041.1,0.02862283829262613,ENRIN,0.02862283829262613,1,L,3037.518,3039.57945,1,2.06145000000015,3.2224618320237,-1.1610118320235503,16.798418972332474
2025-07-08,430.0,445.9,443.7,444.85,0.03697674418604646,KOTAKBANK,0.03697674418604646,1,L,443.92184999999995,444.62757500000004,7,4.940075000000604,3.2984674601903494,1.6416075398102548,25.918413342349567
2025-07-09,458.25,466.85,466.7,466.1,0.018767048554282573,VBL,0.018767048554282573,1,L,466.93334999999996,465.86695000000003,7,-7.464799999999514,3.4613436750746,-10.926143675074114,-12.856224555388707
2025-07-09,150.49,144.04,144.3,144.5,-0.04285999069705637,UNIONBANK,0.04285999069705637,-1,S,144.22785000000002,144.57225,23,-7.921199999999516,3.5211030699197994,-11.442303069919316,-13.86001386001201
2025-07-09,193.09,188.8,185.23,185.04,-0.02221761872701844,GAIL,0.02221761872701844,-1,S,185.137385,185.13251999999997,18,0.08757000000042581,3.533890784373539,-3.446320784373113,10.257517680720696
2025-07-10,3128.0,3185.8,3129.1,3130.2,0.018478260869565277,ENRIN,0.018478260869565277,1,L,3130.66455,3128.6349,1,-2.029649999999947,3.318620048675699,-5.348270048675646,3.515387811190429
2025-07-10,120.4,123.15,121.3,121.1,0.022840531561461708,ADANIPOWER,0.022840531561461708,1,L,121.36064999999999,121.03945,27,-8.67239999999974,3.4692705924102,-12.141670592409941,-16.488046166529546
2025-07-11,3397.0,3322.8,3267.5,3262.0,-0.02184280247277004,TCS,0.02184280247277004,-1,S,3265.86625,3263.631,1,2.2352500000001783,3.4623550863784995,-1.2271050863783213,16.83244070390222
2025-07-11,2098.5,2136.6,2105.9,2109.3,0.018155825589706964,HYUNDAI,0.018155825589706964,1,L,2106.95295,2108.24535,1,1.2924000000002707,2.2351498978158,-0.9427498978155295,16.145116102379564
2025-07-11,2407.0,2516.1,2524.8,2520.2,0.04532613211466563,HINDUNILVR,0.04532613211466563,1,L,2526.0624000000003,2518.9399,1,-7.1225000000004,2.6742079145198,-9.7967079145202,-18.21926489226966
2025-07-14,3185.5,3090.0,3074.0,3079.7,-0.02997959504002512,ENRIN,0.02997959504002512,-1,S,3072.463,3081.2398499999995,1,-8.776849999999286,3.2618877938440995,-12.038737793843385,-18.542615484709035
2025-07-15,3079.4,3043.5,3046.6,3053.2,-0.011658115217250131,ENRIN,0.011658115217250131,-1,S,3045.0767,3054.7265999999995,1,-9.649899999999434,3.2332128155457998,-12.883112815545234,-21.663493730716965
2025-07-15,1613.6,1572.5,1569.5,1566.4,-0.025470996529499246,HCLTECH,0.025470996529499246,-1,S,1568.7152500000002,1567.1832,2,3.064100000000508,3.3258068340994003,-0.2617068340988924,19.7515132207704
2025-07-16,104.15,102.65,102.75,102.75,-0.014402304368698937,MOTHERSON,0.014402304368698937,-1,S,102.698625,102.801375,32,-3.287999999999556,3.486404496,-6.774404495999557,-0.0
2025-07-16,686.0,667.8,670.5,668.4,-0.026530612244898055,SHRIRAMFIN,0.026530612244898055,-1,S,670.16475,668.7342,4,5.722200000000157,2.8403055806507997,2.8818944193493574,31.319910514541192
2025-07-16,3147.1,3092.0,3095.5,3091.0,-0.017508182135934636,SIEMENS,0.017508182135934636,-1,S,3093.9522500000003,3092.5454999999997,1,1.4067500000005566,3.2803966984915,-1.8736466984909432,14.537231465029388
2025-07-17,1261.3,1279.7,1281.6,1280.1,0.014588123364782435,GODREJCP,0.014588123364782435,1,L,1282.2407999999998,1279.45995,2,-5.561699999999746,2.715948896738999,-8.277648896738745,-11.70411985018771
2025-07-17,148.06,145.54,146.0,146.36,-0.017020126975550554,UNIONBANK,0.017020126975550554,-1,S,145.92700000000002,146.43318,22,-11.135959999999386,3.40914835801496,-14.545108358014346,-24.65753424657713
2025-07-18,1161.0,1114.6,1102.1,1099.0,-0.03996554694229115,AXISBANK,0.03996554694229115,-1,S,1101.5489499999999,1099.5494999999999,3,5.998350000000073,3.501898698749099,2.496451301250974,28.128119045457424
2025-07-18,1241.9,1218.6,1218.0,1215.9,-0.018761575006039255,MAXHEALTH,0.018761575006039255,-1,S,1217.391,1216.50795,2,1.7661000000002787,2.5812272803253995,-0.8151272803251208,17.241379310344307
2025-07-18,259.0,266.5,266.75,267.2,0.02895752895752901,WIPRO,0.02895752895752901,1,L,266.883375,267.0664,12,2.1962999999998374,3.3976102337897998,-1.2013102337899624,16.869728209933932
2025-07-21,146.5,142.4,142.5,142.45,-0.027986348122866822,UNIONBANK,0.027986348122866822,-1,S,142.42875,142.521225,23,-2.126924999999517,3.4747874034700494,-5.601712403469566,3.5087719298254605
2025-07-21,1476.8,1443.1,1425.0,1429.5,-0.022819609967497323,RELIANCE,0.022819609967497323,-1,S,1424.2875000000001,1430.2147499999999,2,-11.854499999999462,3.0257586250169997,-14.880258625016461,-31.578947368420263
2025-07-21,408.0,399.5,401.4,401.9,-0.02083333333333337,TATAPOWER,0.02083333333333337,-1,S,401.1993,402.10094999999995,8,-7.213199999999688,3.406651974852,-10.619851974851688,-12.456402590932392
2025-07-22,276.5,299.4,301.05,299.65,0.08282097649186237,ETERNAL,0.08282097649186237,1,L,301.20052499999997,299.500175,11,-18.703849999999534,3.5015209994402,-22.205370999439733,-46.50390300614649
2025-07-22,134.43,132.51,131.26,131.0,-0.014282526221825576,IRFC,0.014282526221825576,-1,S,131.19437,131.0655,25,3.2217500000001564,3.4767794382655,-0.2550294382653435,19.80801462745596
2025-07-22,112.05,109.74,108.44,108.22,-0.020615796519411034,CANBK,0.020615796519411034,-1,S,108.38578,108.27411,30,3.3501000000001113,3.4467297160541994,-0.0966297160540881,20.28771670970153
2025-07-23,1443.9,1358.9,1340.0,1334.4,-0.05886834268301133,LODHA,0.05886834268301133,-1,S,1339.3300000000002,1335.0672,2,8.525600000000395,2.8370076755344003,5.688592324465995,41.791044776118284
2025-07-23,675.5,690.5,690.1,689.85,0.022205773501110304,TMPV,0.022205773501110304,1,L,690.44505,689.505075,4,-3.759900000000016,2.9263281509129997,-6.686228150913015,-3.622663382119029
2025-07-23,130.7,134.28,134.81,134.7,0.027390971690895327,IRFC,0.027390971690895327,1,L,134.87740499999998,134.63264999999998,24,-5.874119999999948,3.4289835689383192,-9.303103568938267,-8.159632074773437
2025-07-24,690.65,705.55,698.85,700.9,0.021573879678563612,TMPV,0.021573879678563612,1,L,699.199425,700.5495500000001,4,5.400500000000193,2.9693272550733996,2.4311727449267932,29.333905702224605
2025-07-24,98.9,101.72,103.29,103.04,0.02851365015166829,MOTHERSON,0.02851365015166829,1,L,103.341645,102.98848000000001,32,-11.301279999999679,3.499607958664,-14.80088795866368,-24.203698325103716
2025-07-25,145.45,141.07,136.51,136.32,-0.030113441045032663,UNIONBANK,0.030113441045032663,-1,S,136.441745,136.38816,24,1.2860399999999572,3.4720176854047198,-2.1859776854047626,13.918394256831057
2025-07-25,2030.0,1941.0,1986.7,1984.4,-0.04384236453201973,BAJAJFINSV,0.04384236453201973,-1,S,1985.70665,1985.3922,1,0.31445000000007894,2.1056144483401,-1.7911644483400209,11.576986963305336
2025-07-25,956.7,913.5,913.25,913.5,-0.045155221072436524,BAJFINANCE,0.045155221072436524,-1,S,912.7933750000001,913.9567499999999,3,-3.49012499999958,2.90538732158475,-6.39551232158433,-2.7374760470855186
2025-07-28,1277.0,1203.2,1211.5,1200.0,-0.0577916992952231,LODHA,0.0577916992952231,-1,S,1210.89425,1200.6,2,20.588500000000295,2.559538635401,18.028961364599294,94.92364836978906
2025-07-28,424.25,397.75,394.45,393.0,-0.06246317030053039,KOTAKBANK,0.06246317030053039,-1,S,394.252775,393.19649999999996,8,8.450200000000223,3.3411381562891997,5.109061843711023,36.7600456331596
2025-07-28,610.85,628.7,632.25,633.75,0.029221576491773815,SHRIRAMFIN,0.029221576491773815,1,L,632.5661249999999,633.433125,5,4.335000000000377,3.3568054416525,0.9781945583478775,23.724792408066353
2025-07-29,2792.8,2676.2,2750.0,2715.0,-0.04175021483815533,MAZDOCK,0.04175021483815533,-1,S,2748.625,2716.3575,1,32.26749999999993,2.9012252360449997,29.366274763954927,127.27272727272698
2025-07-29,1198.7,1240.3,1243.6,1245.5,0.03470426295153084,LODHA,0.03470426295153084,1,L,1244.2217999999998,1244.87725,2,1.3109000000004016,2.6397142647705993,-1.3288142647701977,15.278224509489569
2025-07-29,307.0,300.75,304.5,306.45,-0.02035830618892509,ETERNAL,0.02035830618892509,-1,S,304.34775,306.60322499999995,10,-22.55474999999933,3.2369398942034997,-25.79168989420283,-64.03940886699377
2025-07-30,3042.0,3151.2,3220.0,3229.2,0.03589743589743577,ENRIN,0.03589743589743577,1,L,3221.6099999999997,3227.5854,1,5.975400000000263,3.4201883741604,2.5552116258398634,28.571428571428914
2025-07-30,691.75,670.7,668.9,668.85,-0.030430068666425614,TMPV,0.030430068666425614,-1,S,668.56555,669.184425,4,-2.475500000000011,2.8369669679774003,-5.312466967977411,0.7474958887720984
2025-07-31,320.0,331.0,330.9,328.95,0.034375000000000044,JIOFIN,0.034375000000000044,1,L,331.06544999999994,328.785525,10,-22.799249999999347,3.4961935132034996,-26.295443513202848,-58.93019038984537
2025-07-31,148.89,145.19,146.09,145.74,-0.02485056081671022,IOC,0.02485056081671022,-1,S,146.01695500000002,145.81287,22,4.489870000000451,3.4046806230899,1.085189376910551,23.95783421178632
2025-07-31,336.55,326.1,330.25,329.6,-0.03105036398752037,BPCL,0.03105036398752037,-1,S,330.084875,329.7648,10,3.200750000000312,3.4990466202655,-0.2982966202651882,19.68205904617659
2025-08-01,1694.0,1643.9,1627.1,1630.1,-0.029574970484061325,SUNPHARMA,0.029574970484061325,-1,S,1626.28645,1630.9150499999998,2,-9.257199999999557,3.453087553078,-12.710287553077556,-18.437711265442136
2025-08-01,2524.0,2607.7,2560.3,2552.3,0.033161648177495895,HINDUNILVR,0.033161648177495895,1,L,2561.5801500000002,2551.0238500000005,1,-10.556299999999737,2.7096743755040005,-13.265974375503738,-31.246338319728117
2025-08-01,1057.9,1029.2,1031.9,1025.0,-0.027129218262595733,JSWSTEEL,0.027129218262595733,-1,S,1031.3840500000001,1025.5125,3,17.61465000000021,3.2737977018609,14.34085229813931,66.86694447136432
2025-08-04,389.75,381.25,386.55,386.95,-0.02180885182809489,TATAPOWER,0.02180885182809489,-1,S,386.35672500000004,387.14347499999997,8,-6.293999999999414,3.2803469963615997,-9.574346996361013,-10.34794981244369
2025-08-04,1426.05,1461.15,1475.5,1476.05,0.024613442726412194,PIDILITIND,0.024613442726412194,1,L,1476.23775,1475.311975,2,-1.851549999999861,3.1297731384757,-4.981323138475561,3.7275499830569103
2025-08-04,946.95,967.4,979.5,981.15,0.021595649189503074,JINDALSTEL,0.021595649189503074,1,L,979.98975,980.659425,3,2.0090250000002925,3.1189825011406502,-1.1099575011403577,16.845329249617347
2025-08-05,1395.0,1370.9,1354.7,1359.4,-0.017275985663082416,ADANIPORTS,0.017275985663082416,-1,S,1354.02265,1360.0797,2,-12.11409999999978,2.8768427142621995,-14.99094271426198,-34.694028198125615
2025-08-05,3235.5,3354.8,3299.7,3249.6,0.03687219904187922,ENRIN,0.03687219904187922,1,L,3301.3498499999996,3247.9752000000003,1,-53.37464999999929,3.4667512124613005,-56.841401212460596,-151.8319847258842
2025-08-06,3249.9,3178.2,3150.0,3156.4,-0.022062217298993936,ENRIN,0.022062217298993936,-1,S,3148.425,3157.9782,1,-9.553199999999833,3.342768091123199,-12.895968091123033,-20.31746031746051
2025-08-06,961.75,937.0,932.0,933.7,-0.02573433844554196,ZYDUSLIFE,0.02573433844554196,-1,S,931.5340000000001,934.16685,3,-7.898549999999545,2.9668604561763003,-10.865410456175846,-18.240343347639687
2025-08-08,1920.1,1875.9,1863.8,1857.1,-0.023019634394041866,BHARTIARTL,0.023019634394041866,-1,S,1862.8681000000001,1858.0285499999998,1,4.839550000000372,1.9734484976428996,2.8661015023574725,35.948063096898906
2025-08-11,3030.0,2970.0,3120.7,3118.5,-0.01980198019801982,SIEMENS,0.01980198019801982,-1,S,3119.13965,3120.05925,1,-0.9195999999997184,3.308084319951399,-4.227684319951118,7.0497003877334485
2025-08-11,2691.6,2747.6,2764.7,2753.9,0.020805468866101906,GRASIM,0.020805468866101906,1,L,2766.0823499999997,2752.5230500000002,1,-13.559299999999439,2.9246165438204,-16.483916543819838,-39.063912901941
2025-08-11,802.6,822.55,824.4,824.65,0.024856715674059116,SBIN,0.024856715674059116,1,L,824.8122,824.237675,4,-2.2980999999999767,3.4972236850869995,-5.795323685086976,3.0325084910232114
2025-08-12,2151.1,2202.2,2204.0,2204.8,0.023755287992190066,HYUNDAI,0.023755287992190066,1,L,2205.102,2203.6976000000004,1,-1.4043999999994412,2.3375056927096,-3.7419056927090413,3.629764065335994
2025-08-12,3099.1,3164.0,3169.4,3143.0,0.020941563679778064,ENRIN,0.020941563679778064,1,L,3170.9847,3141.4285,1,-29.55619999999999,3.3437544193832,-32.89995441938319,-83.29652300119949
2025-08-13,666.0,694.8,701.55,700.55,0.043243243243243246,HINDALCO,0.043243243243243246,1,L,701.900775,700.199725,4,-6.804200000000037,2.972972096852,-9.777172096852038,-14.254151521631009
2025-08-13,1262.5,1294.5,1264.4,1266.3,0.02534653465346537,MAXHEALTH,0.02534653465346537,1,L,1265.0322,1265.66685,2,1.2692999999999302,2.6838244919706,-1.4145244919706697,15.02689022461201
2025-08-14,1267.6,1236.3,1221.5,1219.6,-0.0246923319659198,MAXHEALTH,0.0246923319659198,-1,S,1220.8892500000002,1220.2097999999999,2,1.3589000000006308,2.5888178487706,-1.2299178487699693,15.554645927139399
2025-08-14,160.35,157.32,155.3,154.99,-0.018896164639850332,TATASTEEL,0.018896164639850332,-1,S,155.22235,155.067495,21,3.2519549999999526,3.4553563255043698,-0.20340132550441714,19.961365099806507
2025-08-14,2515.1,2771.9,2759.3,2758.0,0.10210329609160684,MUTHOOTFIN,0.10210329609160684,1,L,2760.67965,2756.621,1,-4.058649999999943,2.9249698029469,-6.983619802946843,-4.711339832567107
2025-08-18,2230.0,2382.8,2407.8,2420.9,0.06852017937219745,HYUNDAI,0.06852017937219745,1,L,2409.0039,2419.68955,1,10.685649999999896,2.5614742347196993,8.124175765280196,54.40651216878534
2025-08-18,3016.0,3207.6,3220.0,3218.0,0.06352785145888595,TVSMOTOR,0.06352785145888595,1,L,3221.6099999999997,3216.391,1,-5.218999999999596,3.413021428226,-8.632021428225595,-6.211180124223725
2025-08-19,627.7,615.75,625.6,625.9,-0.019037756890234236,SHRIRAMFIN,0.019037756890234236,-1,S,625.2872000000001,626.21295,5,-4.6287499999994,3.3173804301695005,-7.9461304301689,-4.795396419436937
2025-08-19,164.06,167.32,168.03,168.53,0.01987077898329881,VEDL,0.01987077898329881,1,L,168.114015,168.445735,19,6.3026800000003504,3.3912951648664995,2.911384835133851,29.75659108492623
2025-08-20,2586.0,2506.2,2503.1,2498.9,-0.03085846867749431,HYUNDAI,0.03085846867749431,-1,S,2501.84845,2500.14945,1,1.6990000000000691,2.6523762285254,-0.9533762285253307,16.77919379968751
2025-08-21,1191.0,1170.1,1180.0,1179.9,-0.01754827875734688,NESTLEIND,0.01754827875734688,-1,S,1179.41,1180.4899500000001,2,-2.159900000000107,2.5023230327774004,-4.662223032777508,0.847457627117798
2025-08-21,1106.0,1089.2,1090.2,1088.6,-0.015189873417721489,TATACONSUM,0.015189873417721489,-1,S,1089.6549,1089.1443,3,1.531800000000203,3.4659364518575995,-1.9341364518573965,14.676206200698871
2025-08-21,1298.0,1320.0,1292.3,1292.6,0.016949152542372836,LODHA,0.016949152542372836,1,L,1292.94615,1291.9537,2,-1.984899999999925,2.7409438767321994,-4.7258438767321245,2.3214423895367986
2025-08-25,1487.9,1527.4,1531.4,1532.8,0.02654748302977361,INFY,0.02654748302977361,1,L,1532.1657,1532.0336,2,-0.2642000000000735,3.2494072140836,-3.5136072140836734,9.14196160376024
2025-08-25,248.74,255.99,253.64,253.58,0.029146900377904572,WIPRO,0.029146900377904572,1,L,253.76681999999997,253.45321,13,-4.0769299999994075,3.49578775684814,-7.572717756847547,-2.3655574830461212
2025-08-25,3055.0,3129.9,3143.1,3139.0,0.02451718494271682,TCS,0.02451718494271682,1,L,3144.6715499999996,3137.4305000000004,1,-7.241049999999177,3.3301373260633,-10.571187326062477,-13.044446565492196
2025-08-26,3162.0,3060.5,3050.8,3047.7,-0.03209993674889311,SIEMENS,0.03209993674889311,-1,S,3049.2746,3049.22385,1,0.050750000000334694,3.2335880216497,-3.1828380216493652,10.16126917529947
2025-08-26,1022.7,985.1,983.6,986.55,-0.03676542485577394,ZYDUSLIFE,0.03676542485577394,-1,S,983.1082000000001,987.0432749999999,3,-11.805224999999268,3.1325780332000495,-14.937803033199318,-29.99186661244435
2025-08-26,168.79,160.84,160.99,160.22,-0.047099946679305615,VEDL,0.047099946679305615,-1,S,160.90950500000002,160.30011,20,12.187900000000695,3.4076144554598002,8.780285544540895,47.82905770544854
2025-08-28,1489.3,1458.2,1452.1,1449.8,-0.02088229369502448,HCLTECH,0.02088229369502448,-1,S,1451.37395,1450.5249,2,1.6981000000000677,3.0775112302801997,-1.379411230280132,15.839129536533436
2025-08-28,595.85,578.55,573.25,571.5,-0.029034152890828335,SHRIRAMFIN,0.029034152890828335,-1,S,572.963375,571.78575,5,5.888125000000173,3.0355264415112506,2.852598558488922,30.527692978630228
2025-08-29,3301.0,3207.9,3212.1,3193.1,-0.028203574674341092,M&M,0.028203574674341092,-1,S,3210.49395,3194.6965499999997,1,15.79740000000038,3.3979362520530003,12.39946374794738,59.15133401824369
2025-08-29,1217.0,1192.0,1199.2,1192.0,-0.020542317173377178,LODHA,0.020542317173377178,-1,S,1198.6004,1192.596,2,12.008800000000065,2.5370699727728,9.471730027227265,60.04002668445696
2025-09-01,694.5,719.2,717.5,716.5,0.035565154787617015,CGPOWER,0.035565154787617015,1,L,717.85875,716.14175,4,-6.867999999999938,3.040621916452,-9.908621916451938,-13.937282229965486
2025-09-01,419.5,434.35,436.25,435.85,0.03539928486293209,HINDZINC,0.03539928486293209,1,L,436.468125,435.63207500000004,7,-5.852349999999603,3.2362276460163995,-9.088577646016002,-9.169054441260371
2025-09-02,1354.5,1377.5,1366.5,1366.1,0.01698043558508666,RELIANCE,0.01698043558508666,1,L,1367.1832499999998,1365.41695,2,-3.5325999999995474,2.897402761290399,-6.430002761289947,-2.9271862422253214
2025-09-02,321.4,326.85,323.05,322.6,0.01695706285003129,ETERNAL,0.01695706285003129,1,L,323.211525,322.43870000000004,10,-7.728249999999548,3.4225552545084996,-11.150805254508047,-13.929732239591486
2025-09-03,161.37,165.15,164.57,164.43,0.02342442833240388,VEDL,0.02342442833240388,1,L,164.65228499999998,164.34778500000002,20,-6.089999999999236,3.4882179223164003,-9.578217922315636,-8.507018290088153
2025-09-03,2697.0,2762.2,2779.3,2780.0,0.024175009269558734,MUTHOOTFIN,0.024175009269558734,1,L,2780.6896500000003,2778.61,1,-2.079650000000129,2.9474564547209,-5.027106454721029,2.518619796350041
2025-09-03,974.9,1001.25,1027.85,1028.45,0.027028413170581578,JINDALSTEL,0.027028413170581578,1,L,1028.3639249999999,1027.9357750000001,3,-1.2844499999991967,3.2707694046966003,-4.555219404695797,5.83742764022066
2025-09-04,896.8,931.75,934.8,934.8,0.038971900089206146,BAJFINANCE,0.038971900089206146,1,L,935.2674,934.3326,3,-2.804399999999987,2.9736231048,-5.778023104799987,0.0
2025-09-05,415.75,407.0,406.85,407.35,-0.021046301864101058,ITC,0.021046301864101058,-1,S,406.64657500000004,407.553675,8,-7.256799999999657,3.452882886052,-10.709682886051658,-12.289541600098985
2025-09-05,490.75,479.0,471.25,469.15,-0.02394294447274581,VBL,0.02394294447274581,-1,S,471.01437500000003,469.3845749999999,7,11.408600000000718,3.4916227616389,7.9169772383618175,44.562334217507214
2025-09-08,122.05,127.0,126.75,126.95,0.0405571487095453,ADANIPOWER,0.0405571487095453,1,L,126.813375,126.886525,26,1.9019000000003246,3.4976845716123997,-1.595784571612075,15.779092702170594
2025-09-08,693.5,712.15,716.35,718.4,0.02689257390050459,TMPV,0.02689257390050459,1,L,716.708175,718.0408,4,5.330500000000029,3.043551195073399,2.28694880492663,28.617296014517013
2025-09-08,167.8,171.41,169.59,168.84,0.021513706793802045,TATASTEEL,0.021513706793802045,1,L,169.674795,168.75558,19,-17.46508499999962,3.4075259369302495,-20.872610936929867,-44.22430567840085
2025-09-09,1461.0,1492.4,1498.3,1498.9,0.021492128678987088,TECHM,0.021492128678987088,1,L,1499.0491499999998,1498.15055,2,-1.7971999999995205,3.1781887242643996,-4.9753887242639205,4.004538476940489
2025-09-09,1436.1,1487.2,1505.0,1505.3,0.035582480328667954,INFY,0.035582480328667954,1,L,1505.7524999999998,1504.54735,2,-2.410299999999552,3.1920133635321997,-5.602313363531751,1.993355481726411
2025-09-09,242.8,249.1,249.05,249.23,0.02594728171334415,WIPRO,0.02594728171334415,1,L,249.174525,249.105385,13,-0.898819999999688,3.43451365607558,-4.333333656075268,7.227464364585323
2025-09-10,98.71,102.01,100.13,100.48,0.03343126329652524,MOTHERSON,0.03343126329652524,1,L,100.18006499999998,100.42976000000002,33,8.239935000001026,3.5110683801748497,4.728866619826176,34.954559073205886
2025-09-10,249.21,255.09,255.69,255.8,0.023594558805826393,WIPRO,0.023594558805826393,1,L,255.81784499999998,255.67210000000003,13,-1.8946849999993276,3.5254600631584094,-5.420145063157737,4.3020845555163945
2025-09-11,110.69,113.22,112.12,112.19,0.022856626614870423,CANBK,0.022856626614870423,1,L,112.17605999999999,112.133905,29,-1.2224949999998245,3.4489798151106097,-4.671474815110434,6.243310738494046
2025-09-11,174.76,178.56,178.85,178.97,0.021744106202792546,GAIL,0.021744106202792546,1,L,178.93942499999997,178.880515,18,-1.0603799999994408,3.4149411973159194,-4.47532119731536,6.709533128319567
2025-09-11,132.48,136.06,133.71,133.78,0.027022946859903474,UNIONBANK,0.027022946859903474,1,L,133.776855,133.71311,24,-1.5298800000002757,3.4037549335701596,-4.933634933570435,5.235210530252221
2025-09-12,100.75,103.4,104.49,104.68,0.026302729528536073,MOTHERSON,0.026302729528536073,1,L,104.542245,104.62766,31,2.6478650000003654,3.4384182486544295,-0.7905532486540641,18.18355823523854
2025-09-12,179.0,182.51,178.24,178.49,0.01960893854748602,GAIL,0.01960893854748602,1,L,178.32912,178.40075500000003,18,1.2894300000007775,3.4047960219314994,-2.115366021930722,14.026032315979098
2025-09-15,126.2,129.79,128.44,128.05,0.028446909667194875,IRFC,0.028446909667194875,1,L,128.50422,127.98597500000002,25,-12.956124999999474,3.39851907960175,-16.354644079601226,-30.364372469634525
2025-09-15,1002.7,1019.45,1011.65,1010.4,0.016704896778697575,BAJFINANCE,0.016704896778697575,1,L,1012.1558249999999,1009.8948,3,-6.783074999999712,3.2156853058237496,-9.998760305823462,-12.356051994266704
2025-09-15,104.74,107.1,107.9,107.75,0.022531983960282664,MOTHERSON,0.022531983960282664,1,L,107.95395,107.69612500000001,30,-7.734749999999906,3.4294474775085,-11.164197477508406,-13.901760889712955
2025-09-16,1519.5,1547.3,1575.0,1581.8,0.01829549193813751,CHOLAFIN,0.01829549193813751,1,L,1575.7875,1581.0091,2,10.44320000000016,3.3487800200631996,7.094419979936961,43.17460317460275
2025-09-16,388.45,397.35,395.55,396.25,0.022911571630840566,TATAPOWER,0.022911571630840566,1,L,395.747775,396.051875,8,2.432800000000043,3.3589296977671994,-0.9261296977671565,17.69687776513651
2025-09-17,1095.8,1125.9,1134.1,1137.9,0.027468516152582723,TATACONSUM,0.027468516152582723,1,L,1134.6670499999998,1137.3310500000002,2,5.328000000000884,2.409931009141199,2.918068990859685,33.506745436910904
2025-09-17,403.0,412.5,411.7,411.65,0.023573200992555776,BEL,0.023573200992555776,1,L,411.90585,411.444175,8,-3.6934000000001106,3.4920864488451997,-7.18548644884531,-1.2144765606025842
2025-09-18,1521.5,1552.8,1540.6,1539.2,0.02057180414065063,INFY,0.02057180414065063,1,L,1541.3702999999998,1538.4304000000002,2,-5.87979999999925,3.265334033916399,-9.14513403391565,-9.0873685577042
2025-09-18,254.17,258.95,256.73,256.83,0.018806310736908305,WIPRO,0.018806310736908305,1,L,256.858365,256.701585,12,-1.8813599999996313,3.2674271069843996,-5.148787106984031,3.895142756979997
2025-09-19,126.7,134.4,141.65,141.15,0.06077348066298338,ADANIPOWER,0.06077348066298338,1,L,141.720825,141.07942500000001,23,-14.752199999999448,3.4471823011995,-18.19938230119895,-35.29827038475153
2025-09-19,2402.0,2485.2,2542.2,2516.0,0.03463780183180676,ADANIENT,0.03463780183180676,1,L,2543.4710999999998,2514.742,1,-28.729099999999562,2.6788358981605995,-31.40793589816016,-103.06034143655052
2025-09-19,838.0,862.95,881.0,876.45,0.02977326968973748,ADANIENSOL,0.02977326968973748,1,L,881.4404999999999,876.0117750000001,3,-16.286174999999616,2.79374919064245,-19.079924190642068,-51.64585698070323
2025-09-22,1557.0,1497.7,1498.0,1503.6,-0.038086062941554255,TECHM,0.038086062941554255,-1,S,1497.251,1504.3518,2,-14.201599999999871,3.1814935164655997,-17.383093516465472,-37.383177570093906
2025-09-22,143.2,167.3,170.25,170.25,0.16829608938547502,ADANIPOWER,0.16829608938547502,1,L,170.33512499999998,170.16487500000002,19,-3.23474999999911,3.4299412845,-6.66469128449911,0.0
2025-09-22,1032.05,1076.2,1151.6,1158.0,0.04277893512911213,ADANIGREEN,0.04277893512911213,1,L,1152.1757999999998,1157.421,2,10.49040000000059,2.4503704897536,8.040029510246992,55.57485237929871
2025-09-23,2721.9,2783.0,2706.5,2724.3,0.022447555016716247,HYUNDAI,0.022447555016716247,1,L,2707.8532499999997,2722.9378500000003,1,15.084600000000592,2.8812059477886,12.20339405221199,65.76759652688003
2025-09-23,170.25,163.75,162.15,161.85,-0.038179148311306865,ADANIPOWER,0.038179148311306865,-1,S,162.068925,161.93092499999997,20,2.760000000000673,3.436166489322,-0.6761664893213268,18.501387604070718
2025-09-24,163.25,155.1,147.5,144.6,-0.04992343032159263,ADANIPOWER,0.04992343032159263,-1,S,147.42625,144.67229999999998,22,60.586900000000696,3.4139859659905993,57.1729140340101,196.61016949152565
2025-09-24,1132.0,1102.4,1096.7,1094.3,-0.026148409893992808,ADANIGREEN,0.026148409893992808,-1,S,1096.15165,1094.8471499999998,3,3.9135000000005675,3.4856040741863996,0.4278959258141679,21.883833318137036
2025-09-25,144.9,151.75,146.05,148.7,0.04727398205659061,ADANIPOWER,0.04727398205659061,1,L,146.123025,148.62565,22,55.057749999999885,3.4442913934121,51.613458606587784,181.44471071550595
2025-09-25,683.4,668.15,663.85,665.3,-0.02231489610769677,TMPV,0.02231489610769677,-1,S,663.5180750000001,665.6326499999999,5,-10.572874999999158,3.52258834531925,-14.095463345318407,-21.84228364841445
2025-09-25,395.7,402.35,405.05,402.55,0.016805660854182447,BEL,0.016805660854182447,1,L,405.252525,402.34872500000006,8,-23.230399999999463,3.42313409906,-26.653534099059463,-61.72077521293673
2025-09-26,1019.3,993.65,979.8,977.75,-0.025164328460708263,ZYDUSLIFE,0.025164328460708263,-1,S,979.3101,978.2388749999999,3,3.2136750000004213,3.1141835927050496,0.09949140729537165,20.922637272912105
2025-09-29,449.5,462.1,462.6,466.25,0.02803114571746379,HINDZINC,0.02803114571746379,1,L,462.8313,466.016875,7,22.2990250000002,3.44994905981285,18.849075940187348,78.9018590575008
2025-09-29,144.9,148.64,149.22,149.39,0.025810904071773555,IOC,0.025810904071773555,1,L,149.29460999999998,149.315305,22,0.4552900000003888,3.483326379297379,-3.0280363792969904,11.392574721886817
2025-09-29,324.5,334.75,337.9,338.0,0.0315870570107859,BPCL,0.0315870570107859,1,L,338.06895,337.831,9,-2.1415499999995973,3.2251819714983,-5.366731971497897,2.9594554601963807
2025-09-30,254.0,259.29,259.27,258.39,0.020826771653543297,BANKBARODA,0.020826771653543297,1,L,259.399635,258.260805,12,-13.665959999999814,3.2922210379132797,-16.958181037913093,-33.94145099703039
2025-09-30,120.6,123.74,123.87,123.69,0.026036484245439473,CANBK,0.026036484245439473,1,L,123.931935,123.628155,26,-7.8982799999997155,3.41196389248884,-11.310243892488556,-14.531363526277818
2025-10-01,371.9,383.9,376.85,377.5,0.032266738370529735,RECLTD,0.032266738370529735,1,L,377.038425,377.31125000000003,8,2.182600000000093,3.2000465722123996,-1.0174465722123065,17.248242006102643
2025-10-01,1598.0,1628.1,1642.7,1634.7,0.018836045056320305,SUNPHARMA,0.018836045056320305,1,L,1643.52135,1633.8826500000002,2,-19.27739999999949,3.4734091126080004,-22.750809112607488,-48.70031046447898
2025-10-01,338.95,345.3,339.55,339.5,0.018734326596843154,BPCL,0.018734326596843154,1,L,339.71977499999997,339.33025000000004,9,-3.5057249999994156,3.2400641772508503,-6.745789177250266,-1.4725371815638155
2025-10-03,167.55,172.34,173.17,173.18,0.028588481050432657,TATASTEEL,0.028588481050432657,1,L,173.25658499999997,173.09341,19,-3.1003249999993727,3.4888906407785294,-6.589215640777902,0.5774672287350846
2025-10-03,153.0,147.11,147.84,147.47,-0.038496732026143676,ADANIPOWER,0.038496732026143676,-1,S,147.76608000000002,147.543735,22,4.891590000000406,3.4453187982001796,1.4462712018002262,25.027056277056037
2025-10-06,147.48,151.22,151.93,151.82,0.025359370762137345,ADANIPOWER,0.025359370762137345,1,L,152.005965,151.74409,21,-5.499375000000072,3.3815747786610304,-8.880949778661101,-7.240176397025344
2025-10-06,990.5,1019.2,1009.2,1007.9,0.028975265017667784,BAJFINANCE,0.028975265017667784,1,L,1009.7046,1007.3960500000001,3,-6.925649999999905,3.2077958062406995,-10.133445806240605,-12.88149028933927
2025-10-06,1070.0,1102.6,1138.0,1140.5,0.03046728971962609,MAXHEALTH,0.03046728971962609,1,L,1138.569,1139.92975,2,2.7215000000001055,2.416537921435,0.3049620785651057,21.96836555360182
2025-10-07,1059.2,1081.2,1061.5,1059.8,0.020770392749244637,ADANIGREEN,0.020770392749244637,1,L,1062.03075,1059.2701,3,-8.281949999999824,3.3733955789762997,-11.655345578976124,-16.0150730098918
2025-10-07,3250.9,3318.8,3260.4,3286.6,0.020886523731889595,ENRIN,0.020886523731889595,1,L,3262.0301999999997,3284.9567,1,22.926500000000487,3.4739045910394,19.452595408961088,80.3582382529755
2025-10-08,2452.0,2534.7,2479.1,2471.6,0.03372756933115806,HYUNDAI,0.03372756933115806,1,L,2480.3395499999997,2470.3642,1,-9.975349999999708,2.6238945580475,-12.599244558047207,-30.25291436408395
2025-10-09,981.9,1011.0,997.0,995.9,0.029636419187289986,ZYDUSLIFE,0.029636419187289986,1,L,997.4984999999999,995.40205,3,-6.289349999999672,3.1693712325728995,-9.458721232572572,-11.033099297893534
2025-10-09,3339.2,3264.4,3240.5,3243.0,-0.02240057498802095,ENRIN,0.02240057498802095,-1,S,3238.87975,3244.6214999999997,1,-5.7417499999996835,3.4370893412825,-9.178839341282183,-7.714858818084203
2025-10-09,172.2,176.5,175.81,176.4,0.024970963995354367,TATASTEEL,0.024970963995354367,1,L,175.89790499999998,176.3118,18,7.45011000000045,3.3623328868799396,4.08777711312051,33.55895569080225
2025-10-10,3245.0,3194.8,3167.1,3158.5,-0.015469953775038459,MUTHOOTFIN,0.015469953775038459,-1,S,3165.51645,3160.07925,1,5.437200000000303,3.3545933976282,2.0826066023721026,27.154178901833692
2025-10-10,388.05,394.95,390.5,390.05,0.0177812137611133,TATAPOWER,0.0177812137611133,1,L,390.69525,389.854975,8,-6.722199999999702,3.3102047468068,-10.032404746806503,-11.523687580025088
2025-10-10,512.85,494.7,501.3,499.15,-0.03539046504825982,HINDZINC,0.03539046504825982,-1,S,501.04935000000006,499.39957499999997,6,9.898650000000544,3.1838730417423005,6.714776958258243,42.88848992619276
2025-10-13,2760.5,2816.5,2828.75,2836.0,0.020286180039847945,HDFCAMC,0.020286180039847945,1,L,2830.164375,2834.5820000000003,1,4.417625000000498,3.00408175018075,1.4135432498197482,25.629695095006344
2025-10-13,3150.0,3084.0,3078.9,3081.9,-0.020952380952380945,SIEMENS,0.020952380952380945,-1,S,3077.3605500000003,3083.4409499999997,1,-6.080399999999372,3.265948292139,-9.346348292138373,-9.743739647276595
2025-10-14,664.9,400.0,397.45,396.25,-0.398405775304557,TMPV,0.398405775304557,-1,S,397.251275,396.448125,8,6.425200000000132,3.3674272365152,3.0577727634849317,30.19247704113659
2025-10-14,506.5,521.5,506.45,505.8,0.029615004935834133,HINDZINC,0.029615004935834133,1,L,506.703225,505.54710000000006,6,-6.936749999999506,3.2195656024407007,-10.156315602440207,-12.83443577845711
2025-10-15,743.3,755.4,760.25,761.0,0.01627875689492808,HDFCLIFE,0.01627875689492808,1,L,760.6301249999999,760.6195,4,-0.04249999999956344,3.2264197396609995,-3.268919739660563,9.865175928971404
2025-10-15,3215.0,3274.9,3267.3,3259.0,0.018631415241057603,MUTHOOTFIN,0.018631415241057603,1,L,3268.93365,3257.3705,1,-11.56314999999995,3.4591441977379,-15.02229419773785,-25.40323814770651
2025-10-16,763.35,740.0,743.7,742.9,-0.030588851771795378,HDFCLIFE,0.030588851771795378,-1,S,743.32815,743.27145,4,0.2268000000003667,3.1529599860384,-2.926159986038033,10.757025682399668
2025-10-16,1170.0,1200.0,1194.2,1196.1,0.02564102564102555,AXISBANK,0.02564102564102555,1,L,1194.7971,1195.50195,2,1.4097000000001572,2.5349524751705994,-1.1252524751704422,15.910232791827017
2025-10-16,1705.4,1664.0,1666.1,1669.4,-0.024275829717368413,CHOLAFIN,0.024275829717368413,-1,S,1665.26695,1670.2347,2,-9.935500000000047,3.5360464907457994,-13.471546490745848,-19.806734289660177
2025-10-17,2409.3,2504.2,2511.7,2507.7,0.039389034159299285,ASIANPAINT,0.039389034159299285,1,L,2512.95585,2506.4461499999998,1,-6.509700000000066,2.660701377852,-9.170401377852066,-15.92546880598844
2025-10-17,253.6,242.91,240.93,240.76,-0.04215299684542584,WIPRO,0.04215299684542584,-1,S,240.809535,240.88037999999997,13,-0.9209849999995185,3.3201574109702694,-4.241142410969788,7.055991366787806
2025-10-17,156.5,163.26,166.11,165.8,0.043194888178913704,ADANIPOWER,0.043194888178913704,1,L,166.19305500000002,165.71710000000002,20,-9.51909999999998,3.5187007759006006,-13.037800775900582,-18.662332189512966
2025-10-20,498.9,484.75,486.7,486.25,-0.028362397274002804,HINDZINC,0.028362397274002804,-1,S,486.45665,486.49312499999996,6,-0.21884999999963384,3.0952755308949005,-3.3141255308945343,9.245942058763168
2025-10-20,1419.1,1458.1,1467.1,1467.3,0.027482207032626382,RELIANCE,0.027482207032626382,1,L,1467.8335499999998,1466.56635,2,-2.5343999999995503,3.1115114587547996,-5.64591145875435,1.363233590077062
2025-10-20,136.77,139.8,141.61,141.28,0.02215398113621414,UNIONBANK,0.02215398113621414,1,L,141.680805,141.20936,23,-10.843234999999737,3.44870881857767,-14.291943818577407,-23.303439022668293
2025-10-23,1471.0,1525.3,1538.8,1527.0,0.0369136641740313,INFY,0.0369136641740313,1,L,1539.5693999999999,1526.2365,2,-26.665799999999763,3.2482067602667994,-29.914006760266563,-76.68312971146341
2025-10-23,1486.5,1528.7,1535.4,1522.2,0.028388832828792454,HCLTECH,0.028388832828792454,1,L,1536.1677,1521.4389,2,-29.45759999999973,3.2392046981832,-32.69680469818293,-85.9710824540838
2025-10-23,3274.0,3144.8,3174.3,3172.5,-0.03946243127672566,MUTHOOTFIN,0.03946243127672566,-1,S,3172.7128500000003,3174.08625,1,-1.3733999999994921,3.3650868255966,-4.738486825596093,5.670541536717533
2025-10-24,1648.0,1605.5,1588.0,1583.0,-0.02578883495145634,CIPLA,0.02578883495145634,-1,S,1587.2060000000001,1583.7914999999998,2,6.829000000000633,3.36344183087,3.465558169130633,31.486146095718315
2025-10-24,2602.5,2506.1,2510.0,2516.1,-0.03704130643611914,HINDUNILVR,0.03704130643611914,-1,S,2508.7450000000003,2517.35805,1,-8.613049999999475,2.6640230802893,-11.277073080288776,-24.302788844621226
2025-10-24,791.7,823.1,822.3,824.0,0.039661487937350026,HINDALCO,0.039661487937350026,1,L,822.7111499999999,823.5880000000001,4,3.507400000000871,3.4920282664316,0.015371733569271129,20.673720053510092
2025-10-27,331.25,338.1,341.1,342.8,0.0206792452830189,BPCL,0.0206792452830189,1,L,341.27055,342.6286,9,12.222449999999924,3.2649344658711,8.957515534128824,49.838756962767846
2025-10-27,1844.1,1896.5,1899.7,1904.1,0.028414944959600952,SBILIFE,0.028414944959600952,1,L,1900.64985,1903.14795,1,2.498100000000022,2.0171472833028004,0.48095271669722184,23.161551823971394
2025-10-27,1451.1,1480.0,1481.8,1484.2,0.019915925849355753,RELIANCE,0.019915925849355753,1,L,1482.5409,1483.4579,2,1.8340000000002874,3.1455010994576003,-1.3115010994573129,16.19651774868558
2025-10-28,1030.0,1051.3,1073.7,1075.6,0.020679611650485485,JINDALSTEL,0.020679611650485485,1,L,1074.23685,1075.0622,3,2.476050000000214,3.4191150797559002,-0.9430650797556863,17.695818198750768
2025-10-28,840.85,852.75,846.5,848.95,0.014152345840518388,HINDALCO,0.014152345840518388,1,L,846.9232499999999,848.5255250000001,3,4.806825000000572,2.69744181726945,2.109383182731122,28.942705256940204
2025-10-28,2809.0,2873.2,2771.9,2786.4,0.02285510857956563,MAZDOCK,0.02285510857956563,1,L,2773.28595,2785.0068,1,11.720850000000155,2.9484406251614996,8.772409374838656,52.31068941881078
2025-10-29,2832.0,2703.25,2695.75,2697.5,-0.04546257062146897,HDFCAMC,0.04546257062146897,-1,S,2694.402125,2698.8487499999997,1,-4.446624999999585,2.85915270969775,-7.305777709697335,-6.491699897988035
2025-10-29,1183.0,1217.7,1209.5,1208.7,0.02933220625528321,JSWSTEEL,0.02933220625528321,1,L,1210.10475,1208.0956500000002,2,-4.018199999999524,2.5639434485807993,-6.582143448580323,-6.6143034311694215
2025-10-29,1005.0,1040.0,1110.1,1115.0,0.03482587064676612,ADANIGREEN,0.03482587064676612,1,L,1110.6550499999998,1114.4425,3,11.362350000000788,3.5406635791389003,7.821686420861887,44.1401675524733
2025-10-30,388.2,379.25,377.7,378.3,-0.023055126223596067,RECLTD,0.023055126223596067,-1,S,377.51115,378.48915,8,-7.824000000000069,3.2059474805424,-11.02994748054247,-15.88562351072298
2025-10-30,1258.5,1192.8,1202.0,1201.6,-0.05220500595947564,DRREDDY,0.05220500595947564,-1,S,1201.3990000000001,1202.2007999999998,2,-1.6035999999994601,2.5487258191096,-4.15232581910906,3.3277870216308347
2025-10-31,1175.5,1203.0,1202.2,1197.0,0.023394300297745696,LODHA,0.023394300297745696,1,L,1202.8011,1196.4015000000002,2,-12.799199999999473,2.5428312835752,-15.342031283574673,-43.25403427050456
2025-10-31,142.4,147.76,150.29,148.69,0.037640449438202106,UNIONBANK,0.037640449438202106,1,L,150.36514499999998,148.615655,22,-38.488779999999565,3.483368894737599,-41.97214889473717,-106.46084237141528
2025-10-31,1399.0,1461.6,1435.1,1434.1,0.04474624731951393,UNITDSPR,0.04474624731951393,1,L,1435.8175499999998,1433.38295,2,-4.869199999999637,3.042113796626,-7.911313796625636,-6.968155529231135
2025-11-03,278.3,289.1,292.3,291.35,0.03880704275961189,BANKBARODA,0.03880704275961189,1,L,292.44615,291.20432500000004,11,-13.660074999999438,3.4026306160808497,-17.062705616080287,-32.500855285665374
2025-11-03,1119.9,1166.8,1180.3,1179.1,0.041878739173140334,GODREJCP,0.041878739173140334,1,L,1180.89015,1178.51045,2,-4.759399999999914,2.5015075510712,-7.260907551071114,-10.16690671863163
2025-11-03,751.4,784.15,796.95,798.3,0.043585307426137865,SHRIRAMFIN,0.043585307426137865,1,L,797.348475,797.90085,4,2.2094999999999345,3.3836137193897997,-1.1741137193898652,16.939582156971777
2025-11-04,288.0,280.9,278.85,279.05,-0.024652777777777857,POWERGRID,0.024652777777777857,-1,S,278.71057500000006,279.189525,11,-5.268449999999348,3.2533649931485997,-8.521814993147947,-7.172314864622997
2025-11-04,1195.5,1167.6,1177.6,1181.0,-0.02333751568381437,TATACONSUM,0.02333751568381437,-1,S,1177.0112,1181.5905,2,-9.158600000000206,2.5001764439683996,-11.658776443968605,-28.87228260869623
2025-11-04,389.0,379.65,377.1,377.4,-0.02403598971722376,COALINDIA,0.02403598971722376,-1,S,376.91145000000006,377.58869999999996,8,-5.417999999999211,3.1998487922712004,-8.617848792270411,-7.9554494828948386
2025-11-06,830.85,785.6,786.65,788.05,-0.05446229764698807,HINDALCO,0.05446229764698807,-1,S,786.256675,788.4440249999999,4,-8.749399999999696,3.3388265794328,-12.088226579432495,-17.79698722430556
2025-11-06,2878.4,2772.4,2709.4,2696.9,-0.03682601445247358,GRASIM,0.03682601445247358,-1,S,2708.0453,2698.24845,1,9.796850000000177,2.8676351633875,6.929214836612677,46.13567579537903
2025-11-06,2492.0,2605.1,2602.5,2602.4,0.04538523274478323,ASIANPAINT,0.04538523274478323,1,L,2603.80125,2601.0988,1,-2.7024499999997715,2.7594760644112997,-5.461926064411071,-0.38424591738639435
2025-11-07,2095.0,2009.0,2007.8,1998.0,-0.041050119331742296,BHARTIARTL,0.041050119331742296,-1,S,2006.7961,1998.9989999999998,1,7.797100000000228,2.1248343936925997,5.6722656063076276,48.80964239466046
2025-11-10,3079.0,2897.15,2853.05,2856.0,-0.05906138356609281,TRENT,0.05906138356609281,-1,S,2851.6234750000003,2857.428,1,-5.804524999999558,3.0264490296333495,-8.830974029632907,-10.339811780375463
2025-11-11,2122.0,1994.6,1981.6,1985.3,-0.06003770028275213,BAJAJFINSV,0.06003770028275213,-1,S,1980.6092,1986.2926499999999,1,-5.683449999999766,2.1027293208180997,-7.786179320817865,-18.671780379491132
2025-11-11,1084.2,1012.0,1002.9,1004.4,-0.06659287954251991,BAJFINANCE,0.06659287954251991,-1,S,1002.39855,1004.9021999999999,3,-7.510949999999639,3.1921429379085,-10.703092937908139,-14.956625785222943
2025-11-12,2370.2,2432.2,2484.5,2485.0,0.026158130115601974,ADANIENT,0.026158130115601974,1,L,2485.74225,2483.7575,1,-1.9847499999996217,2.6347396519435,-4.6194896519431214,2.0124773596297274
2025-11-12,140.75,143.84,143.62,143.71,0.021953818827708638,CANBK,0.021953818827708638,1,L,143.69181,143.638145,23,-1.2342949999998893,3.5039099201060897,-4.738204920105979,6.26653669405508
2025-11-12,1046.9,1071.9,1075.3,1071.5,0.023880026745630056,ADANIGREEN,0.023880026745630056,1,L,1075.83765,1070.96425,3,-14.62019999999984,3.4132623306881995,-18.03346233068804,-35.33897516971973
2025-11-13,194.97,198.99,198.71,198.3,0.020618556701031077,VEDL,0.020618556701031077,1,L,198.809355,198.20085000000003,16,-9.736079999999674,3.3670111585012803,-13.103091158500956,-20.63308338785097
2025-11-13,481.85,499.4,497.8,495.75,0.03642212306734449,HINDZINC,0.03642212306734449,1,L,498.0489,495.50212500000004,6,-15.28064999999981,3.1591586431899,-18.43980864318971,-41.18119726797986
2025-11-13,330.0,320.05,324.45,320.9,-0.03015151515151515,TMCV,0.03015151515151515,-1,S,324.287775,321.06044999999995,10,32.273250000000644,3.4253541369884997,28.847895863012145,109.41593465865319
2025-11-14,1023.0,1040.95,1022.0,1024.45,0.017546432062561124,ADANIENSOL,0.017546432062561124,1,L,1022.511,1023.9377750000001,3,4.280325000000403,3.2557118802694496,1.0246131197309531,23.97260273972579
2025-11-14,1540.0,1512.0,1492.2,1503.5,-0.018181818181818188,INFY,0.018181818181818188,-1,S,1491.4539000000002,1504.25175,2,-25.595699999999397,3.1739865209538007,-28.769686520953197,-75.72711432783707
2025-11-17,392.9,374.3,372.35,373.05,-0.04734029015016539,TMPV,0.04734029015016539,-1,S,372.16382500000003,373.236525,8,-8.581599999999526,3.1609011918327994,-11.742501191832325,-18.799516583858367
2025-11-17,2524.9,2437.5,2452.1,2460.1,-0.03461523228642727,ADANIENT,0.03461523228642727,-1,S,2450.87395,2461.3300499999996,1,-10.456099999999424,2.603428107104,-13.059528107103423,-32.62509685575621
2025-11-17,330.7,317.05,323.8,322.1,-0.04127608104021763,TMCV,0.04127608104021763,-1,S,323.6381,322.26105,10,13.77049999999997,3.426239982079,10.34426001792097,52.50154416306274
2025-11-18,324.0,317.05,325.25,325.15,-0.02145061728395059,TMCV,0.02145061728395059,-1,S,325.087375,325.312575,10,-2.2519999999997253,3.448341918887,-5.700341918886725,3.074558032283292
2025-11-18,484.15,475.5,475.9,476.05,-0.017866363730248858,HINDZINC,0.017866363730248858,-1,S,475.66205,476.288025,7,-4.381824999999878,3.5327587625186503,-7.914583762518529,-3.151922672830487
2025-11-18,2373.1,2413.4,2394.0,2394.5,0.016982006657958015,HYUNDAI,0.016982006657958015,1,L,2395.1969999999997,2393.3027500000003,1,-1.8942499999993743,2.5387787009434994,-4.433028700942874,2.0885547201343613
2025-11-19,109.0,111.27,112.18,112.1,0.020825688073394355,MOTHERSON,0.020825688073394355,1,L,112.23609,112.04395,29,-5.572060000000263,3.44804121958216,-9.020101219582424,-7.131395970761956
2025-11-19,1486.8,1512.5,1541.1,1541.6,0.01728544525154696,INFY,0.01728544525154696,1,L,1541.8705499999999,1540.8292,2,-2.0826999999999316,3.2688260182869997,-5.351526018286931,3.244435792615352
2025-11-20,327.3,321.25,323.0,323.0,-0.01848457073021692,TMCV,0.01848457073021692,-1,S,322.8385,323.1615,10,-3.229999999999791,3.4249046599999997,-6.65490465999979,-0.0
2025-11-21,800.1,785.65,779.75,777.0,-0.01806024246969129,HINDALCO,0.01806024246969129,-1,S,779.360125,777.3884999999999,4,7.886500000000524,3.3025819007569996,4.583918099243524,35.26771401090145
2025-11-21,2831.0,2791.0,2759.6,2749.3,-0.01412928293889082,MAZDOCK,0.01412928293889082,-1,S,2758.2202,2750.67465,1,7.545550000000276,2.9217892912360997,4.623760708764176,37.32424989128735
2025-11-21,1200.8,1180.7,1178.5,1176.6,-0.016738840772818064,LODHA,0.016738840772818064,-1,S,1177.91075,1177.1882999999998,2,1.4449000000004162,2.4976284367706,-1.0527284367701837,16.122189223589658
2025-11-24,1461.5,1500.5,1496.4,1495.2,0.026684912760862156,TECHM,0.026684912760862156,1,L,1497.1482,1494.4524000000001,2,-5.391599999999926,3.1718557634712,-8.563455763471126,-8.01924619085792
2025-11-24,315.85,322.3,319.15,318.9,0.020421085958524543,TATACAP,0.020421085958524543,1,L,319.30957499999994,318.74055,10,-5.690249999999537,3.3824817282824995,-9.072731728282037,-7.833307222309127
2025-11-25,185.37,189.54,188.61,188.98,0.022495549441657214,VEDL,0.022495549441657214,1,L,188.704305,188.88551,17,3.0804850000000954,3.40387378656923,-0.3233887865691347,19.61719951222074
2025-11-25,2075.0,2014.7,2024.9,2029.3,-0.0290602409638554,SBILIFE,0.0290602409638554,-1,S,2023.8875500000001,2030.3146499999998,1,-6.427099999999655,2.1489364346972,-8.576036434696855,-21.7294681218827
2025-11-25,1651.0,1683.0,1687.2,1684.2,0.019382192610539084,CHOLAFIN,0.019382192610539084,1,L,1688.0436,1683.3579000000002,1,-4.68569999999977,1.7870893047390004,-6.47278930473877,-17.780938833570346
2025-11-26,1480.5,1517.0,1505.7,1506.3,0.02465383316447145,ADANIPORTS,0.02465383316447145,1,L,1506.45285,1505.54685,2,-1.8119999999998981,3.1938817858643995,-5.005881785864298,3.98485754134148
2025-11-26,152.63,156.83,154.95,155.66,0.027517526043372875,UNIONBANK,0.027517526043372875,1,L,155.02747499999998,155.58217000000002,21,11.648595000000796,3.45984084767517,8.188754152325625,45.82123265569615
2025-11-26,1108.3,1145.0,1153.6,1154.7,0.03311377785798064,JSWSTEEL,0.03311377785798064,1,L,1154.1768,1154.12265,2,-0.10829999999987194,2.4478288553514,-2.5561288553512718,9.535367545077111
2025-11-27,1011.0,1028.8,1032.4,1033.2,0.017606330365974143,BAJFINANCE,0.017606330365974143,1,L,1032.9162000000001,1032.6834000000001,3,-0.6983999999999924,3.285627016528801,-3.984027016528793,7.748934521503159
2025-11-27,323.7,335.45,343.45,343.35,0.03629904232313863,TMCV,0.03629904232313863,1,L,343.62172499999997,343.17832500000003,9,-3.9905999999994606,3.2769942238017,-7.267594223801161,-2.911631969717554
2025-11-28,184.1,174.15,175.72,175.99,-0.05404671374253123,GAIL,0.05404671374253123,-1,S,175.63214000000002,176.077995,18,-8.02538999999939,3.3558626518291796,-11.38125265182857,-15.365353972229823
2025-11-28,466.8,480.85,481.75,481.45,0.030098543273350487,VBL,0.030098543273350487,1,L,481.99087499999996,481.209275,6,-4.689599999999814,3.0637667204034003,-7.753366720403214,-6.227296315516329
2025-11-28,3120.0,3185.0,3151.3,3163.8,0.02083333333333326,ENRIN,0.02083333333333326,1,L,3152.87565,3162.2181000000005,1,9.342450000000554,3.3494545681875003,5.992995431813053,39.66616951734281
2025-12-01,290.0,295.7,294.0,296.7,0.019655172413793,BANKBARODA,0.019655172413793,1,L,294.147,296.55165,11,26.45115000000004,3.4481512328438995,23.002998767156143,91.83673469387755
2025-12-01,485.0,495.8,500.3,500.25,0.022268041237113456,HINDZINC,0.022268041237113456,1,L,500.55015,499.99987500000003,6,-3.301649999999654,3.1827426438339,-6.484392643833554,-0.9994003597846302
2025-12-02,154.17,159.42,158.4,156.24,0.03405331776610243,UNIONBANK,0.03405331776610243,1,L,158.4792,156.16188000000002,21,-48.6637199999993,3.49809549776568,-52.161815497764984,-136.3636363636367
2025-12-02,296.0,302.5,301.15,297.25,0.02195945945945943,BANKBARODA,0.02195945945945943,1,L,301.300575,297.101375,11,-46.19119999999958,3.4850899637476997,-49.67628996374728,-129.50356964967602
2025-12-03,844.2,826.0,828.55,828.75,-0.021558872305140975,SHRIRAMFIN,0.021558872305140975,-1,S,828.135725,829.164375,4,-4.114599999999882,3.5145218052904,-7.629121805290282,-2.4138555307473553
2025-12-03,1119.0,1098.5,1083.7,1085.4,-0.018319928507596117,MAXHEALTH,0.018319928507596117,-1,S,1083.1581500000002,1085.9427,3,-8.353649999999561,3.4494221003763004,-11.80307210037586,-15.686998246746686
2025-12-03,124.8,122.54,119.28,119.94,-0.018108974358974295,PNB,0.018108974358974295,-1,S,119.22036000000001,119.99996999999999,27,-21.049469999999374,3.4223872030536606,-24.471857203053034,-55.33199195171035
2025-12-04,478.0,486.2,479.75,479.65,0.017154811715481166,VBL,0.017154811715481166,1,L,479.989875,479.410175,6,-3.4782000000000153,3.0518105034677996,-6.530010503467815,-2.0844189682134306
2025-12-05,831.05,840.85,852.8,855.65,0.011792310931953542,SHRIRAMFIN,0.011792310931953542,1,L,853.2263999999999,855.222175,3,5.987325000000283,2.7182501681338493,3.2690748318664333,33.419324577861346
2025-12-05,2658.9,2612.6,2606.9,2618.1,-0.017413215991575526,MAZDOCK,0.017413215991575526,-1,S,2605.59655,2619.4090499999998,1,-13.812499999999545,2.7689144442656,-16.581414444265146,-42.96290613372111
2025-12-08,406.7,399.55,385.9,386.9,-0.017580526186378065,BEL,0.017580526186378065,-1,S,385.70705,387.09344999999996,8,-11.091199999999844,3.2768513113039996,-14.368051311303844,-25.91344908007276
2025-12-09,139.43,135.68,140.37,141.99,-0.026895216237538544,ADANIPOWER,0.026895216237538544,-1,S,140.29981500000002,142.060995,23,-40.507139999999254,3.4389901999903802,-43.94613019998963,-115.4092754862157
2025-12-09,2482.0,2421.0,2475.6,2495.9,-0.02457695406929894,MAZDOCK,0.02457695406929894,-1,S,2474.3622,2497.14795,1,-22.785750000000007,2.6335175082938997,-25.419267508293906,-82.00032315398343
2025-12-09,2924.0,2820.5,2803.5,2794.6,-0.03539671682626544,ASIANPAINT,0.03539671682626544,-1,S,2802.09825,2795.9972999999995,1,6.100950000000466,2.9689269155942997,3.1320230844061667,31.746031746031633
2025-12-10,2549.0,2619.0,2608.9,2610.0,0.02746174970576698,HDFCAMC,0.02746174970576698,1,L,2610.2044499999997,2608.695,1,-1.5094499999995605,2.7670301402756996,-4.27648014027526,4.216336386981823
2025-12-10,491.35,512.0,512.4,512.7,0.04202706828126579,HINDZINC,0.04202706828126579,1,L,512.6561999999999,512.44365,6,-1.2752999999991061,3.2610672753966,-4.5363672753957065,5.8548009367687115
2025-12-10,975.6,999.9,985.1,983.1,0.024907749077490715,ADANIENSOL,0.024907749077490715,1,L,985.59255,982.6084500000001,3,-8.952299999999696,3.129789277278,-12.082089277277696,-20.30250735965855
2025-12-11,282.7,287.5,290.4,290.6,0.016979129819596706,ETERNAL,0.016979129819596706,1,L,290.54519999999997,290.45470000000006,11,-0.9954999999989695,3.3885642777514002,-4.38406427775037,6.887052341599809
2025-12-11,2982.0,2932.0,2908.1,2900.2,-0.016767270288397085,ENRIN,0.016767270288397085,-1,S,2906.64595,2901.6501,1,4.995850000000246,3.0802591249072995,1.9155908750929465,27.165503249544365
2025-12-11,512.1,523.05,520.3,522.3,0.021382542472173194,HINDZINC,0.021382542472173194,1,L,520.5601499999999,522.03885,6,8.872200000000703,3.3178545262440005,5.554345473756703,38.43936190659258
2025-12-12,523.0,537.95,565.2,562.0,0.02858508604206511,HINDZINC,0.02858508604206511,1,L,565.4826,561.719,5,-18.817999999999984,2.9862879978079997,-21.804287997807982,-56.61712668082131
2025-12-12,536.0,547.65,547.8,548.3,0.021735074626865636,AMBUJACEM,0.021735074626865636,1,L,548.0739,548.02585,6,-0.2882999999999356,3.4870518032610005,-3.775351803260936,9.127418765972894
2025-12-15,2342.0,2283.1,2297.9,2297.1,-0.025149444918872832,HYUNDAI,0.025149444918872832,-1,S,2296.7510500000003,2298.24855,1,-1.4974999999994907,2.436223532909601,-3.9337235329090916,3.4814395752647
2025-12-15,238.1,231.65,234.95,235.34,-0.02708945821083575,ONGC,0.02708945821083575,-1,S,234.832525,235.45766999999998,14,-8.75202999999965,3.4900785217769794,-12.242108521776629,-16.599276441797706
2025-12-16,298.05,288.4,285.3,284.8,-0.032377117933232835,ETERNAL,0.032377117933232835,-1,S,285.15735,284.9424,11,2.364449999999863,3.3253588999785,-0.9609088999786373,17.525411847177928
2025-12-16,2946.5,3020.5,2980.0,2979.9,0.02511454267775326,ENRIN,0.02511454267775326,1,L,2981.49,2978.4100500000004,1,-3.0799499999993714,3.1597551694113,-6.239705169410671,-0.3355704697982631
2025-12-16,1284.4,1245.9,1221.9,1219.9,-0.029975085643101806,AXISBANK,0.029975085643101806,-1,S,1221.28905,1220.5099500000001,2,1.5581999999999425,2.589582035148,-1.0313820351480576,16.367951550863012
2025-12-17,566.85,581.3,576.4,579.35,0.02549175266825432,HINDZINC,0.02549175266825432,1,L,576.6881999999999,579.060325,5,11.860625000000482,3.0653442558332498,8.795280744167233,51.17973629424011
2025-12-17,845.1,867.3,860.4,865.3,0.02626908058217947,SHRIRAMFIN,0.02626908058217947,1,L,860.8301999999999,864.86735,3,12.111450000000332,2.7463613869389,9.365088613061431,56.950255695025206
2025-12-17,670.5,687.3,672.8,670.8,0.025055928411632955,CGPOWER,0.025055928411632955,1,L,673.1363999999999,670.4646,4,-10.687199999999393,2.848473143304,-13.535673143303393,-29.726516052318573
2025-12-18,2549.0,2657.5,2723.0,2722.2,0.042565712043938886,HDFCAMC,0.042565712043938886,1,L,2724.3615,2720.8389,1,-3.522599999999784,2.8867993412904,-6.409399341290184,-2.937936099890459
2025-12-18,2977.0,2862.2,2845.3,2835.6,-0.03856231105139407,ENRIN,0.03856231105139407,-1,S,2843.87735,2837.0177999999996,1,6.859550000000581,3.0129128623038994,3.846637137696682,34.09130847362385
2025-12-18,168.2,161.89,161.4,161.85,-0.03751486325802622,IOC,0.03751486325802622,-1,S,161.31930000000003,161.93092499999997,20,-12.232499999998936,3.4265679010169996,-15.659067901015936,-27.881040892192566
2025-12-19,1048.0,1068.7,1080.9,1076.3,0.019751908396946627,MAXHEALTH,0.019751908396946627,1,L,1081.44045,1075.76185,3,-17.03579999999988,3.4295403021594,-20.46534030215928,-42.55712831899516
2025-12-22,587.85,604.8,605.0,607.3,0.028833886195458014,HINDZINC,0.028833886195458014,1,L,605.3025,606.99635,5,8.469249999999988,3.2148934677004997,5.2543565322994885,38.016528925619575
2025-12-22,2707.2,2597.4,2613.8,2616.3,-0.04055851063829774,ENRIN,0.04055851063829774,-1,S,2612.4931,2617.60815,1,-5.115049999999883,2.7725730098825,-7.8876230098823825,-9.564618563011607
2025-12-22,905.2,931.0,942.25,933.75,0.028501988510826193,SHRIRAMFIN,0.028501988510826193,1,L,942.7211249999999,933.283125,3,-28.313999999999623,2.9810041483815,-31.295004148381125,-90.20960466967321
2025-12-23,116.98,119.6,121.47,121.28,0.022396990938621908,IRFC,0.022396990938621908,1,L,121.53073499999999,121.21936000000001,27,-8.407124999999567,3.4743103367796895,-11.881435336779257,-15.641722235942845
2025-12-23,1589.0,1672.8,1680.2,1676.8,0.05273757079924479,CHOLAFIN,0.05273757079924479,1,L,1681.0401,1675.9616,1,-5.078499999999849,1.7794109483841998,-6.857910948384049,-20.235686227830783
2025-12-23,330.2,338.15,343.75,344.15,0.02407631738340399,TATACAP,0.02407631738340399,1,L,343.921875,343.97792499999997,9,0.5044499999997356,3.2827367236932,-2.7782867236934643,11.636363636362557
2025-12-24,610.25,630.9,624.1,624.95,0.03383859074149931,HINDZINC,0.03383859074149931,1,L,624.41205,624.6375250000001,5,1.1273750000003702,3.31151681101975,-2.18414181101938,13.619612241628776
2025-12-24,400.65,408.9,403.25,402.15,0.0205915387495319,COALINDIA,0.0205915387495319,1,L,403.451625,401.948925,8,-12.021600000000035,3.4150321201944,-15.436632120194435,-27.27836329820321
2025-12-24,345.0,351.65,342.9,344.0,0.019275362318840417,TATACAP,0.019275362318840417,1,L,343.07144999999997,343.82800000000003,9,6.80895000000055,3.278656514481299,3.530293485519251,32.0793234179062
2025-12-26,625.45,639.5,636.9,637.2,0.022463826045247437,HINDZINC,0.022463826045247437,1,L,637.21845,636.8814000000001,5,-1.6852499999993142,3.3776189578305003,-5.0628689578298145,4.710315591145431
2025-12-26,2545.3,2609.0,2529.0,2542.8,0.025026519467253205,MAZDOCK,0.025026519467253205,1,L,2530.2644999999998,2541.5286,1,11.264100000000326,2.6904356192406,8.573664380759727,54.56702253855417
2025-12-26,121.55,128.37,131.96,134.09,0.056108597285067896,IRFC,0.056108597285067896,1,L,132.02598,134.02295500000002,25,49.92437500000051,3.5321432464827502,46.39223175351776,161.41254925734927
2025-12-29,2548.1,2614.9,2537.4,2535.6,0.026215611632196545,MAZDOCK,0.026215611632196545,1,L,2538.6687,2534.3322,1,-4.336500000000342,2.6893599602034,-7.025859960203742,-7.093875620715062
2025-12-29,169.05,173.65,171.83,172.4,0.027210884353741527,TATASTEEL,0.027210884353741527,1,L,171.915915,172.31380000000001,19,7.559815000000043,3.468702932096211,4.091112067903833,33.172321480532396
2025-12-29,985.9,1006.6,994.1,990.6,0.020996044223552168,JINDALSTEL,0.020996044223552168,1,L,994.59705,990.1047000000001,3,-13.477049999999622,3.1555389347865,-16.63258893478612,-35.207725580928
2025-12-30,2542.0,2500.5,2455.7,2455.9,-0.016325727773406795,MAZDOCK,0.016325727773406795,-1,S,2454.47215,2457.12795,1,-2.6557999999999993,2.6039659366225996,-5.259765936622599,-0.8144317302605231
2025-12-30,953.5,967.55,983.2,979.95,0.014735186156266344,SHRIRAMFIN,0.014735186156266344,1,L,983.6916,979.4600250000001,3,-12.694724999999721,3.1213456808017495,-15.81607068080147,-33.055329536207935
2025-12-30,740.6,731.5,726.25,729.9,-0.012287334593572785,INDHOTEL,0.012287334593572785,-1,S,725.886875,730.2649499999999,4,-17.512299999999414,3.0864318772497996,-20.598731877249215,-50.25817555938117
2025-12-31,1110.0,1155.6,1163.4,1163.8,0.041081081081081106,JSWSTEEL,0.041081081081081106,1,L,1163.9817,1163.2181,2,-1.5271999999999935,2.4677156903096003,-3.9949156903095937,3.4381983840447994
2025-12-31,1020.7,1053.0,1052.4,1055.1,0.0316449495444302,JINDALSTEL,0.0316449495444302,1,L,1052.9262,1054.57245,3,4.938749999999345,3.3528950000846995,1.5858549999146456,25.655644241731057
2025-12-31,175.68,179.11,180.1,180.17,0.01952413479052817,TATASTEEL,0.01952413479052817,1,L,180.19004999999999,180.079915,18,-1.982429999999738,3.43822297701762,-5.420652977017358,3.8867295946687364
2026-01-01,142.9,146.89,148.56,148.88,0.027921623512946026,ADANIPOWER,0.027921623512946026,1,L,148.63428,148.80556,22,3.7681600000005346,3.4700419028844802,0.2981180971160544,21.54011847065096
2026-01-01,402.7,385.3,364.4,363.25,-0.04320834368015891,ITC,0.04320834368015891,-1,S,364.2178,363.431625,9,7.0755750000001285,3.4731461094304494,3.602428890569679,31.558726673983628
2026-01-01,415.6,424.0,426.25,428.55,0.0202117420596728,TMCV,0.0202117420596728,1,L,426.463125,428.335725,7,13.108200000000238,3.1740979272807,9.934102072719538,53.9589442815247
2026-01-02,363.95,348.9,349.7,349.95,-0.0413518340431378,ITC,0.0413518340431378,-1,S,349.52515,350.12497499999995,9,-5.398424999999577,3.3381603578542496,-8.736585357853826,-7.14898484415194
2026-01-02,2310.0,2263.5,2275.8,2268.0,-0.02012987012987011,HYUNDAI,0.02012987012987011,-1,S,2274.6621000000005,2269.134,1,5.52810000000045,2.4098469219186005,3.118253078081849,34.273662008964536
2026-01-02,425.2,439.05,441.9,442.8,0.03257290686735659,TMCV,0.03257290686735659,1,L,442.12094999999994,442.57860000000005,7,3.203550000000803,3.2839873156881,-0.08043731568729706,20.366598778005507
2026-01-05,1642.1,1591.2,1606.2,1606.4,-0.030996894220814752,INFY,0.030996894220814752,-1,S,1605.3969000000002,1607.2032,2,-3.6125999999994747,3.406410815245199,-7.019010815244673,-1.2451749470798745
2026-01-05,442.25,424.9,426.9,426.45,-0.03923120407009617,TMCV,0.03923120407009617,-1,S,426.68655,426.66322499999995,7,0.16327500000039663,3.1672956248440496,-3.004020624843653,10.541110330287706
2026-01-05,1086.5,1120.5,1121.4,1119.2,0.031293143120110445,LODHA,0.031293143120110445,1,L,1121.9607,1118.6404,2,-6.640600000000177,2.3753194516972003,-9.015919451697377,-19.618334225076637
2026-01-06,2944.65,2739.55,2691.85,2698.0,-0.06965174129353235,TRENT,0.06965174129353235,-1,S,2690.5040750000003,2699.3489999999997,1,-8.84492499999942,2.85686729479495,-11.701792294794371,-22.846741088842215
2026-01-06,931.0,956.95,943.8,941.75,0.027873254564984018,HINDALCO,0.027873254564984018,1,L,944.2718999999998,941.279125,3,-8.978324999999472,2.9983169175949493,-11.97664191759442,-21.720703538884443
2026-01-06,1577.0,1525.7,1508.2,1506.6,-0.032530120481927716,RELIANCE,0.032530120481927716,-1,S,1507.4459000000002,1507.3532999999998,2,0.18520000000080472,3.1970702132384,-3.011870213237595,10.608672589843549
2026-01-07,1530.0,1488.2,1464.8,1470.1,-0.027320261437908444,CIPLA,0.027320261437908444,-1,S,1464.0676,1470.83505,2,-13.534899999999652,3.1108345459978,-16.645734545997453,-36.182413981431516
2026-01-07,725.95,708.65,716.65,714.4,-0.023830842344514158,INDHOTEL,0.023830842344514158,-1,S,716.291675,714.7571999999999,4,6.137900000000627,3.0357924521829998,3.1021075478176274,31.396078978580544
2026-01-08,1074.0,1040.8,1018.2,1015.5,-0.03091247672253261,JINDALSTEL,0.03091247672253261,-1,S,1017.6909,1016.00775,3,5.049450000000206,3.2355151406847003,1.813934859315506,26.517383618149815
2026-01-08,232.77,226.44,226.59,225.94,-0.02719422606005939,VEDL,0.02719422606005939,-1,S,226.476705,226.05297,14,5.932290000000307,3.3598545442917,2.5724354557086073,28.68617326448719
2026-01-08,628.65,602.55,592.0,591.15,-0.041517537580529784,HINDZINC,0.041517537580529784,-1,S,591.7040000000001,591.445575,5,1.2921250000005102,3.13682546651975,-1.8447004665192397,14.358108108109002
2026-01-09,283.15,292.2,285.35,285.25,0.031961857672611726,ETERNAL,0.031961857672611726,1,L,285.492675,285.107375,11,-4.238300000000322,3.3275505902243,-7.565850590224622,-3.5044681969520486
2026-01-09,2349.0,2288.2,2265.0,2265.0,-0.02588335461898683,HYUNDAI,0.02588335461898683,-1,S,2263.8675000000003,2266.1324999999997,1,-2.264999999999418,2.40167463,-4.666674629999418,-0.0
2026-01-09,612.3,590.45,595.2,594.85,-0.03568512167238269,CGPOWER,0.03568512167238269,-1,S,594.9024000000001,595.147425,5,-1.2251249999997071,3.1548420288022503,-4.379967028801957,5.8803763440862244
2026-01-12,2413.0,2343.9,2379.6,2367.6,-0.02863655200994608,ENRIN,0.02863655200994608,-1,S,2378.4102000000003,2368.7837999999997,1,9.626400000000558,2.5181445898440002,7.108255410156557,50.42864346949116
2026-01-12,430.8,417.8,425.2,425.0,-0.030176415970287862,TMCV,0.030176415970287862,-1,S,424.98740000000004,425.2125,7,-1.5756999999995855,3.1554133182418003,-4.731113318241386,4.703668861711918
2026-01-13,285.2,291.25,292.8,294.6,0.021213183730715235,ETERNAL,0.021213183730715235,1,L,292.9464,294.45270000000005,11,16.569300000000737,3.4278196501626006,13.141480349838137,61.47540983606703
2026-01-13,235.55,239.78,243.84,243.62,0.01795797070685623,ONGC,0.01795797070685623,1,L,243.96192,243.49819000000002,13,-6.028489999999607,3.3593691818031797,-9.387859181802787,-9.022309711286258
2026-01-14,630.5,646.3,655.75,654.0,0.02505947660586827,HINDZINC,0.02505947660586827,1,L,656.077875,653.673,5,-12.024374999999736,3.470997155988749,-15.495372155988486,-26.686999618756868
2026-01-14,238.38,245.49,252.51,253.05,0.02982632771205651,VEDL,0.02982632771205651,1,L,252.63625499999998,252.92347500000002,13,3.733860000000618,3.4852025987867394,0.2486574012138787,21.3852916716184
2026-01-14,429.0,440.0,433.0,432.2,0.02564102564102555,COALINDIA,0.02564102564102555,1,L,433.2165,431.9839,7,-8.628199999999936,3.2103131290328,-11.838513129032735,-18.475750577366945
2026-01-16,1607.0,1675.0,1683.1,1692.1,0.042314872433105055,INFY,0.042314872433105055,1,L,1683.9415499999998,1691.25395,1,7.3124000000002525,1.790420773183,5.521979226817253,53.47275860020151
2026-01-16,1433.5,1384.5,1395.2,1397.5,-0.034182071852110196,CIPLA,0.034182071852110196,-1,S,1394.5024,1398.19875,2,-7.392699999999877,2.9607123229198002,-10.353412322919677,-16.485091743119185
2026-01-16,2553.0,2688.8,2601.7,2596.8,0.053192322757540156,HDFCAMC,0.053192322757540156,1,L,2603.00085,2595.5016000000005,1,-7.4992499999993925,2.7555562425536992,-10.25480624255309,-18.83383941269079
2026-01-19,560.65,595.2,589.2,590.5,0.061624899670025934,CGPOWER,0.061624899670025934,1,L,589.4946,590.20475,5,3.5507499999999936,3.1279269202655,0.42282307973449385,22.063815342836524
2026-01-19,266.8,247.5,246.05,245.9,-0.07233883058470769,WIPRO,0.07233883058470769,-1,S,245.92697500000003,246.02294999999998,13,-1.24767499999939,3.3908430878796496,-4.6385180878790395,6.096321885795675
2026-01-20,120.35,116.34,117.1,116.15,-0.0333194848358952,IRFC,0.0333194848358952,-1,S,117.04145,116.208075,28,23.334500000000105,3.4654657489942,19.869034251005907,81.12724167378182
2026-01-20,968.0,943.75,943.05,933.25,-0.02505165289256195,BAJFINANCE,0.02505165289256195,-1,S,942.578475,933.7166249999999,3,26.585550000000353,2.9875057475778,23.598044252422554,103.91813795663008
2026-01-21,1316.3,1281.1,1319.6,1320.9,-0.026741624249791096,UNITDSPR,0.026741624249791096,-1,S,1318.9402,1321.56045,2,-5.240499999999884,2.7995477402938,-8.040047740293684,-9.8514701424679
2026-01-21,2317.0,2257.7,2275.7,2275.0,-0.02559343979283568,HYUNDAI,0.02559343979283568,-1,S,2274.5621499999997,2276.1375,1,-1.5753500000000713,2.4127259841208994,-3.9880759841209708,3.0759766225774143
2026-01-22,436.1,453.6,446.65,445.45,0.0401284109149278,TMCV,0.0401284109149278,1,L,446.87332499999997,445.227275,7,-11.52234999999962,3.3098370706491997,-14.83218707064882,-26.866674129631953
2026-01-22,1156.0,1208.9,1218.7,1216.2,0.04576124567474049,DRREDDY,0.04576124567474049,1,L,1219.30935,1215.5919000000001,2,-7.434899999999743,2.5812780613649995,-10.016178061364743,-20.513662098957663
2026-01-22,885.0,913.0,902.5,904.5,0.031638418079096065,ADANIGREEN,0.031638418079096065,1,L,902.95125,904.0477500000001,3,3.2895000000003165,2.8747154003219997,0.4147845996783168,22.1606648199435
2026-01-23,664.3,698.4,698.9,699.8,0.05133222941442117,HINDZINC,0.05133222941442117,1,L,699.2494499999999,699.4501,4,0.8026000000004387,2.9665957563932,-2.163995756392761,12.877378738016532
2026-01-23,253.65,258.72,256.29,256.31,0.019988172678888416,VEDL,0.019988172678888416,1,L,256.418145,256.181845,12,-2.8355999999996584,3.261214191572879,-6.096814191572538,0.7803659916483241
2026-01-23,908.0,888.7,777.6,772.8,-0.02125550660792952,ADANIGREEN,0.02125550660792952,-1,S,777.2112000000001,773.1863999999999,4,16.099200000000565,3.2900153834304,12.809184616570164,61.72839506172978
2026-01-27,1242.7,1178.3,1174.0,1174.1,-0.05182264424237559,GODREJCP,0.05182264424237559,-1,S,1173.413,1174.6870499999998,2,-2.548099999999522,2.4897671032225994,-5.037867103222121,-0.8517887563885829
2026-01-27,1253.9,1311.5,1313.8,1314.1,0.045936677565993955,AXISBANK,0.045936677565993955,1,L,1314.4569,1313.4429499999999,2,-2.027900000000045,2.786538582732199,-4.814438582732244,2.2834525803006045
2026-01-27,1856.0,1940.5,1964.0,1959.7,0.045528017241379226,ADANIENT,0.045528017241379226,1,L,1964.982,1958.72015,1,-6.261849999999868,2.0797600926859,-8.341610092685768,-21.89409368635431
2026-01-28,1189.5,1138.3,1125.9,1132.1,-0.043043295502311896,TATACONSUM,0.043043295502311896,-1,S,1125.33705,1132.6660499999998,2,-14.657999999999447,2.3928915234011994,-17.050891523400647,-55.06705746513685
2026-01-28,248.2,262.2,267.52,268.23,0.05640612409347301,ONGC,0.05640612409347301,1,L,267.65376,268.095885,12,5.305500000000393,3.40940430023724,1.896095699763153,26.540071770335683
2026-01-28,2628.0,2482.3,2518.9,2508.4,-0.05544140030441391,ASIANPAINT,0.05544140030441391,-1,S,2517.64055,2509.6542,1,7.9863500000001295,2.6664808846135,5.319869115386629,41.684862439953505
2026-01-29,454.2,441.7,444.3,444.4,-0.027520915896081077,BEL,0.027520915896081077,-1,S,444.07785,444.62219999999996,7,-3.810449999999662,3.2980639594790997,-7.108513959478762,-2.250731487731805
2026-01-30,287.37,269.74,258.12,255.16,-0.061349479764763126,VEDL,0.061349479764763126,-1,S,257.99094,255.28758,12,32.44032000000038,3.269411833746241,29.170908166254144,114.6753448008686
2026-01-30,1168.0,1112.7,1132.2,1131.3,-0.047345890410958824,JINDALSTEL,0.047345890410958824,-1,S,1131.6339,1131.86565,2,-0.46349999999983993,2.4002816397966,-2.8637816397964397,7.949125596184992
2026-01-30,715.9,679.55,632.7,627.55,-0.050775247939656376,HINDZINC,0.050775247939656376,-1,S,632.3836500000001,627.8637749999999,5,22.59937500000092,3.3435656870902504,19.255809312910667,81.3971866603458
2026-02-01,626.0,564.85,567.3,571.85,-0.09768370607028753,HINDZINC,0.09768370607028753,-1,S,567.01635,572.135925,5,-25.597875000000272,3.0172250045707503,-28.615100004571023,-80.2044773488464
2026-02-01,962.65,916.15,914.35,906.75,-0.04830416039058849,HINDALCO,0.04830416039058849,-1,S,913.8928250000001,907.2033749999999,3,20.068350000000578,2.8989851797236006,17.16936482027698,83.11915568436578
2026-02-02,807.5,837.7,835.85,844.55,0.03739938080495353,ADANIGREEN,0.03739938080495353,1,L,836.267925,844.127725,3,23.57940000000019,2.6755621257507,20.90383787424949,104.08566130286401
2026-02-02,1587.0,1527.1,1583.7,1597.1,-0.037744171392564696,CHOLAFIN,0.037744171392564696,-1,S,1582.9081500000002,1597.89855,2,-29.980799999999363,3.3697949386284005,-33.350594938627765,-84.61198459304154
2026-02-02,994.0,962.7,951.2,960.5,-0.03148893360160965,SHRIRAMFIN,0.03148893360160965,-1,S,950.7244000000001,960.98025,3,-30.767549999999687,3.0375220987527,-33.80507209875239,-97.77123633305295
2026-02-03,607.8,661.15,661.4,661.85,0.08777558407370845,CGPOWER,0.08777558407370845,1,L,661.7307,661.519075,5,-1.0581249999995634,3.5079907822457495,-4.566115782245313,6.803749622015243
2026-02-03,1995.0,2178.7,2210.5,2202.7,0.0920802005012531,ADANIENT,0.0920802005012531,1,L,2211.60525,2201.59865,1,-10.006600000000162,2.3388947250813996,-12.345494725081561,-35.28613435874295
2026-02-03,845.0,920.0,930.9,931.9,0.08875739644970415,ADANIGREEN,0.08875739644970415,1,L,931.3654499999999,931.4340500000001,3,0.20580000000052223,2.963136821061,-2.757336821060478,10.742292405199194
2026-02-04,1654.7,1558.9,1539.3,1535.0,-0.057895691061823906,INFY,0.057895691061823906,-1,S,1538.53035,1535.7675,2,5.525700000000143,3.2607531306282005,2.264946869371942,27.93477554732693
2026-02-05,639.3,604.5,609.0,610.95,-0.05443453777569207,HINDZINC,0.05443453777569207,-1,S,608.6955,611.255475,5,-12.799875000000043,3.23284064210175,-16.032715642101792,-32.01970443349911
2026-02-05,257.58,245.58,244.61,245.1,-0.04658746797111568,VEDL,0.04658746797111568,-1,S,244.48769500000003,245.22254999999998,13,-9.553114999999394,3.3744915140998097,-12.927606514099203,-20.031887494378342
2026-02-06,381.85,369.65,371.2,372.3,-0.03194971847584138,RECLTD,0.03194971847584138,-1,S,371.0144,372.48615,8,-11.773999999999887,3.1524914409944,-14.926491440994287,-29.63362068965525
2026-02-06,2594.7,2677.9,2734.2,2740.8,0.032065364011253816,ENRIN,0.032065364011253816,1,L,2735.5670999999998,2739.4296000000004,1,3.8625000000006366,2.9034104752542,0.9590895247464366,24.138687733159525
2026-02-06,120.75,116.81,117.64,118.18,-0.03262939958592126,MOTHERSON,0.03262939958592126,-1,S,117.58118,118.23909,28,-18.42148000000003,3.49903871466856,-21.920518714668592,-45.90275416525014
2026-02-09,2402.0,2470.8,2474.7,2470.1,0.028642797668609665,MAZDOCK,0.028642797668609665,1,L,2475.9373499999997,2468.86495,1,-7.072399999999561,2.6210847803197996,-9.693484780319361,-18.588111690305276
2026-02-09,1066.0,1127.7,1144.1,1146.7,0.057879924953095685,SBIN,0.057879924953095685,1,L,1144.67205,1146.1266500000002,2,2.90920000000051,2.4296020750124003,0.4795979249881097,22.725286251203958
2026-02-10,922.0,904.0,885.35,888.25,-0.0195227765726681,ZYDUSLIFE,0.0195227765726681,-1,S,884.9073250000001,888.694125,3,-11.360399999999572,2.8199791632831004,-14.180379163282673,-32.75540746597416
2026-02-10,201.4,205.38,208.03,208.02,0.01976166832174764,TATASTEEL,0.01976166832174764,1,L,208.13401499999998,207.91599000000002,16,-3.488399999999274,3.52922475521808,-7.017624755217354,-0.48069989905252797
2026-02-10,288.85,295.35,304.35,303.8,0.0225030292539381,ETERNAL,0.0225030292539381,1,L,304.502175,303.64810000000006,10,-8.540749999999662,3.2236313946215005,-11.764381394621163,-18.071299490718395
2026-02-11,129.8,134.7,130.67,130.4,0.037750385208012105,MOTHERSON,0.037750385208012105,1,L,130.735335,130.3348,25,-10.013374999999769,3.45955286376275,-13.47292786376252,-20.662738195452725
2026-02-12,1471.0,1400.8,1390.2,1386.9,-0.04772263766145479,INFY,0.04772263766145479,-1,S,1389.5049000000001,1387.59345,2,3.822900000000118,2.9454000184542,0.8774999815459177,23.737591713421935
2026-02-12,2909.0,2790.3,2751.9,2751.7,-0.04080440013750419,TCS,0.04080440013750419,-1,S,2750.5240500000004,2753.0758499999997,1,-2.5517999999992753,2.9178710625774005,-5.469671062576676,0.7267705948632575
2026-02-13,1384.0,1308.0,1368.8,1369.6,-0.054913294797687806,INFY,0.054913294797687806,-1,S,1368.1156,1370.2848,2,-4.338399999999638,2.9034649569808,-7.241864956980438,-5.8445353594382965
2026-02-13,965.3,911.0,907.1,910.75,-0.056251942401325916,HINDALCO,0.056251942401325916,-1,S,906.6464500000001,911.205375,3,-13.676774999999793,2.8901124600373502,-16.566887460037144,-40.23812148605366
2026-02-16,2745.6,2865.0,2814.8,2812.5,0.043487762237762295,ENRIN,0.043487762237762295,1,L,2816.2074000000002,2811.09375,1,-5.113650000000234,2.9831788780599,-8.096828878060133,-8.17109563734597
2026-02-17,907.1,884.75,887.45,889.9,-0.024638959320912868,HINDALCO,0.024638959320912868,-1,S,887.0062750000001,890.3449499999999,3,-10.016024999999559,2.82609172913055,-12.842116729130108,-27.607189137415222
2026-02-17,1370.0,1400.9,1393.1,1391.5,0.02255474452554762,INFY,0.02255474452554762,1,L,1393.7965499999998,1390.8042500000001,2,-5.984599999999318,2.9522771815616,-8.936877181560918,-11.485176943506481
2026-02-17,286.35,278.7,280.1,281.45,-0.02671555788370883,ETERNAL,0.02671555788370883,-1,S,279.95995000000005,281.59072499999996,11,-17.93852499999906,3.27326321247805,-21.21178821247711,-48.19707247411431
2026-02-18,271.85,264.7,264.1,264.55,-0.02630126908221453,ONGC,0.02630126908221453,-1,S,263.96795000000003,264.682275,12,-8.571899999999687,3.3627062214102,-11.934606221409886,-17.039000378644698
2026-02-18,1391.5,1358.8,1371.0,1373.9,-0.023499820337764987,INFY,0.023499820337764987,-1,S,1370.3145000000002,1374.5869500000001,2,-8.54489999999987,2.9098962934554,-11.45479629345527,-21.152443471919025
2026-02-18,203.05,206.97,209.04,209.04,0.019305589756217545,TATASTEEL,0.019305589756217545,1,L,209.14451999999997,208.93548,15,-3.1355999999993855,3.3248083752,-6.4604083751993855,0.0
2026-02-19,2785.0,2744.6,2764.6,2751.7,-0.014506283662477637,ENRIN,0.014506283662477637,-1,S,2763.2177,2753.0758499999997,1,10.141850000000431,2.9259978673423,7.2158521326581315,46.66136149895084
2026-02-19,264.8,269.8,275.3,274.7,0.018882175226586195,ONGC,0.018882175226586195,1,L,275.43765,274.56265,12,-10.5,3.4983385088136,-13.9983385088136,-21.794406102434436
2026-02-20,189.0,193.13,193.8,194.05,0.02185185185185179,UNIONBANK,0.02185185185185179,1,L,193.8969,193.952975,17,0.9532750000003603,3.496122353219749,-2.542847353219389,12.899896800826482
2026-02-20,415.6,424.4,422.45,423.85,0.02117420596727615,COALINDIA,0.02117420596727615,1,L,422.66122499999994,423.6380750000001,7,6.8379500000008875,3.1418614229926005,3.696088577008287,33.140016570010204
2026-02-23,1515.3,1553.4,1554.4,1557.0,0.025143535933478622,ADANIPORTS,0.025143535933478622,1,L,1555.1772,1556.2215,2,2.088600000000042,3.2997187202124,-1.2111187202123577,16.726711271228822
2026-02-23,193.75,198.6,197.46,197.99,0.025032258064516144,UNIONBANK,0.025032258064516144,1,L,197.55873,197.891005,16,5.316400000000158,3.3554285030417597,1.9609714969583982,26.840879165399567
2026-02-23,586.65,601.0,589.1,591.9,0.02446092218528939,HINDZINC,0.02446092218528939,1,L,589.39455,591.60405,5,11.047500000000241,3.1321960434180003,7.915303956582241,47.53013070785794
2026-02-24,268.5,258.15,254.0,253.5,-0.03854748603351965,ETERNAL,0.03854748603351965,-1,S,253.87300000000002,253.62675,13,3.201250000000414,3.4985164492655,-0.29726644926508605,19.685039370078705
2026-02-24,1425.0,1369.3,1334.7,1339.7,-0.039087719298245616,HCLTECH,0.039087719298245616,-1,S,1334.03265,1340.36985,2,-12.674399999999878,2.83468129593,-15.509081295929878,-37.46160185809533
2026-02-24,1328.0,1279.8,1272.5,1277.2,-0.03629518072289162,INFY,0.03629518072289162,-1,S,1271.86375,1277.8386,2,-11.94970000000012,2.7025224894622,-14.652222489462321,-36.93516699410537
2026-02-25,261.4,268.3,270.55,272.49,0.026396327467482994,VEDL,0.026396327467482994,1,L,270.685275,272.35375500000004,12,20.02176000000054,3.4574033462493596,16.56435665375118,71.70578451302978
2026-02-25,109.71,105.39,104.65,104.64,-0.03937653814602127,IRFC,0.03937653814602127,-1,S,104.59767500000001,104.69232,31,-2.9339949999995554,3.4397781641049705,-6.373773164104525,0.955566172957667
2026-02-25,1342.0,1369.6,1374.9,1380.5,0.02056631892697469,HCLTECH,0.02056631892697469,1,L,1375.58745,1379.8097500000001,2,8.444600000000264,2.9228953775343998,5.521704622465864,40.73023492617622
2026-02-26,1356.0,1390.6,1366.6,1361.1,0.025516224188790515,TECHM,0.025516224188790515,1,L,1367.2832999999998,1360.41945,2,-13.727699999999459,2.8910877896429996,-16.618787789642457,-40.245865651983294
2026-02-26,479.65,488.9,487.25,491.55,0.019284895236109767,TMCV,0.019284895236109767,1,L,487.49362499999995,491.30422500000003,6,22.863600000000474,3.1164194088845996,19.747180591115875,88.25038481272473
2026-02-27,2928.7,2980.0,2913.2,2942.7,0.017516304162256358,ENRIN,0.017516304162256358,1,L,2914.6566,2941.22865,1,26.572050000000218,3.1078655380664997,23.46418446193372,101.26321570781194
2026-02-27,1107.7,1086.5,1084.1,1080.2,-0.019138755980861233,SHRIRAMFIN,0.019138755980861233,-1,S,1083.55795,1080.7401,3,8.453549999999723,3.4436311840778995,5.009918815921823,35.974541093993786
2026-02-27,246.5,251.05,247.5,246.0,0.018458417849898545,ETERNAL,0.018458417849898545,1,L,247.62374999999997,245.877,13,-22.70774999999952,3.3991722202035,-26.10692222020302,-60.60606060606099
2026-03-02,187.0,180.05,178.58,178.99,-0.03716577540106947,IOC,0.03716577540106947,-1,S,178.49071000000004,179.079495,18,-10.598129999999514,3.4115085569939403,-14.009638556993455,-22.95889797289785
2026-03-04,165.45,156.94,155.43,154.54,-0.051435478996675665,GAIL,0.051435478996675665,-1,S,155.35228500000002,154.61727,21,15.435315000000685,3.4531301473080305,11.982184852692654,57.26050312037656
2026-03-05,275.7,284.35,276.65,276.65,0.031374682626042816,ONGC,0.031374682626042816,1,L,276.788325,276.51167499999997,12,-3.319800000000214,3.5201233716,-6.839923371600214,0.0
2026-03-05,434.15,447.45,455.45,447.6,0.03063457330415753,COALINDIA,0.03063457330415753,1,L,455.67772499999995,447.37620000000004,7,-58.11067499999939,3.34536651880935,-61.45604151880874,-172.35700955099298
2026-03-05,122.85,126.44,125.58,126.03,0.029222629222629193,MOTHERSON,0.029222629222629193,1,L,125.64278999999999,125.96698500000001,26,8.42907000000045,3.4695883562378995,4.959481643762551,35.83373148590585
2026-03-06,99.1,101.95,99.86,99.6,0.02875882946518682,IRFC,0.02875882946518682,1,L,99.90992999999999,99.5502,33,-11.871089999999498,3.4887394274495396,-15.359829427449037,-26.036451031444805
2026-03-06,2361.0,2520.8,2471.0,2475.2,0.06768318509106308,MAZDOCK,0.06768318509106308,1,L,2472.2355,2473.9624,1,1.7269000000001142,2.6227926867253997,-0.8958926867252854,16.997167138810276
2026-03-09,188.76,176.98,178.41,179.31,-0.062407289680016964,UNIONBANK,0.062407289680016964,-1,S,178.320795,179.399655,18,-19.41947999999985,3.4119721569905996,-22.83145215699045,-50.44560282495336
2026-03-09,352.95,327.3,330.75,330.75,-0.07267318317042071,BPCL,0.07267318317042071,-1,S,330.584625,330.915375,10,-3.3074999999996635,3.507081165,-6.814581164999663,-0.0
2026-03-10,448.0,462.5,460.45,459.0,0.0323660714285714,TMCV,0.0323660714285714,1,L,460.68022499999995,458.7705,7,-13.368074999999465,3.411146272546949,-16.779221272546415,-31.490932783146963
2026-03-10,989.9,1023.0,1059.4,1063.1,0.03343772098191744,SHRIRAMFIN,0.03343772098191744,1,L,1059.9297000000001,1062.56845,3,7.916249999999536,3.3770818997457,4.5391681002538355,34.92542948838828
2026-03-11,380.55,391.6,386.75,385.5,0.029036920247010878,TATAPOWER,0.029036920247010878,1,L,386.943375,385.30725,8,-13.088999999999942,3.2742990891300003,-16.363299089129942,-32.32062055591456
2026-03-11,150.66,154.5,149.08,147.83,0.025487853444842612,GAIL,0.025487853444842612,1,L,149.15454,147.756085,22,-30.766009999999653,3.4600698660274998,-34.226079866027156,-83.84759860477598
2026-03-11,270.51,277.19,270.34,269.97,0.024694096336549398,VEDL,0.024694096336549398,1,L,270.47516999999993,269.83501500000006,12,-7.681859999998551,3.4369930932217194,-11.11885309322027,-13.686468891024317
2026-03-12,3179.0,3071.3,3044.4,3035.2,-0.03387857816923556,M&M,0.03387857816923556,-1,S,3042.8778,3036.7175999999995,1,6.160200000000714,3.2242371725604,2.9359628274403136,30.21941926159566
2026-03-12,444.4,429.4,443.55,443.0,-0.03375337533753375,TMCV,0.03375337533753375,-1,S,443.32822500000003,443.2215,7,0.7470750000002795,3.290584179664949,-2.5435091796646696,12.399954909254607
2026-03-12,223.05,214.5,221.68,221.39,-0.03833221250840624,ETERNAL,0.03833221250840624,-1,S,221.56916,221.50069499999998,15,1.0269750000004763,3.5240203213084498,-2.4970453213079735,13.0819198845189
2026-03-13,1224.0,1188.9,1149.8,1143.4,-0.028676470588235192,JINDALSTEL,0.028676470588235192,-1,S,1149.2251,1143.9717,2,10.506800000000112,2.4329808809536,8.073819119046512,55.661854235518064
2026-03-13,968.0,934.1,911.4,910.0,-0.035020661157024735,HINDALCO,0.035020661157024735,-1,S,910.9443,910.4549999999999,3,1.4679000000002134,2.8974212647254,-1.4295212647251865,15.36098310291889
2026-03-13,582.8,564.5,550.3,551.45,-0.03140013726835955,HINDZINC,0.03140013726835955,-1,S,550.02485,551.725725,6,-10.205249999999978,3.5039382247797,-13.709188224779679,-20.897692167909376
2026-03-16,156.6,151.85,149.8,149.1,-0.030332056194125157,IOC,0.030332056194125157,-1,S,149.72510000000003,149.17454999999998,22,12.112100000000964,3.4879883790597996,8.624111620941164,46.728971962618495
2026-03-16,401.2,413.75,408.55,408.25,0.03128115653040875,VBL,0.03128115653040875,1,L,408.754275,408.045875,8,-5.667199999999866,3.4640860186711997,-9.131286018671066,-7.343042467262695
2026-03-16,2018.0,1957.4,1972.8,1962.1,-0.03002973240832507,HYUNDAI,0.03002973240832507,-1,S,1971.8136,1963.0810499999998,1,8.732550000000174,2.0873440311908995,6.645205968809274,54.237631792376504
2026-03-17,3029.0,3106.4,3132.7,3127.0,0.02555298778474757,M&M,0.02555298778474757,1,L,3134.2663499999994,3125.4365000000003,1,-8.829849999999169,3.3180859198440995,-12.147935919843269,-18.19516710824476
2026-03-17,222.85,229.14,235.97,234.65,0.028225263630244468,ETERNAL,0.028225263630244468,1,L,236.08798499999997,234.532675,14,-21.774339999999484,3.4910991635682396,-25.265439163567724,-55.939314319616294
2026-03-18,1234.0,1269.9,1273.2,1267.1,0.029092382495948144,INFY,0.029092382495948144,1,L,1273.8365999999999,1266.46645,2,-14.740299999999934,2.6922480169786,-17.432548016978533,-47.91077599748728
2026-03-18,2775.0,2867.8,2845.5,2836.2,0.033441441441441455,ENRIN,0.033441441441441455,1,L,2846.9227499999997,2834.7819,1,-12.140849999999773,3.0112520362509,-15.152102036250673,-32.68318397469771
2026-03-19,304.0,293.05,286.4,285.95,-0.03601973684210524,BPCL,0.03601973684210524,-1,S,286.2568,286.09297499999997,11,1.8020750000003432,3.3384202780406493,-1.5363452780403062,15.71229050279288
2026-03-19,242.85,234.19,228.67,228.42,-0.03565987234918677,ETERNAL,0.03565987234918677,-1,S,228.555665,228.53420999999997,14,0.30037000000044145,3.3930861455644994,-3.092716145564058,10.932785236367204
2026-03-19,842.0,802.65,802.65,796.75,-0.04673396674584329,HDFCBANK,0.04673396674584329,-1,S,802.248675,797.148375,4,20.401200000000244,3.3944117329332,17.006788267067044,73.50650968666272
2026-03-20,172.9,179.13,177.08,177.44,0.03603238866396752,UNIONBANK,0.03603238866396752,1,L,177.16854,177.35128,18,3.2893199999999183,3.3839230946277596,-0.09460309462784133,20.329794443187943
2026-03-20,399.0,415.5,404.35,402.35,0.041353383458646586,TATAPOWER,0.041353383458646586,1,L,404.552175,402.14882500000004,8,-19.226799999999457,3.4197558074080003,-22.64655580740746,-49.462099666131024
2026-03-20,133.9,139.37,136.12,136.28,0.04085138162808066,CANBK,0.04085138162808066,1,L,136.18806,136.21186,24,0.5711999999998625,3.46646731156608,-2.8952673115662173,11.754334410813971
2026-03-23,288.5,275.6,272.4,271.55,-0.04471403812824948,BPCL,0.04471403812824948,-1,S,272.2638,271.685775,12,6.936300000000301,3.4617574812473997,3.4745425187529015,31.20411160058567
2026-03-23,196.0,188.26,187.72,187.56,-0.03948979591836743,TATASTEEL,0.03948979591836743,-1,S,187.62614000000002,187.65377999999998,17,-0.4698799999993639,3.38266221785264,-3.852542217852004,8.523332623054936
2026-03-24,89.35,92.5,92.8,92.87,0.03525461667599328,IRFC,0.03525461667599328,1,L,92.84639999999999,92.82356500000002,35,-0.7992249999990264,3.4455585854231496,-4.2447835854221765,7.543103448277577
2026-03-24,395.2,416.15,413.8,413.15,0.053011133603238836,TMCV,0.053011133603238836,1,L,414.0069,412.943425,8,-8.507799999999861,3.5068286461876,-12.014628646187461,-15.708071532142265
2026-03-24,168.25,174.12,174.07,173.56,0.03488855869242191,UNIONBANK,0.03488855869242191,1,L,174.15703499999998,173.47322,19,-12.992484999999647,3.5007002188149694,-16.493185218814617,-29.29855805135828
2026-03-25,3135.4,3282.0,3305.9,3326.7,0.046756394718377114,MUTHOOTFIN,0.046756394718377114,1,L,3307.55295,3325.03665,1,17.483700000000226,3.5186946602496,13.965005339750626,62.917813605976036
2026-03-25,496.0,516.0,518.45,518.05,0.040322580645161255,HINDZINC,0.040322580645161255,1,L,518.7092250000001,517.790975,6,-5.509500000000344,3.2968700852712,-8.806370085271544,-7.715305236765113
2026-03-27,180.98,174.68,173.41,175.31,-0.0348104762957232,UNIONBANK,0.0348104762957232,-1,S,173.323295,175.397655,19,-39.412839999999704,3.5087819618593,-42.921621961859,-109.56692232281907
2026-03-27,954.4,919.5,904.7,903.5,-0.036567476948868416,SHRIRAMFIN,0.036567476948868416,-1,S,904.2476500000001,903.95175,3,0.8877000000005637,2.8763606521932,-1.9886606521926362,13.264065436057182
2026-03-27,436.25,413.65,414.45,435.55,-0.05180515759312321,TMCV,0.05180515759312321,-1,S,414.242775,435.767775,8,-172.19999999999982,3.5866395510744,-175.78663955107422,-509.1084569911941
2026-03-30,242.89,252.49,243.84,245.08,0.039524064391288416,VEDL,0.039524064391288416,1,L,243.96192,244.95746000000003,13,12.94202000000044,3.371514595538439,9.570505404462,50.85301837270295
2026-03-30,420.0,402.35,395.8,397.0,-0.04202380952380946,TMCV,0.04202380952380946,-1,S,395.6021,397.19849999999997,8,-12.77119999999968,3.3615030954847995,-16.13270309548448,-30.318342597270842
2026-03-30,865.0,906.7,885.7,884.0,0.04820809248554925,HINDALCO,0.04820809248554925,1,L,886.14285,883.558,3,-7.754549999999881,2.8141712081762993,-10.56872120817618,-19.19385796545159
2026-04-01,2064.0,2271.7,2301.2,2312.0,0.10062984496124017,MAZDOCK,0.10062984496124017,1,L,2302.3505999999998,2310.844,1,8.493400000000292,2.4469699939796,6.046430006020692,46.93203545976132
2026-04-01,2193.35,2343.15,2308.95,2348.65,0.06829735336357645,TRENT,0.06829735336357645,1,L,2310.1044749999996,2347.475675,1,37.3712000000005,2.4736809246139,34.8975190753866,171.9396262370343
2026-04-01,401.6,425.55,417.4,417.9,0.059636454183266796,BEL,0.059636454183266796,1,L,417.60869999999994,417.69105,7,0.5764500000005341,3.1003469262044994,-2.523896926203965,11.978917105892606
2026-04-02,2320.5,2223.2,2240.9,2269.2,-0.04193061840120671,MAZDOCK,0.04193061840120671,-1,S,2239.77955,2270.3345999999997,1,-30.555049999999483,2.3880187297978996,-32.94306872979738,-126.28854478111239
2026-04-02,956.1,913.65,926.5,943.95,-0.044399121430812705,ADANIENSOL,0.044399121430812705,-1,S,926.0367500000001,944.421975,3,-55.15567499999963,2.96923041951555,-58.12490541951518,-188.34322719913698
2026-04-06,250.0,258.3,258.4,260.0,0.03320000000000012,BANKBARODA,0.03320000000000012,1,L,258.52919999999995,259.87,12,16.0896000000007,3.3001946666303996,12.7894053333703,61.91950464396356
2026-04-06,2355.25,2482.55,2547.95,2557.55,0.054049463963485866,TRENT,0.054049463963485866,1,L,2549.223975,2556.2712250000004,1,7.047250000000531,2.7078414954151997,4.3394085045853314,37.67734845660398
2026-04-07,174.05,169.46,170.28,172.1,-0.02637173226084455,UNIONBANK,0.02637173226084455,-1,S,170.19486,172.18605,19,-37.83260999999979,3.44508436022754,-41.27769436022733,-106.88278130138507
2026-04-07,927.2,953.2,952.65,954.3,0.028041415012942217,HINDALCO,0.028041415012942217,1,L,953.126325,953.82285,3,2.0895750000001954,3.0335719530406493,-0.943996953040454,17.32010706975151
2026-04-07,933.0,906.0,930.0,931.7,-0.02893890675241162,MAXHEALTH,0.02893890675241162,-1,S,929.5350000000001,932.16585,3,-7.892549999999687,2.9604984041763003,-10.853048404175988,-18.279569892474257
2026-04-08,395.0,430.8,434.7,432.1,0.09063291139240515,TMCV,0.09063291139240515,1,L,434.91734999999994,431.88395,7,-21.233799999999405,3.2148683846566,-24.448668384656006,-59.81136415918908
2026-04-08,1402.1,1525.9,1552.4,1554.2,0.08829612723771496,CHOLAFIN,0.08829612723771496,1,L,1553.1762,1553.4229,2,0.49339999999983775,3.2944535027932003,-2.8010535027933625,11.594949755218131
2026-04-09,1346.4,1315.0,1331.4,1334.1,-0.023321449792038096,INFY,0.023321449792038096,-1,S,1330.7343,1334.76705,2,-8.065499999999702,2.8257490326101995,-10.8912490326099,-20.279405137448858
2026-04-09,448.0,435.8,433.7,434.95,-0.027232142857142816,AMBUJACEM,0.027232142857142816,-1,S,433.48315,435.16747499999997,7,-11.79027499999961,3.22277109378875,-15.013046093788361,-28.821766197832943
2026-04-09,951.0,979.6,984.05,985.95,0.03007360672975823,HINDALCO,0.03007360672975823,1,L,984.5420249999999,985.457025,3,2.745000000000573,3.1339360988558997,-0.38893609885532676,19.307961993801914
2026-04-10,2267.1,2345.1,2367.0,2360.6,0.0344051872436153,ASIANPAINT,0.0344051872436153,1,L,2368.1835,2359.4197,1,-8.763800000000174,2.5057341163231994,-11.269534116323374,-27.038445289395696
2026-04-10,788.0,821.1,821.55,825.25,0.042005076142132,LODHA,0.042005076142132,1,L,821.9607749999999,824.8373750000001,4,11.506400000000667,3.4939664875276,8.012433512473066,45.03682064390446
2026-04-10,1074.0,1110.9,1156.6,1159.0,0.03435754189944151,ADANIENSOL,0.03435754189944151,1,L,1157.1782999999998,1158.4205000000002,2,2.4844000000007327,2.4558546626576003,0.02854533734313236,20.75047553173226
2026-04-13,301.0,288.25,292.5,293.05,-0.04235880398671099,BPCL,0.04235880398671099,-1,S,292.35375,293.196525,11,-9.270525000000191,3.4141940234836503,-12.684719023483842,-18.80341880341918
2026-04-13,189.1,181.65,184.45,184.85,-0.03939714436805919,UNIONBANK,0.03939714436805919,-1,S,184.357775,184.942425,18,-10.523699999999678,3.5234686142136,-14.047168614213279,-21.686093792356864
2026-04-15,293.9,305.75,308.7,310.4,0.04031983667914263,BPCL,0.04031983667914263,1,L,308.85434999999995,310.2448,10,13.90450000000044,3.2841541540790002,10.620345845921438,55.0696469063805
2026-04-15,563.0,588.25,581.65,580.75,0.04484902309058625,HINDZINC,0.04484902309058625,1,L,581.9408249999999,580.4596250000001,5,-7.405999999999153,3.0808600450084995,-10.486860045007653,-15.473222728444869
2026-04-16,580.0,599.9,593.45,592.35,0.0343103448275861,HINDZINC,0.0343103448275861,1,L,593.746725,592.0538250000001,5,-8.464499999999475,3.1427803171215,-11.607280317120974,-18.53568118628357
2026-04-16,1009.0,1039.1,1039.95,1039.1,0.02983151635282444,HINDALCO,0.02983151635282444,1,L,1040.469975,1038.58045,3,-5.668575000000146,3.30647622868815,-8.975051228688297,-8.173469878360873
2026-04-16,1547.0,1585.0,1575.8,1570.5,0.024563671622495065,CHOLAFIN,0.024563671622495065,1,L,1576.5878999999998,1569.71475,2,-13.746299999999337,3.3349908447978,-17.081290844797138,-33.63370986165681
2026-04-17,2655.6,2757.9,2788.5,2791.4,0.038522367826479886,HDFCAMC,0.038522367826479886,1,L,2789.89425,2790.0043,1,0.11005000000022847,2.9586193940723,-2.8485693940720713,10.399856553702236
2026-04-17,630.5,608.55,618.0,616.25,-0.03481363996827924,HDFCLIFE,0.03481363996827924,-1,S,617.691,616.558125,5,5.664375000000064,3.27277796401125,2.3915970359888137,28.31715210355967
2026-04-17,210.15,203.72,204.33,204.32,-0.030597192481560787,WIPRO,0.030597192481560787,-1,S,204.22783500000003,204.42216,16,-3.1091999999994187,3.46648762398192,-6.575687623981338,0.4894043948522331
2026-04-20,197.85,202.44,202.86,201.85,0.02319939347990907,ADANIPOWER,0.02319939347990907,1,L,202.96143,201.749075,16,-19.397680000000037,3.4312747707860796,-22.828954770786115,-49.78803115449182
2026-04-20,361.0,352.5,356.3,356.05,-0.023545706371191133,TMPV,0.023545706371191133,-1,S,356.12185000000005,356.228025,9,-0.9555749999995555,3.39925271014575,-4.3548277101453055,7.0165590794279975
2026-04-20,244.8,235.15,237.8,237.73,-0.03941993464052285,JIOFIN,0.03941993464052285,-1,S,237.68110000000001,237.848865,14,-2.3487099999996417,3.52967855900926,-5.878388559008902,2.943650126157049
2026-04-21,1980.0,1919.0,1909.8,1913.0,-0.03080808080808084,SBILIFE,0.03080808080808084,-1,S,1908.8451,1913.9565,1,-5.111400000000003,2.0263865471615996,-7.137786547161603,-16.755681223163954
2026-04-21,466.9,482.4,483.35,484.5,0.03319768687085034,VBL,0.03319768687085034,1,L,483.591675,484.25775000000004,6,3.996450000000209,3.0795131848203,0.9169368151799091,23.792283024723915
2026-04-21,2615.0,2699.9,2662.0,2654.5,0.03246653919694076,MAZDOCK,0.03246653919694076,1,L,2663.3309999999997,2653.17275,1,-10.158249999999498,2.8178311098474995,-12.976081109846998,-28.17430503380902
2026-04-22,124.8,128.11,131.07,131.77,0.02652243589743608,MOTHERSON,0.02652243589743608,1,L,131.13553499999998,131.70411500000003,25,14.214500000001351,3.4856740015225,10.72882599847885,53.4065766384395
2026-04-22,1439.0,1314.5,1288.2,1282.5,-0.08651841556636553,HCLTECH,0.08651841556636553,-1,S,1287.5559,1283.14125,2,8.82930000000033,2.7270721571117997,6.102227842888531,44.24778761061954
2026-04-22,1314.6,1279.8,1271.7,1268.5,-0.02647193062528519,INFY,0.02647193062528519,-1,S,1271.0641500000002,1269.1342499999998,2,3.8598000000006323,2.6941830516768,1.1656169483238323,25.16316741369873
2026-04-23,1217.4,1287.1,1322.1,1328.6,0.057253162477410635,DRREDDY,0.057253162477410635,1,L,1322.7610499999998,1327.9357,2,10.349300000000312,2.812075092931,7.537224907069312,49.16420845624492
2026-04-23,1239.8,1276.8,1303.7,1305.4,0.029843523148894935,CIPLA,0.029843523148894935,1,L,1304.35185,1304.7473000000002,2,0.7909000000004198,2.7669114108158004,-1.9760114108153806,13.039809772186217
2026-04-24,1365.95,1294.7,1409.45,1415.3,-0.05216149932281566,ADANIENSOL,0.05216149932281566,-1,S,1408.7452750000002,1416.0076499999998,2,-14.52474999999913,2.9939171663221,-17.51866716632123,-41.505551810989694
2026-04-24,1276.5,1231.0,1205.0,1204.1,-0.035644339992166096,HCLTECH,0.035644339992166096,-1,S,1204.3975,1204.7020499999999,2,-0.6090999999996711,2.5546674349965994,-3.1637674349962706,7.468879668051098
2026-04-27,1362.0,1313.2,1325.9,1325.3,-0.03582966226138029,AXISBANK,0.03582966226138029,-1,S,1325.2370500000002,1325.96265,2,-1.4511999999995169,2.8113103922644003,-4.262510392263917,4.525228146919913
2026-04-27,1015.9,975.15,978.35,973.15,-0.0401122157692686,SHRIRAMFIN,0.0401122157692686,-1,S,977.8608250000001,973.6365749999999,3,12.672750000000633,3.1055979837372,9.567152016263433,53.15071293504392
2026-04-27,1618.5,1727.9,1733.2,1733.2,0.067593450725981,SUNPHARMA,0.067593450725981,1,L,1734.0665999999999,1732.3334000000002,1,-1.7331999999996697,1.8377847544,-3.57098475439967,0.0
2026-04-28,454.45,473.0,465.2,465.55,0.04081857190009908,COALINDIA,0.04081857190009908,1,L,465.4326,465.31722500000006,7,-0.8076249999994047,3.45446545822315,-4.262090458222555,7.523645743765517
2026-04-28,2322.3,2374.5,2415.0,2408.6,0.022477716057356822,ADANIENT,0.022477716057356822,1,L,2416.2075,2407.3957,1,-8.811799999999948,2.5566305323232,-11.36843053232315,-26.501035196687674
2026-04-28,933.7,914.05,913.4,910.8,-0.02104530363071655,ZYDUSLIFE,0.02104530363071655,-1,S,912.9433,911.2553999999999,3,5.063700000000381,2.9022697467186003,2.1614302532817806,28.46507554193134
2026-04-29,375.8,358.8,364.25,363.65,-0.04523682810005325,RECLTD,0.04523682810005325,-1,S,364.067875,363.831825,9,2.1244500000003086,3.4737958064898002,-1.3493458064894917,16.472203157172906
2026-04-29,2683.3,2794.1,2756.1,2772.0,0.04129243841538388,MAZDOCK,0.04129243841538388,1,L,2757.4780499999997,2770.614,1,13.13595000000032,2.9325830898032996,10.20336691019702,57.690214433439024
2026-04-30,1417.95,1352.85,1331.5,1340.15,-0.0459113508938962,ADANIENSOL,0.0459113508938962,-1,S,1330.83425,1340.820075,2,-19.971649999999954,2.8309642907549,-22.802614290754853,-64.96432594818025
2026-04-30,615.5,592.4,598.45,596.1,-0.03753046303818042,HINDZINC,0.03753046303818042,-1,S,598.1507750000001,596.39805,5,8.763625000000275,3.16786822517225,5.595756774828025,39.268109282313276
2026-04-30,930.05,965.4,939.35,935.7,0.03800870920918231,BAJFINANCE,0.03800870920918231,1,L,939.819675,935.23215,3,-13.762574999999742,2.9810898036373508,-16.743664803637092,-38.856656198434926
2026-05-04,2252.0,2338.0,2299.9,2311.9,0.03818827708703365,HINDUNILVR,0.03818827708703365,1,L,2301.04995,2310.7440500000002,1,9.694100000000162,2.4463594364440002,7.247740563556162,52.176181573111435
2026-05-04,273.0,291.5,292.7,294.95,0.06776556776556775,VEDL,0.06776556776556775,1,L,292.84635,294.802525,11,21.517925000000332,3.4298208081032504,18.08810419189708,76.87051588657346
2026-05-05,228.0,233.4,229.9,230.05,0.023684210526315752,ADANIPOWER,0.023684210526315752,1,L,230.01495,229.93497500000004,14,-1.1196499999994671,3.4141605635627004,-4.5338105635621675,6.5245759025667205
2026-05-05,1289.3,1315.8,1336.3,1332.0,0.020553788877685664,ADANIGREEN,0.020553788877685664,1,L,1336.96815,1331.334,2,-11.268299999999726,2.8283668385718,-14.096666838571526,-32.17840305320574
2026-05-06,3299.2,3202.1,3172.9,3184.6,-0.02943137730358869,ENRIN,0.02943137730358869,-1,S,3171.3135500000003,3186.1922999999997,1,-14.8787499999994,3.3692782343221,-18.2480282343215,-36.87478332125238
2026-05-07,1097.7,1042.9,1038.9,1036.7,-0.049922565363942795,GODREJCP,0.049922565363942795,-1,S,1038.38055,1037.21835,3,3.486599999999953,3.3019930330542,0.18460696694575285,21.176244104341713
2026-05-07,824.0,852.05,857.65,858.2,0.03404126213592229,CGPOWER,0.03404126213592229,1,L,858.0788249999999,857.7709000000001,3,-0.9237749999995231,2.72926279361355,-3.653037793613073,6.412872383840806
2026-05-11,1176.6,1241.1,1263.2,1271.8,0.05481896991330948,TATACONSUM,0.05481896991330948,1,L,1263.8316,1271.1641,2,14.664999999999964,2.6898544100564,11.975145589943564,68.08106396453351
2026-05-12,1176.0,1138.3,1139.3,1139.4,-0.03205782312925176,INFY,0.03205782312925176,-1,S,1138.73035,1139.9697,2,-2.478700000000117,2.4161793684226,-4.894879368422718,-0.8777319406672035
2026-05-12,280.45,291.7,295.55,294.3,0.04011410233553225,ONGC,0.04011410233553225,1,L,295.697775,294.15285,11,-16.994174999999757,3.4384261531537494,-20.432601153153506,-42.294028083235126
2026-05-12,2391.1,2312.0,2298.4,2299.0,-0.03308100874074693,TCS,0.03308100874074693,-1,S,2297.2508000000003,2300.1495,1,-2.898699999999735,2.4373423144678,-5.3360423144675355,-2.610511660285919
2026-05-13,419.1,399.55,407.0,404.8,-0.04664757814364118,TATAPOWER,0.04664757814364118,-1,S,406.79650000000004,405.00239999999997,8,14.35280000000057,3.4450738764112,10.90772612358937,54.0540540540535
2026-05-13,642.7,668.5,668.85,667.8,0.040143146102380456,HINDZINC,0.040143146102380456,1,L,669.184425,667.4661,4,-6.873300000000199,2.8341513820746,-9.7074513820748,-15.698587127159769
2026-05-13,2508.0,2582.9,2618.2,2615.8,0.02986443381180237,ASIANPAINT,0.02986443381180237,1,L,2619.5090999999998,2614.4921000000004,1,-5.016999999999371,2.7746516502711995,-7.79165165027057,-9.166603009700403
2026-05-14,940.0,977.9,990.95,991.3,0.04031914893617028,ZYDUSLIFE,0.04031914893617028,1,L,991.445475,990.80435,3,-1.9233749999999645,3.1529096158813497,-5.076284615881314,3.5319642767039916
2026-05-14,1329.8,1396.0,1434.8,1436.6,0.04978192209354804,CIPLA,0.04978192209354804,1,L,1435.5174,1435.8817,2,0.7285999999999149,3.0450610643932,-2.3164610643932853,12.545302481181686
2026-05-14,2503.0,2620.0,2705.0,2714.4,0.046743907311226573,ADANIENT,0.046743907311226573,1,L,2706.3525,2713.0428,1,6.690300000000207,2.8742402253377994,3.816059774662407,34.75046210720922
2026-05-15,338.0,356.85,356.25,356.85,0.05576923076923079,TMPV,0.05576923076923079,1,L,356.42812499999997,356.671575,9,2.191050000000473,3.4031770292897994,-1.2121270292893263,16.842105263159546
2026-05-15,3523.5,3367.0,3298.7,3312.0,-0.04441606357315164,MUTHOOTFIN,0.04441606357315164,-1,S,3297.05065,3313.656,1,-16.605349999999817,3.5033419557029006,-20.108691955702717,-40.3189135113835
2026-05-15,1271.7,1332.4,1326.8,1323.1,0.047731383187858745,UNITDSPR,0.047731383187858745,1,L,1327.4633999999999,1322.4384499999999,2,-10.04989999999998,2.8089882276361995,-12.858888227636179,-27.886644558335895
2026-05-18,305.95,294.55,295.45,296.6,-0.037260990357901536,POWERGRID,0.037260990357901536,-1,S,295.302275,296.74830000000003,11,-15.906275000000221,3.4513769997294506,-19.357651999729672,-38.923675748858685
2026-05-18,217.0,207.52,210.05,209.47,-0.04368663594470046,TATASTEEL,0.04368663594470046,-1,S,209.94497500000003,209.57473499999998,15,5.553600000000785,3.3372147623168997,2.216385237683885,27.61247322066285
2026-05-19,1146.5,1186.9,1183.1,1179.1,0.03523767989533377,HCLTECH,0.03523767989533377,1,L,1183.6915499999998,1178.51045,2,-10.362199999999575,2.5038619933039996,-12.866061993303575,-33.8094835601388
2026-05-19,1364.0,1418.2,1387.1,1381.9,0.039736070381231725,ADANIGREEN,0.039736070381231725,1,L,1387.7935499999999,1381.2090500000002,2,-13.168999999999414,2.9349457551752,-16.103945755174614,-37.48828491096368
2026-05-19,1145.6,1193.6,1193.7,1198.4,0.04189944134078205,INFY,0.04189944134078205,1,L,1194.29685,1197.8008000000002,2,7.007900000000518,2.5374756061378005,4.470424393862718,39.37337689536857
2026-05-20,1046.6,1086.4,1083.2,1087.6,0.03802789986623378,HINDALCO,0.03802789986623378,1,L,1083.7416,1087.0562,3,9.943799999999783,3.4541341209084,6.489665879091383,40.620384047265205
2026-05-20,1017.7,1086.3,1047.3,1042.7,0.06740689790704524,ZYDUSLIFE,0.06740689790704524,1,L,1047.8236499999998,1042.17865,3,-16.934999999999263,3.3226578285593997,-20.257657828558663,-43.92246729685745
2026-05-20,424.0,410.9,412.85,413.45,-0.030896226415094374,BEL,0.030896226415094374,-1,S,412.64357500000006,413.65672499999994,8,-8.105199999999058,3.5041156509424,-11.609315650941458,-14.533123410438442
2026-05-21,2983.0,3076.4,3150.6,3155.0,0.0313107609788803,GRASIM,0.0313107609788803,1,L,3152.1753,3153.4225,1,1.247200000000248,3.3435290911027997,-2.0963290911025516,13.965593855138625
2026-05-21,413.35,425.55,419.9,419.65,0.029514938913753452,BEL,0.029514938913753452,1,L,420.10994999999997,419.440175,7,-4.688424999999711,3.1155434052977498,-7.803968405297461,-5.95379852345812
2026-05-22,1093.15,1024.9,1017.5,1025.3,-0.0624342496455198,MAXHEALTH,0.0624342496455198,-1,S,1016.99125,1025.8126499999998,3,-26.464199999999437,3.2465321600441994,-29.710732160043637,-76.65847665847548
2026-05-22,520.0,531.35,537.75,540.0,0.02182692307692302,VBL,0.02182692307692302,1,L,538.018875,539.73,6,10.26675000000023,3.4298321924744997,6.8369178075257295,41.84100418409997
2026-05-25,295.85,307.75,308.4,308.65,0.040223086023322585,BPCL,0.040223086023322585,1,L,308.5542,308.495675,10,-0.5852499999997463,3.2716944927175,-3.856944492717246,8.106355382619945
2026-05-26,247.5,251.7,249.74,249.85,0.016969696969696857,ETERNAL,0.016969696969696857,1,L,249.86487,249.725075,13,-1.8173349999999004,3.44344260945841,-5.2607776094583105,4.404580763994748
2026-05-26,333.25,345.3,346.0,345.4,0.03615903975994006,VEDL,0.03615903975994006,1,L,346.173,345.2273,9,-8.511299999999892,3.2984494962101993,-11.809749496210092,-17.34104046242857
2026-05-27,1107.2,1147.8,1145.7,1149.2,0.03666907514450868,HINDALCO,0.03666907514450868,1,L,1146.27285,1148.6254000000001,2,4.7051000000001295,2.434147000009,2.2709529999911293,30.549009339269073
2026-05-27,880.75,911.1,931.95,934.05,0.034459267669599836,CGPOWER,0.034459267669599836,1,L,932.415975,933.582975,3,3.50100000000009,2.9685885877880995,0.5324114122119905,22.533397714468162
2026-05-29,1162.0,1202.0,1191.5,1159.4,0.03442340791738374,INFY,0.03442340791738374,1,L,1192.09575,1158.8203,2,-66.55089999999973,2.4857130280546,-69.03661302805433,-269.40830885438413
2026-06-01,151.01,143.86,142.78,142.09,-0.04734785775776429,MOTHERSON,0.04734785775776429,-1,S,142.70861000000002,142.161045,23,12.593995000000461,3.4754271863666895,9.118567813633772,48.326096091889646
2026-06-01,1156.5,1199.8,1205.7,1202.4,0.037440553393860654,INFY,0.037440553393860654,1,L,1206.30285,1201.7988000000003,2,-9.008099999999558,2.5526853199458,-11.560785319945358,-27.36999253545647
2026-06-02,2296.4,2380.8,2441.5,2443.1,0.03675317888869545,TCS,0.03675317888869545,1,L,2442.72075,2441.87845,1,-0.8422999999997955,2.5898488424192,-3.4321488424189956,6.553348351423516
2026-06-02,889.0,865.7,878.7,882.4,-0.02620922384701907,BAJFINANCE,0.02620922384701907,-1,S,878.26065,882.8412,3,-13.741649999999709,2.7998343870542994,-16.54148438705401,-42.10765904176572
2026-06-02,1203.3,1254.8,1267.2,1272.0,0.042798969500540185,INFY,0.042798969500540185,1,L,1267.8336,1271.364,2,7.060800000000199,2.6934738613152,4.367326138685,37.87878787878674
2026-06-03,1570.1,1502.5,1481.1,1472.6,-0.04305458251066807,TECHM,0.04305458251066807,-1,S,1480.35945,1473.3363,2,14.046299999999974,3.133797658479,10.912502341520973,57.38977786780119
2026-06-03,2451.1,2285.0,2248.0,2241.0,-0.06776549304393942,TCS,0.06776549304393942,-1,S,2246.876,2242.1205,1,4.755500000000211,2.3807057632090003,2.3747942367912107,31.138790035587505
2026-06-04,906.85,928.0,939.05,936.95,0.023322489937696478,CGPOWER,0.023322489937696478,1,L,939.5195249999999,936.4815250000001,3,-9.11399999999935,2.9831110582119003,-12.09711105821125,-22.363026462913773
2026-06-04,374.1,382.3,377.9,373.25,0.021919272921678612,TMCV,0.021919272921678612,1,L,378.08894999999995,373.063375,8,-40.20459999999957,3.1818214354035996,-43.38642143540317,-123.04842550939333
2026-06-05,573.95,589.0,577.8,575.1,0.026221796323721458,HDFCLIFE,0.026221796323721458,1,L,578.0889,574.81245,5,-16.38224999999977,3.054689308525499,-19.43693930852527,-46.72897196261516
2026-06-05,1421.6,1465.0,1515.4,1525.6,0.030528981429375435,ADANIGREEN,0.030528981429375435,1,L,1516.1577,1524.8372,2,17.358999999999924,3.2267386136947995,14.132261386305125,67.30896133034125
2026-06-05,204.0,195.67,197.78,198.84,-0.04083333333333339,WIPRO,0.04083333333333339,-1,S,197.68111000000002,198.93941999999998,16,-20.132959999999457,3.3625616486364804,-23.495521648635936,-53.594903428051396
2026-06-08,3154.0,3064.8,2987.7,2965.9,-0.028281547241597926,MUTHOOTFIN,0.028281547241597926,-1,S,2986.20615,2967.3829499999997,1,18.82320000000027,3.1588182861366,15.66438171386367,72.96582655554329
2026-06-08,577.9,563.1,565.3,561.85,-0.025609967122339428,DLF,0.025609967122339428,-1,S,565.01735,562.130925,5,14.432124999999587,2.9898041400507496,11.442320859948838,61.02954183619169
2026-06-08,198.05,187.62,183.2,181.74,-0.05266346882100481,WIPRO,0.05266346882100481,-1,S,183.1084,181.83087,18,22.99553999999972,3.48553471815036,19.51000528184936,79.69432314410385
2026-06-09,138.2,141.8,143.76,144.29,0.02604920405209854,MOTHERSON,0.02604920405209854,1,L,143.83187999999998,144.217855,23,8.877425000000045,3.5138000689225297,5.363624931077515,36.86700055648417
2026-06-10,1074.1,1041.9,1037.7,1038.2,-0.02997858672376852,HINDALCO,0.02997858672376852,-1,S,1037.1811500000001,1038.7191,3,-4.613849999999729,3.3015813343694997,-7.915431334369229,-4.818348270212436
2026-06-10,3000.9,2892.3,2882.9,2891.8,-0.03618914325702283,MUTHOOTFIN,0.03618914325702283,-1,S,2881.4585500000003,2893.2459,1,-11.787349999999606,3.0606018332056997,-14.847951833205306,-30.87169169933013
2026-06-10,564.8,546.35,546.5,546.85,-0.03266643059490071,HINDZINC,0.03266643059490071,-1,S,546.22675,547.123425,6,-5.3800499999997555,3.4777443338372995,-8.857794333837056,-6.404391582799374
2026-06-11,1144.0,1112.8,1117.5,1113.9,-0.027272727272727337,INFY,0.027272727272727337,-1,S,1116.94125,1114.45695,2,4.968600000000151,2.3668372299864,2.6017627700137513,32.214765100669894
2026-06-11,1130.9,1096.5,1108.9,1111.2,-0.03041825095057038,HCLTECH,0.03041825095057038,-1,S,1108.3455500000002,1111.7556,3,-10.230149999999185,3.5303407405797,-13.760490740578884,-20.74127513752355
2026-06-11,430.55,417.4,413.65,414.0,-0.03054232957844627,PFC,0.03054232957844627,-1,S,413.443175,414.207,8,-6.110599999999977,3.5100609675163996,-9.620660967516375,-8.461259518917075
2026-06-12,358.65,370.45,387.45,389.05,0.032901157116966395,TMCV,0.032901157116966395,1,L,387.64372499999996,388.855475,8,9.694000000000415,3.294826858553599,6.399173141446816,41.29565105174926
2026-06-12,286.9,296.85,301.2,301.6,0.03468107354478933,BPCL,0.03468107354478933,1,L,301.3506,301.4492,11,1.0846000000003642,3.5159407003028,-2.4313407003024357,13.280212483401943
2026-06-15,1566.3,1651.0,1657.2,1652.3,0.054076485986081835,CHOLAFIN,0.054076485986081835,1,L,1658.0285999999999,1651.47385,2,-13.10949999999957,3.5081264471074003,-16.61762644710697,-29.567945932899022
2026-06-15,958.0,1003.5,1003.4,999.85,0.04749478079331948,SHRIRAMFIN,0.04749478079331948,1,L,1003.9016999999999,999.3500750000001,3,-13.654874999999493,3.1850264907034496,-16.839901490702943,-35.379708989435876
2026-06-15,390.2,410.55,409.3,405.95,0.05215274218349575,TMCV,0.05215274218349575,1,L,409.50464999999997,405.747025,8,-30.060999999999694,3.4548343670283996,-33.51583436702809,-81.8470559491824
2026-06-16,1013.5,975.9,981.4,982.5,-0.037099161322150964,HINDALCO,0.037099161322150964,-1,S,980.9093,982.9912499999999,3,-6.2458499999996775,3.1232463555728995,-9.369096355572577,-11.20847768494082
2026-06-16,1122.3,1155.5,1156.8,1158.8,0.029582108170720822,HCLTECH,0.029582108170720822,1,L,1157.3783999999998,1158.2206,2,1.6844000000005508,2.455766874748,-0.7713668747474491,17.289073305670755
2026-06-16,1099.2,1120.5,1131.0,1132.1,0.019377729257641807,TATACONSUM,0.019377729257641807,1,L,1131.5655,1131.53395,2,-0.06309999999984939,2.3999013969513996,-2.463001396951249,9.725906277628926
2026-06-17,253.6,260.65,258.6,258.7,0.027799684542586744,ETERNAL,0.027799684542586744,1,L,258.7293,258.57065,12,-1.903800000000274,3.2912211814644,-5.195021181464674,3.8669760247467266
2026-06-17,2898.0,2993.0,3091.0,3099.0,0.032781228433402365,TRENT,0.032781228433402365,1,L,3092.5454999999997,3097.4505000000004,1,4.905000000000655,3.282636369096,1.6223636309046547,25.881591717891173
2026-06-17,938.0,913.8,915.85,915.35,-0.025799573560767675,LODHA,0.025799573560767675,-1,S,915.3920750000001,915.807675,3,-1.24679999999978,2.9127120079305,-4.15951200793028,5.459409291914685
2026-06-18,1156.4,1129.6,1127.8,1127.3,-0.023175371843652925,INFY,0.023175371843652925,-1,S,1127.2361,1127.8636499999998,2,-1.255099999999402,2.391286979087,-3.646386979086402,4.43341017910992
2026-06-18,1029.4,1053.2,1087.4,1088.0,0.02312026423159108,MAXHEALTH,0.02312026423159108,1,L,1087.9437,1087.4560000000001,3,-1.463099999999713,3.4601995029966,-4.923299502996313,5.517748758505636
2026-06-19,1128.0,1036.9,1042.8,1054.8,-0.0807624113475176,INFY,0.0807624113475176,-1,S,1042.2786,1055.3274,3,-39.1463999999994,3.332309612868,-42.478709612867405,-115.07479861910141
2026-06-19,2203.6,2074.5,2100.5,2129.9,-0.05858595026320568,TCS,0.05858595026320568,-1,S,2099.44975,2130.96495,1,-31.515199999999822,2.2396091927221997,-33.75480919272202,-139.9666746012862
2026-06-19,1447.8,1375.0,1395.2,1409.6,-0.050283188285674796,TECHM,0.050283188285674796,-1,S,1394.5024,1410.3048,2,-31.604799999999614,2.9708868768544003,-34.575686876854014,-103.21100917431103
2026-06-22,1353.0,1385.5,1416.9,1415.1,0.024020694752401983,CIPLA,0.024020694752401983,1,L,1417.60845,1414.39245,2,-6.431999999999789,3.0024934984067997,-9.434493498406589,-12.703789964007006
2026-06-22,379.95,358.5,356.3,356.05,-0.05645479668377418,TATACAP,0.05645479668377418,-1,S,356.12185000000005,356.228025,9,-0.9555749999995555,3.39925271014575,-4.3548277101453055,7.0165590794279975
2026-06-23,1065.0,1037.5,1037.5,1028.2,-0.025821596244131495,INFY,0.025821596244131495,-1,S,1036.98125,1028.7141,3,24.801450000000386,3.2885843074472993,21.51286569255309,89.63855421686651
2026-06-23,305.5,285.35,282.4,281.95,-0.06595744680851057,VEDL,0.06595744680851057,-1,S,282.2588,282.09097499999996,11,1.8460750000005532,3.2917652300406495,-1.4456902300400962,15.934844192634356
2026-06-23,572.85,556.0,548.8,547.5,-0.029414331849524356,HINDZINC,0.029414331849524356,-1,S,548.5255999999999,547.77375,6,4.511099999999942,3.4882147359186004,1.0228852640813417,23.68804664723001
2026-06-24,98.37,93.88,93.32,92.69,-0.04564399715360379,IRFC,0.04564399715360379,-1,S,93.27334,92.73634499999999,35,18.794825000000657,3.4540184241083494,15.340806575892307,67.50964423488992
2026-06-24,400.05,410.5,412.95,409.35,0.026121734783152162,TMCV,0.026121734783152162,1,L,413.15647499999994,409.14532500000007,8,-32.08919999999898,3.4845165416543997,-35.57371654165338,-87.17762440973442
2026-06-24,1416.0,1454.9,1464.3,1462.1,0.027471751412429413,TECHM,0.027471751412429413,1,L,1465.0321499999998,1461.36895,2,-7.326399999999467,3.1025019952971995,-10.428901995296666,-15.024243665915371
2026-06-25,282.5,273.55,274.45,273.4,-0.03168141592920348,VEDL,0.03168141592920348,-1,S,274.312775,273.53669999999994,12,9.312900000000582,3.4868328477761996,5.8260671522243825,38.258334851521965
2026-06-25,355.1,367.4,363.4,364.35,0.03463813010419581,TATACAP,0.03463813010419581,1,L,363.58169999999996,364.16782500000005,9,5.275125000000855,3.47342574053385,1.8016992594670054,26.141992294992367
2026-06-29,1525.9,1475.8,1492.0,1502.7,-0.03283308211547298,ADANIGREEN,0.03283308211547298,-1,S,1491.2540000000001,1503.45135,2,-24.39469999999983,3.1730578608182,-27.56775786081803,-71.71581769437108
2026-06-29,1349.5,1412.4,1383.2,1374.9,0.04660985550203778,DRREDDY,0.04660985550203778,1,L,1383.8916,1374.2125500000002,2,-19.358099999999467,2.9227076710757998,-22.280807671075266,-60.00578368999365
2026-06-30,1114.0,1068.7,1082.8,1073.9,-0.04066427289048469,TATACONSUM,0.04066427289048469,-1,S,1082.2586000000001,1074.43695,3,23.46495000000027,3.4331893085828997,20.03176069141737,82.19431104543595
2026-07-01,1059.9,1035.4,1026.5,1028.6,-0.02311538824417403,JINDALSTEL,0.02311538824417403,-1,S,1025.98675,1029.1143,3,-9.382649999999785,3.2679719365118993,-12.650621936511683,-20.45786653677384
2026-07-02,986.0,1034.3,1040.9,1040.4,0.04898580121703855,INFY,0.04898580121703855,1,L,1041.42045,1039.8798000000002,3,-4.621949999999742,3.3101701045695004,-7.932120104569243,-4.803535402055914
2026-07-02,1035.0,1075.2,1080.0,1076.9,0.038840579710144985,HCLTECH,0.038840579710144985,1,L,1080.54,1076.36155,3,-12.535349999999653,3.4295569552508995,-15.964906955250552,-28.70370370370301
2026-07-03,3556.0,3407.0,3291.2,3283.3,-0.04190101237345334,ENRIN,0.04190101237345334,-1,S,3289.5544,3284.94165,1,4.612749999999778,3.4864761451073,1.126273854892478,24.003403014096758
2026-07-03,174.39,162.47,163.53,163.18,-0.06835254315040995,UNIONBANK,0.06835254315040995,-1,S,163.448235,163.26158999999998,20,3.732900000000541,3.465011492409,0.2678885075915409,21.40280070934919
2026-07-06,396.8,381.45,381.55,381.35,-0.038684475806451624,KOTAKBANK,0.038684475806451624,-1,S,381.35922500000004,381.540675,8,-1.4515999999998712,3.2359152230192008,-4.687515223019072,5.241776962390254
2026-07-06,801.05,819.2,829.6,830.35,0.022657761687784994,HDFCBANK,0.022657761687784994,1,L,830.0147999999999,829.934825,4,-0.3198999999995067,3.520558610461,-3.8404586104605065,9.040501446480054
2026-07-06,418.0,427.0,424.75,425.55,0.021531100478468845,BEL,0.021531100478468845,1,L,424.96237499999995,425.33722500000005,7,2.6239500000006615,3.1562453244671995,-0.532295324466538,18.834608593290003
2026-07-07,1783.5,1829.5,1831.9,1829.0,0.025791982057751683,SBILIFE,0.025791982057751683,1,L,1832.81595,1828.0855000000001,1,-4.7304499999997915,1.9405847827276999,-6.671034782727491,-15.830558436595865
2026-07-07,3340.1,3014.0,2946.6,2927.2,-0.09763180743091526,TRENT,0.09763180743091526,-1,S,2945.1267000000003,2928.6636,1,16.463100000000395,3.1162472766078,13.346852723392594,65.83859363334055
2026-07-08,313.35,302.6,302.35,303.55,-0.03430668581458429,BPCL,0.03430668581458429,-1,S,302.19882500000006,303.701775,11,-16.532449999999358,3.5320881973916007,-20.06453819739096,-39.68910203406617
2026-07-08,1439.6,1402.3,1401.4,1404.7,-0.025909974993053586,UNITDSPR,0.025909974993053586,-1,S,1400.6993000000002,1405.40235,2,-9.406099999999697,2.9747014359458004,-12.380801435945497,-23.547880690737433
2026-07-08,243.03,236.1,229.72,230.3,-0.02851499814837677,JIOFIN,0.02851499814837677,-1,S,229.60514,230.41515,14,-11.340140000000076,3.41355864059756,-14.753698640597637,-25.248128156016847
2026-07-09,287.25,299.0,292.95,292.35,0.04090513489991299,ETERNAL,0.04090513489991299,1,L,293.096475,292.20382500000005,11,-9.81914999999941,3.4126756990458,-13.23182569904521,-20.481310803890374
2026-07-09,1885.5,1934.3,1924.6,1931.0,0.025881728984354258,BHARTIARTL,0.025881728984354258,1,L,1925.5622999999998,1930.0345000000002,1,4.4722000000003845,2.0448296108768,2.4273703891235847,33.25366309882671
2026-07-10,233.74,241.41,242.1,241.78,0.03281423804226913,JIOFIN,0.03281423804226913,1,L,242.22105,241.65911000000003,13,-7.305219999999537,3.3345523681100806,-10.639772368109618,-13.217678645187636
2026-07-10,1200.0,1147.0,1222.2,1221.8,-0.04416666666666669,LODHA,0.04416666666666669,-1,S,1221.5889000000002,1222.4108999999999,2,-1.6439999999993233,2.5915636359096004,-4.235563635908924,3.2727867779425157
2026-07-10,1271.2,1238.5,1241.7,1246.9,-0.025723725613593484,DRREDDY,0.025723725613593484,-1,S,1241.07915,1247.52345,2,-12.88859999999977,2.6376258583751997,-15.52622585837497,-41.87807038737334
2026-07-13,191.19,187.43,187.39,187.23,-0.019666300538731085,TATASTEEL,0.019666300538731085,-1,S,187.296305,187.323615,17,-0.4642699999999991,3.376713699232639,-3.840983699232638,8.538342494263107
2026-07-13,2067.9,2113.3,2184.2,2181.1,0.021954639972919354,TCS,0.021954639972919354,1,L,2185.2920999999997,2180.00945,1,-5.282649999999649,2.3140152881503,-7.596665288149948,-14.192839483563313
2026-07-13,2758.9,2697.6,2749.0,2757.4,-0.022219000326217042,HDFCAMC,0.022219000326217042,-1,S,2747.6255,2758.7787,1,-11.153199999999742,2.9184118213492,-14.071611821348942,-30.556566024009246
2026-07-14,1808.1,1752.2,1770.6,1769.8,-0.030916431613295603,CHOLAFIN,0.030916431613295603,-1,S,1769.7147,1770.6849,1,-0.9701999999999771,1.8771051963096002,-2.847305196309577,4.5182424037049085
2026-07-14,1047.9,1009.5,1015.7,1014.1,-0.03664471800744351,SHRIRAMFIN,0.03664471800744351,-1,S,1015.1921500000001,1014.60705,3,1.755300000000375,3.2289500148576,-1.473650014857225,15.752682878803492
2026-07-14,1199.6,1161.8,1152.1,1149.15,-0.03151050350116702,LODHA,0.03151050350116702,-1,S,1151.52395,1149.724575,2,3.598750000000109,2.4407594633333,1.157990536666809,25.605416196509132
2026-07-15,1830.0,1876.9,1864.6,1866.5,0.025628415300546603,SBILIFE,0.025628415300546603,1,L,1865.5322999999999,1865.5667500000002,1,0.0344500000003336,1.9783295143853,-1.9438795143849663,10.189853051594255
2026-07-15,1013.0,1045.9,1037.3,1032.5,0.03247778874629814,SHRIRAMFIN,0.03247778874629814,1,L,1037.81865,1031.98375,3,-17.504699999999502,3.2904636250271997,-20.795163625026703,-46.27398052636566
2026-07-15,1958.9,2038.6,2006.1,2002.6,0.04068609934146705,HYUNDAI,0.04068609934146705,1,L,2007.1030499999997,2001.5987,1,-5.504349999999704,2.1249124155955,-7.629262415595203,-17.446787298739387
2026-07-16,1865.3,1815.0,1823.9,1822.4,-0.026966171661394922,SBILIFE,0.026966171661394922,-1,S,1822.9880500000002,1823.3112,1,-0.32314999999994143,1.9333271196305,-2.2564771196304414,8.224135095126206
2026-07-16,310.0,317.4,312.25,312.0,0.02387096774193531,BPCL,0.02387096774193531,1,L,312.406125,311.844,10,-5.6212499999998045,3.3093181302824997,-8.930568130282303,-8.006405124099114
2026-07-16,2724.0,2603.4,2601.0,2600.8,-0.04427312775330394,HDFCAMC,0.04427312775330394,-1,S,2599.6995,2602.1004000000003,1,-2.4009000000000924,2.7578654547774,-5.158765454777493,0.7689350249895366
2026-07-17,1690.0,1741.6,1728.0,1722.7,0.030532544378698123,ADANIENSOL,0.030532544378698123,1,L,1728.8639999999998,1721.8386500000001,1,-7.025349999999662,1.8288794747989,-8.854229474798561,-30.67129629629628
2026-07-17,235.98,244.96,243.15,243.42,0.03805407237901526,JIOFIN,0.03805407237901526,1,L,243.27157499999998,243.29829,13,0.3472950000003152,3.35393411456337,-3.006639114563055,11.104256631708775
2026-07-20,820.8,782.1,779.85,777.85,-0.04714912280701744,HDFCBANK,0.04714912280701744,-1,S,779.4600750000001,778.238925,4,4.884600000000319,3.3042673458959997,1.580332654104319,25.64595755593979
2026-07-20,106.1,110.3,111.44,111.86,0.039585296889726784,PNB,0.039585296889726784,1,L,111.49571999999999,111.80407000000001,29,8.942150000000538,3.43456491562366,5.507585084376878,37.68844221105461
2026-07-20,1329.4,1258.0,1256.6,1255.8,-0.053708439897698246,AXISBANK,0.053708439897698246,-1,S,1255.9717,1256.4279,2,-0.9123999999997068,2.6641788166192004,-3.576578816618907,6.366385484640746
2026-07-21,2977.5,3026.7,3081.0,3080.0,0.01652392947103265,MUTHOOTFIN,0.01652392947103265,1,L,3082.5404999999996,3078.46,1,-4.080499999999574,3.266273796113,-7.346773796112574,-3.245699448231054
2026-07-21,1573.9,1601.4,1573.4,1576.3,0.017472520490501298,TECHM,0.017472520490501298,1,L,1574.1867,1575.51185,2,2.650300000000243,3.3403956597445994,-0.6900956597443564,18.431422397355846
2026-07-22,1200.0,1167.2,1159.0,1159.5,-0.02733333333333332,LODHA,0.02733333333333332,-1,S,1158.4205000000002,1160.0797499999999,2,-3.3184999999994034,2.4582931921130005,-5.776793192112404,-4.314063848145366
2026-07-23,1472.0,1397.9,1381.5,1380.4,-0.05033967391304339,ADANIGREEN,0.05033967391304339,-1,S,1380.80925,1381.0902,2,-0.5619000000001506,2.9287999865513994,-3.49069998655155,7.962359753890258
2026-07-23,1179.9,1149.2,1165.2,1164.2,-0.026019154165607294,DRREDDY,0.026019154165607294,-1,S,1164.6174,1164.7821,2,-0.3293999999996231,2.470180124574,-2.799580124573623,8.58221764503897
2026-07-23,1500.0,1453.6,1445.7,1449.4,-0.030933333333333368,NESTLEIND,0.030933333333333368,-1,S,1444.9771500000002,1450.1247,2,-10.29509999999982,3.0689840860362,-13.36408408603602,-25.59313827211751
2026-07-24,1718.1,1667.8,1722.2,1722.8,-0.029276526395436764,CHOLAFIN,0.029276526395436764,-1,S,1721.3389000000002,1723.6614,1,-2.3224999999997635,1.8263732540678,-4.1488732540675635,-3.4839159214961057
2026-07-24,1417.0,1467.6,1475.0,1468.7,0.03570924488355676,UNITDSPR,0.03570924488355676,1,L,1475.7375,1467.96565,2,-15.543699999999717,3.1199460858237997,-18.663646085823515,-42.71186440677921
2026-07-24,3014.0,2936.0,2958.2,2988.8,-0.02587923025879235,MUTHOOTFIN,0.02587923025879235,-1,S,2956.7209,2990.2944,1,-33.57350000000042,3.1495690494577993,-36.72306904945822,-103.44128186059231
2026-07-27,1039.0,1075.1,1078.1,1080.1,0.03474494706448494,INFY,0.03474494706448494,1,L,1078.6390499999998,1079.55995,3,2.7627000000009048,3.433303565922,-0.6706035659210952,18.551154809387516
2026-07-27,1721.5,1777.8,1784.4,1787.1,0.03270403717688053,CHOLAFIN,0.03270403717688053,1,L,1785.2922,1786.20645,1,0.9142499999998108,1.8938020106948998,-0.979552010695089,15.131136516475241
2026-07-28,877.4,840.95,843.25,844.0,-0.0415431958057898,CGPOWER,0.0415431958057898,-1,S,842.828375,844.4219999999999,3,-4.7808749999995825,2.6833461557542497,-7.464221155753832,-8.894159501926513
2026-07-28,1204.45,1295.0,1295.35,1300.0,0.07517954252978543,LODHA,0.07517954252978543,1,L,1295.9976749999998,1299.3500000000001,2,6.7046500000005835,2.7529791441491,3.9516708558514835,35.89763384413524
2026-07-29,355.1,368.7,362.8,361.05,0.03829907068431426,TATACAP,0.03829907068431426,1,L,362.9814,360.869475,9,-19.007324999999867,3.4521501806797503,-22.45947518067962,-48.23594266813669
2026-07-29,1105.0,1148.2,1152.9,1155.9,0.03909502262443443,INFY,0.03909502262443443,1,L,1153.47645,1155.3220500000002,2,3.691200000000208,2.4487760189220005,1.2424239810782076,26.02133749674662
2026-07-30,183.3,187.98,186.98,186.41,0.025531914893616836,WIPRO,0.025531914893616836,1,L,187.07349,186.316795,17,-12.863814999999647,3.36426601367497,-16.22808101367462,-30.48454380147558
2026-07-30,1722.0,1677.7,1663.8,1664.5,-0.02572590011614395,ADANIPORTS,0.02572590011614395,-1,S,1662.9681,1665.33225,2,-4.728299999999763,3.5289826497581998,-8.257282649757963,-4.207236446689411
2026-07-31,833.0,875.9,865.35,863.25,0.05150060024009595,CGPOWER,0.05150060024009595,1,L,865.7826749999999,862.8183750000001,3,-8.8928999999996,2.7486694420118996,-11.641569442011498,-24.267637372161754
2026-07-31,2040.3,2163.9,2178.0,2177.9,0.06057932656962217,HYUNDAI,0.06057932656962217,1,L,2179.089,2176.8110500000003,1,-2.2779499999996915,2.3093608854112997,-4.587310885410991,-0.4591368227724324
2026-07-31,1058.0,1119.3,1140.1,1141.1,0.05793950850661611,BAJFINANCE,0.05793950850661611,1,L,1140.67005,1140.52945,2,-0.28119999999989886,2.419071640174,-2.7002716401738986,8.771160424523305
2026-08-03,3128.5,2771.9,2882.8,2890.9,-0.11398433754195303,MUTHOOTFIN,0.11398433754195303,-1,S,2881.3586000000005,2892.34545,1,-10.986849999999322,3.0601594501153,-14.047009450114622,-28.097682808381208
2026-08-03,281.0,291.6,286.7,286.5,0.037722419928825746,ITC,0.037722419928825746,1,L,286.84335,286.35675000000003,11,-5.352599999999484,3.3425927724486,-8.695192772448085,-6.975933031042603
2026-08-04,3221.5,3320.7,3308.4,3306.3,0.030793108800248215,ENRIN,0.030793108800248215,1,L,3310.0542,3304.6468500000005,1,-5.4073499999994965,3.5066916704373,-8.914041670436797,-6.347479143996582
2026-08-05,445.75,459.75,452.85,449.35,0.03140773976444189,TMCV,0.03140773976444189,1,L,453.076425,449.12532500000003,7,-27.65769999999958,3.345553428668499,-31.003253428668078,-77.28828530418453
2026-08-05,646.6,663.95,654.3,652.4,0.026832663161150627,DLF,0.026832663161150627,1,L,654.6271499999999,652.0738,5,-12.766749999999547,3.4628297470735,-16.229579747073046,-29.0386672780063
2026-08-06,282.0,274.3,270.25,270.8,-0.027304964539007104,POWERGRID,0.027304964539007104,-1,S,270.11487500000004,270.9354,12,-9.846299999999701,3.4414639843458,-13.287763984345501,-20.351526364477124
2026-08-06,1116.5,1143.5,1138.0,1138.5,0.024182713837886283,SHRIRAMFIN,0.024182713837886283,1,L,1138.569,1137.93075,2,-1.2764999999999418,2.4139782978869997,-3.6904782978869415,4.393673110720808
2026-08-07,1152.0,1098.6,1080.8,1081.2,-0.046354166666666696,BAJFINANCE,0.046354166666666696,-1,S,1080.2596,1081.7406,3,-4.442999999999984,3.4385574241356003,-7.881557424135584,-3.700962250186013
2026-08-07,154.0,163.22,168.5,168.6,0.05987012987012985,MOTHERSON,0.05987012987012985,1,L,168.58425,168.5157,19,-1.3024499999997659,3.3959007341853003,-4.698350734185066,5.934718100890635
2026-08-10,1097.0,1082.2,1073.0,1071.0,-0.01349134001823149,SBIN,0.01349134001823149,-1,S,1072.4635,1071.5355,3,2.784000000000333,3.410718281322,-0.6267182813216672,18.639328984156876
2026-08-10,419.0,404.85,384.8,385.1,-0.03377088305489251,PFC,0.03377088305489251,-1,S,384.60760000000005,385.29255,8,-5.479599999999664,3.2651658594712,-8.744765859470863,-7.7962577962575885
2026-08-10,366.4,357.8,343.5,342.75,-0.02347161572052392,RECLTD,0.02347161572052392,-1,S,343.32825,342.92137499999995,9,3.6618750000006344,3.275209349237249,0.3866656507633852,21.834061135370675
2026-08-11,1105.9,1087.6,1085.2,1077.1,-0.016547608282846737,TATACONSUM,0.016547608282846737,-1,S,1084.6574,1077.63855,3,21.05655000000047,3.4418328176541,17.61471718234637,74.64061924069453
2026-08-11,114.5,112.71,113.91,114.0,-0.015633187772925772,PNB,0.015633187772925772,-1,S,113.85304500000001,114.05699999999999,29,-5.914694999999398,3.50382049763493,-9.418515497634328,-7.900974453516341
2026-08-12,114.0,117.87,118.13,118.3,0.033947368421052726,PNB,0.033947368421052726,1,L,118.18906499999999,118.24085000000001,28,1.4499800000006644,3.5102755649021193,-2.060295564901455,14.390925251841491
2026-08-12,1052.0,1082.0,1079.3,1072.0,0.028517110266159662,HINDALCO,0.028517110266159662,1,L,1079.83965,1071.4640000000002,3,-25.12694999999917,3.4192674228747,-28.54621742287387,-67.63643102010496
2026-08-12,1026.5,927.0,910.2,910.0,-0.09693132001948368,GODREJCP,0.09693132001948368,-1,S,909.7449000000001,910.4549999999999,3,-2.1302999999993517,2.8951176035322,-5.025417603531552,2.1973192704904942
2026-08-13,456.9,475.35,475.0,474.5,0.04038082731451098,TMCV,0.04038082731451098,1,L,475.23749999999995,474.26275000000004,7,-6.823249999999405,3.5233974793955003,-10.346647479394905,-10.526315789474161
2026-08-13,1200.1,1176.0,1172.2,1172.0,-0.02008165986167809,ZYDUSLIFE,0.02008165986167809,-1,S,1171.6139,1172.586,2,-1.9441999999999098,2.4856976103548,-4.429897610354709,1.706193482341467
2026-08-13,342.0,350.9,348.4,349.25,0.026023391812865393,TMPV,0.026023391812865393,1,L,348.57419999999996,349.075375,9,4.510575000000415,3.3297036552355497,1.1808713447648653,24.397244546499053
2026-08-14,349.25,332.6,330.7,334.0,-0.04767358625626339,TMPV,0.04767358625626339,-1,S,330.53465,334.167,10,-36.32349999999974,3.5204253857289993,-39.84392538572874,-99.78832778953839
2026-08-14,578.0,563.5,563.1,560.0,-0.025086505190311414,HINDZINC,0.025086505190311414,-1,S,562.8184500000001,560.28,5,12.692250000000627,2.9788761412485005,9.713373858752126,55.052388563310295
2026-08-17,248.27,244.65,246.45,247.9,-0.014580899826801441,BANKBARODA,0.014580899826801441,-1,S,246.326775,248.02394999999999,13,-22.063274999999834,3.40510193743005,-25.468376937429884,-58.835463582878056
2026-08-17,1360.8,1340.8,1331.3,1328.1,-0.014697236919459122,HCLTECH,0.014697236919459122,-1,S,1330.63435,1328.7640499999998,2,3.7406000000005406,2.820575818076799,0.9200241819237416,24.03665590024806
2026-08-18,1250.9,1228.3,1221.6,1218.8,-0.01806699176592863,LODHA,0.01806699176592863,-1,S,1220.9892,1219.4093999999998,2,3.1596000000004096,2.588273132167199,0.5713268678332106,22.920759659462718
2026-08-18,2703.5,2652.9,2633.8,2620.1,-0.018716478638801548,ASIANPAINT,0.018716478638801548,-1,S,2632.4831000000004,2621.41005,1,11.073050000000421,2.7869687848519,8.28608121514852,52.0160984129403
2026-08-18,673.0,659.15,671.3,669.4,-0.020579494799405684,DLF,0.020579494799405684,-1,S,670.96435,669.7347,4,4.918599999999969,2.8440350239411996,2.07456497605877,28.303292119766787
2026-08-19,891.55,869.4,865.15,861.5,-0.024844372160843453,CGPOWER,0.024844372160843453,-1,S,864.717425,861.93075,3,8.360025000000178,2.74746086846265,5.612564131537528,42.189215742934884
2026-08-19,1607.0,1558.7,1542.4,1540.0,-0.030056004978220252,ADANIENSOL,0.030056004978220252,-1,S,1541.6288000000002,1540.77,2,1.7176000000004024,3.2689249082576,-1.5513249082571976,15.56016597510479
2026-08-20,2854.3,2960.6,2967.0,2972.0,0.03724205584556617,MUTHOOTFIN,0.03724205584556617,1,L,2968.4835,2970.514,1,2.030500000000302,3.1492342434349996,-1.1187342434346976,16.85203909673083
2026-08-20,1104.9,1131.1,1126.1,1121.7,0.023712553172232642,SHRIRAMFIN,0.023712553172232642,1,L,1126.6630499999999,1121.1391500000002,2,-11.04779999999937,2.3824710805944003,-13.43027108059377,-39.07290649142969
2026-08-20,555.0,568.2,570.05,573.0,0.023783783783783763,HINDZINC,0.023783783783783763,1,L,570.335025,572.7135000000001,5,11.89237500000047,3.0316783973332497,8.86069660266722,51.74984650469394
2026-08-21,268.15,275.7,278.2,278.15,0.028155882901361284,VEDL,0.028155882901361284,1,L,278.3391,278.010925,11,-3.609924999999862,3.2445066401621494,-6.854431640162011,-1.797268152409215
2026-08-21,573.0,593.65,596.3,595.65,0.03603839441535772,HINDZINC,0.03603839441535772,1,L,596.5981499999999,595.352175,5,-6.229874999999652,3.15932997886725,-9.389204978866902,-10.900553412711567
2026-08-24,1119.0,1138.8,1123.3,1129.5,0.017694369973190405,INFY,0.017694369973190405,1,L,1123.8616499999998,1128.93525,2,10.147200000000339,2.3900991701987997,7.757100829801539,55.194516157750506
2026-08-24,3038.0,3143.0,3195.0,3199.8,0.034562211981566726,MUTHOOTFIN,0.034562211981566726,1,L,3196.5975,3198.2001000000005,1,1.6026000000006206,3.3908642382576004,-1.7882642382569798,15.023474178403884
2026-08-25,608.0,593.3,592.5,591.7,-0.02417763157894748,HINDZINC,0.02417763157894748,-1,S,592.20375,591.99585,5,1.0394999999999754,3.1395814305480005,-2.100081430548025,13.502109704640608
2026-08-25,1252.5,1268.7,1276.0,1281.0,0.012934131736527021,LODHA,0.012934131736527021,1,L,1276.638,1280.3595,2,7.443000000000211,2.71239184287,4.730608157130211,39.18495297805747
2026-08-26,1584.9,1626.7,1593.4,1583.7,0.026373903716322866,ADANIENSOL,0.026373903716322866,1,L,1594.1967,1582.9081500000002,2,-22.57709999999952,3.3666837113922,-25.943783711391717,-60.87611397012749
2026-08-26,591.7,617.25,627.45,630.0,0.04318066587797853,HINDZINC,0.04318066587797853,1,L,627.763725,629.6850000000001,5,9.606375000000185,3.33471673955925,6.271658260440935,40.64068850107461
2026-08-26,1863.0,1924.2,1884.5,1875.1,0.03285024154589378,CHOLAFIN,0.03285024154589378,1,L,1885.4422499999998,1874.16245,1,-11.279799999999796,1.9921993836621998,-13.271999383661996,-49.88060493499646
2026-08-27,365.5,352.0,351.75,351.5,-0.0369357045143639,TATAPOWER,0.0369357045143639,-1,S,351.57412500000004,351.67575,9,-0.914624999999603,3.35583170524575,-4.270456705245353,7.10732054015617
2026-08-27,868.5,892.9,895.3,892.3,0.02809441565918247,CGPOWER,0.02809441565918247,1,L,895.7476499999999,891.85385,3,-11.681399999999826,2.842213424816999,-14.523613424816824,-33.508321233106656
2026-08-27,364.5,356.85,354.7,355.1,-0.020987654320987592,PFC,0.020987654320987592,-1,S,354.52265,355.27755,9,-6.794100000000185,3.3864433366068,-10.180543336606984,-11.277135607556943
2026-08-28,1285.7,1322.8,1306.8,1315.9,0.02885587617640195,HCLTECH,0.02885587617640195,1,L,1307.4533999999999,1315.24205,2,15.577300000000378,2.7829561383434,12.794343861656978,69.63575145393364
2026-08-28,2254.3,2330.0,2335.0,2342.0,0.0335802688195892,TCS,0.0335802688195892,1,L,2336.1675,2340.829,1,4.66150000000016,2.480377911209,2.18112208879116,29.978586723768963
2026-08-31,621.0,595.75,599.35,598.0,-0.0406602254428341,HINDZINC,0.0406602254428341,-1,S,599.050325,598.299,5,3.7566250000003265,3.1747419447372502,0.5818830552630763,22.524401434887984
2026-08-31,3090.8,2995.0,3006.6,3001.5,-0.030995211595703398,MUTHOOTFIN,0.030995211595703398,-1,S,3005.0967,3003.0007499999997,1,2.0959500000003572,3.1858800330237,-1.0899300330233426,16.96268209938068
2026-09-01,1239.9,1188.5,1198.3,1201.4,-0.041454956044842395,LODHA,0.041454956044842395,-1,S,1197.70085,1202.0007,2,-8.599700000000212,2.5438223411006,-11.143522341100812,-25.869982475175135
2026-09-01,1470.0,1403.8,1378.6,1378.5,-0.045034013605442236,ADANIENSOL,0.045034013605442236,-1,S,1377.9107,1379.18925,2,-2.5570999999999913,2.923490875177399,-5.48059087517739,0.7253735673862227
2026-09-02,402.4,416.5,415.7,416.3,0.03503976143141152,COALINDIA,0.03503976143141152,1,L,415.90784999999994,416.09185,8,1.4720000000006621,3.5293449034576,-2.0573449034569378,14.433485686793368
2026-09-03,669.0,686.7,678.7,680.0,0.026457399103139156,DLF,0.026457399103139156,1,L,679.03935,679.6600000000001,4,2.482600000000275,2.8819439722124,-0.39934397221212503,19.154265507588253
2026-09-03,905.0,872.0,876.15,874.0,-0.03646408839779003,GODREJCP,0.03646408839779003,-1,S,875.7119250000001,874.4369999999999,3,3.8247750000005,2.78434411697115,1.0404308830293498,24.53917708154951
2026-09-04,2826.0,2870.2,2853.4,2859.2,0.01564048124557682,TRENT,0.01564048124557682,1,L,2854.8267,2857.7704,1,2.943699999999808,3.0292913169445996,-0.08559131694479172,20.326627882525372
2026-09-07,1128.5,1100.6,1087.3,1087.3,-0.024723083739477292,INFY,0.024723083739477292,-1,S,1086.75635,1087.8436499999998,3,-3.261899999999059,3.4587295698,-6.720629569799059,-0.0
2026-09-08,1212.7,1176.5,1226.0,1218.5,-0.029850746268656803,LODHA,0.029850746268656803,-1,S,1225.3870000000002,1219.10925,2,12.555500000000393,2.5936520423050005,9.961847957695392,61.174551386623534
2026-09-09,2953.1,3068.3,3100.0,3104.1,0.039009854051674564,ADANIENT,0.039009854051674564,1,L,3101.5499999999997,3102.54795,1,0.9979500000004009,3.289683814136699,-2.291733814136298,13.225806451613309
2026-09-09,1081.5,1051.0,1030.3,1032.8,-0.02820157189089223,INFY,0.02820157189089223,-1,S,1029.78485,1033.3164,3,-10.594649999999774,3.2805643586474997,-13.875214358647273,-24.264777249345393
2026-09-09,419.2,433.7,432.6,431.0,0.034589694656488534,COALINDIA,0.034589694656488534,1,L,432.8163,430.78450000000004,7,-14.22259999999983,3.2037606984656,-17.42636069846543,-36.985668053629574
2026-09-10,1503.0,1536.0,1519.3,1521.2,0.02195608782435121,TECHM,0.02195608782435121,1,L,1520.05965,1520.4394000000002,2,0.7595000000005712,3.2243868435706,-2.464886843570029,12.505759231224989
2026-09-10,124.05,126.69,124.33,124.18,0.021281741233373674,CANBK,0.021281741233373674,1,L,124.39216499999999,124.11791000000001,26,-7.130629999999542,3.4251447094007004,-10.555774709400243,-12.064666613045283
2026-09-10,234.52,238.63,237.03,236.9,0.01752515776906005,BANKBARODA,0.01752515776906005,1,L,237.14851499999997,236.78155,14,-5.137509999999509,3.51749547092566,-8.655005470925168,-5.484537822216806
2026-09-11,1157.2,1104.5,1108.5,1110.0,-0.04554096094020055,LODHA,0.04554096094020055,-1,S,1107.94575,1110.5549999999998,3,-7.8277499999992415,3.5280592835085,-11.355809283507742,-13.531799729364913
2026-09-11,657.6,633.05,643.9,643.0,-0.0373327250608273,DLF,0.0373327250608273,-1,S,643.57805,643.3215,5,1.2827499999997372,3.4118791064915,-2.129129106491763,13.977325671687968
2026-09-11,593.6,572.25,577.0,576.5,-0.035966981132075526,HINDZINC,0.035966981132075526,-1,S,576.7115,576.78825,5,-0.38374999999973625,3.0580355797174996,-3.441785579717236,8.665511265164572
2026-09-15,1214.0,1286.1,1260.1,1260.0,0.05939044481054356,HCLTECH,0.05939044481054356,1,L,1260.73005,1259.3700000000001,2,-2.7200999999995474,2.6721459272226,-5.392245927222147,-0.793587810490326
2026-09-15,1538.9,1621.5,1581.8,1577.5,0.05367470270972774,TECHM,0.05367470270972774,1,L,1582.5909,1576.71125,2,-11.759299999999712,3.3489947605718,-15.108294760571512,-27.184220508281733
2026-09-16,426.4,417.2,422.85,424.0,-0.02157598499061908,TMCV,0.02157598499061908,-1,S,422.63857500000006,424.212,7,-11.013974999999505,3.1419438136096507,-14.155918813609155,-27.196405344684926
2026-09-17,317.15,323.2,323.3,323.1,0.01907614693362758,ETERNAL,0.01907614693362758,1,L,323.46165,322.93845000000005,10,-5.2319999999997435,3.426805874226,-8.658805874225743,-6.186204763377612
2026-09-17,116.69,118.95,117.02,116.74,0.01936755506041643,PNB,0.01936755506041643,1,L,117.07851,116.68163,28,-11.112639999999885,3.4692573213659195,-14.581897321365805,-23.927533754913853
2026-09-18,1104.4,1141.4,1140.3,1130.1,0.033502354219485664,LODHA,0.033502354219485664,1,L,1140.87015,1129.53495,2,-22.670399999999972,2.4051618851052,-25.075561885105174,-89.45014469876389
2026-09-18,1374.1,1411.8,1428.4,1427.0,0.027436140018921584,ADANIENSOL,0.027436140018921584,1,L,1429.1142,1426.2865000000002,2,-5.655399999999645,3.0273932891164,-8.682793289116045,-9.801176141137624
2026-09-18,2194.5,2129.9,2112.0,2104.9,-0.029437229437229373,TCS,0.029437229437229373,-1,S,2110.944,2105.9524499999998,1,4.9915500000001884,2.2364572075976996,2.755092792402489,33.617424242423645
2026-09-21,351.95,346.05,344.85,344.6,-0.016763744850120665,TATACAP,0.016763744850120665,-1,S,344.67757500000005,344.77230000000003,9,-0.8525249999998437,3.28998446704575,-4.142509467045594,7.249528780629566
2026-09-21,737.05,749.0,746.0,746.0,0.016213282680958008,INDHOTEL,0.016213282680958008,1,L,746.3729999999999,745.6270000000001,4,-2.983999999999469,3.1640605280000003,-6.148060527999469,0.0
2026-09-21,165.09,162.06,163.22,163.09,-0.018353625295293496,MOTHERSON,0.018353625295293496,-1,S,163.13839000000002,163.17154499999998,20,-0.6630999999993037,3.4602872909061997,-4.123387290905503,7.964710207082337
2026-09-22,3211.0,3279.0,3263.7,3228.4,0.02117720336343809,ENRIN,0.02117720336343809,1,L,3265.3318499999996,3226.7858,1,-38.54604999999947,3.4380495075888993,-41.98409950758837,-108.15945092992551
2026-09-22,413.4,424.65,426.35,427.7,0.027213352685050873,COALINDIA,0.027213352685050873,1,L,426.563175,427.48615,7,6.460825000000057,3.170584792532149,3.2902402074679076,31.664125718304792
